1375.064,0.1191406,0.9599609,-0.1669922,-0.4375,0.71875,-1.34375,-0.2949219,0.4160156,0.8144531,0.84375,0.28125,-1.0625,-0.1728516,0.75,0.2285156,128.3438,37.65625,-47.8125,84.87881,179.6024,191.5509,219.5107,316.9044,113.2661
1375.083,0.1191406,0.9599609,-0.1669922,-0.4375,0.71875,-1.34375,-0.1416016,0.3886719,0.9140625,0.09375,0.90625,-0.625,-0.1728516,0.75,0.2285156,128.3438,37.65625,-47.8125,84.87881,179.6024,191.5509,219.5107,316.9044,113.2661
1375.107,0.1191406,0.9599609,-0.1669922,-0.4375,0.71875,-1.34375,-0.1416016,0.3886719,0.9140625,0.09375,0.90625,-0.625,-0.1728516,0.75,0.2285156,128.3438,37.65625,-47.8125,84.87881,179.6024,191.5509,219.5107,316.9044,113.2661
1375.141,0.1191406,0.9599609,-0.1669922,-0.4375,0.71875,-1.34375,-0.1416016,0.3886719,0.9140625,0.09375,0.90625,-0.625,-0.1728516,0.75,0.2285156,128.3438,37.65625,-47.8125,84.87881,179.6024,191.5509,219.5107,316.9044,113.2661
1375.174,0.1191406,0.9599609,-0.1669922,-0.4375,0.71875,-1.34375,-0.1416016,0.3886719,0.9140625,0.09375,0.90625,-0.625,-0.1728516,0.75,0.2285156,128.3438,37.65625,-47.8125,84.87881,179.6024,191.5509,219.5107,316.9044,113.2661
1375.207,0.1191406,0.9599609,-0.1669922,-0.4375,0.71875,-1.34375,-0.1416016,0.3886719,0.9140625,0.09375,0.90625,-0.625,-0.1728516,0.75,0.2285156,128.3438,37.65625,-47.8125,84.87881,179.6024,191.5509,219.5107,316.9044,113.2661
1375.24,0.1191406,0.9599609,-0.1669922,-0.4375,0.71875,-1.34375,-0.1826172,0.3730469,0.8730469,0.71875,0.09375,-0.5,-0.1728516,0.75,0.2285156,128.3438,37.65625,-47.8125,84.87881,179.6024,191.5509,219.5107,316.9044,113.2661
1375.274,0.1191406,0.9599609,-0.1669922,-0.4375,0.71875,-1.34375,-0.1826172,0.3730469,0.8730469,0.71875,0.09375,-0.5,-0.1728516,0.75,0.2285156,128.3438,37.65625,-47.8125,84.87881,179.6024,191.5509,219.5107,316.9044,113.2661
1375.307,0.1191406,0.9599609,-0.1669922,-0.4375,0.71875,-1.34375,-0.1826172,0.3730469,0.8730469,0.71875,0.09375,-0.5,-0.1728516,0.75,0.2285156,128.3438,37.65625,-47.8125,84.87881,179.6024,191.5509,219.5107,316.9044,113.2661
1375.34,0.1191406,0.9599609,-0.1669922,-0.4375,0.71875,-1.34375,-0.1826172,0.3730469,0.8730469,0.71875,0.09375,-0.5,-0.1728516,0.75,0.2285156,128.3438,37.65625,-47.8125,84.87881,179.6024,191.5509,219.5107,316.9044,113.2661
1375.373,0.1191406,0.9599609,-0.1669922,-0.4375,0.71875,-1.34375,-0.2451172,0.4111328,0.7910156,-0.4375,1.875,-0.3125,-0.1728516,0.75,0.2285156,128.3438,37.65625,-47.8125,84.87881,179.6024,191.5509,219.5107,316.9044,113.2661
1375.406,0.1191406,0.9599609,-0.1669922,-0.4375,0.71875,-1.34375,-0.2451172,0.4111328,0.7910156,-0.4375,1.875,-0.3125,-0.1728516,0.75,0.2285156,128.3438,37.65625,-47.8125,84.87881,179.6024,191.5509,219.5107,316.9044,113.2661
1375.44,0.1191406,0.9599609,-0.1669922,-0.4375,0.71875,-1.34375,-0.2451172,0.4111328,0.7910156,-0.4375,1.875,-0.3125,-0.1728516,0.75,0.2285156,128.3438,37.65625,-47.8125,84.87881,179.6024,191.5509,219.5107,316.9044,113.2661
1375.474,-0.03515625,0.9931641,-0.1269531,-5.75,4.9375,-2.46875,-0.2285156,0.4042969,0.7451172,0.34375,2.71875,0.84375,-0.1728516,0.75,0.2285156,128.3438,37.65625,-47.8125,84.87881,179.6024,191.5509,219.5107,316.9044,113.2661
1375.507,-0.03515625,0.9931641,-0.1269531,-5.75,4.9375,-2.46875,-0.2285156,0.4042969,0.7451172,0.34375,2.71875,0.84375,-0.1728516,0.75,0.2285156,128.3438,37.65625,-47.8125,84.87881,179.6024,191.5509,219.5107,316.9044,113.2661
1375.541,-0.03515625,0.9931641,-0.1269531,-5.75,4.9375,-2.46875,-0.2285156,0.4042969,0.7451172,0.34375,2.71875,0.84375,-0.1728516,0.75,0.2285156,128.3438,37.65625,-47.8125,84.87881,179.6024,191.5509,219.5107,316.9044,113.2661
1375.574,-0.03515625,0.9931641,-0.1269531,-5.75,4.9375,-2.46875,-0.2285156,0.4042969,0.7451172,0.34375,2.71875,0.84375,-0.1728516,0.75,0.2285156,128.3438,37.65625,-47.8125,84.87881,179.6024,191.5509,219.5107,316.9044,113.2661
1375.607,-0.03515625,0.9931641,-0.1269531,-5.75,4.9375,-2.46875,-0.2285156,0.4042969,0.7451172,0.34375,2.71875,0.84375,-0.1728516,0.75,0.2285156,128.3438,37.65625,-47.8125,84.87881,179.6024,191.5509,219.5107,316.9044,113.2661
1375.642,-0.03515625,0.9931641,-0.1269531,-5.75,4.9375,-2.46875,-0.2285156,0.4042969,0.7451172,0.34375,2.71875,0.84375,-0.1728516,0.75,0.2285156,128.3438,37.65625,-47.8125,84.87881,179.6024,191.5509,219.5107,316.9044,113.2661
1375.676,-0.02636719,0.9638672,-0.2314453,0,2.1875,-0.6875,-0.2285156,0.4042969,0.7451172,0.34375,2.71875,0.84375,-0.1728516,0.75,0.2285156,128.3438,37.65625,-47.8125,84.87881,179.6024,191.5509,219.5107,316.9044,113.2661
1375.707,-0.02636719,0.9638672,-0.2314453,0,2.1875,-0.6875,-0.2285156,0.4042969,0.7451172,0.34375,2.71875,0.84375,-0.1728516,0.75,0.2285156,128.3438,37.65625,-47.8125,84.87881,179.6024,191.5509,219.5107,316.9044,113.2661
1375.741,-0.02636719,0.9638672,-0.2314453,0,2.1875,-0.6875,-0.2402344,0.4599609,0.8994141,1.3125,-0.9375,-0.3125,-0.1728516,0.75,0.2285156,128.3438,37.65625,-47.8125,85.41305,182.1056,193.6298,219.5107,316.9044,113.2661
1375.774,-0.02636719,0.9638672,-0.2314453,0,2.1875,-0.6875,-0.2402344,0.4599609,0.8994141,1.3125,-0.9375,-0.3125,-0.1728516,0.75,0.2285156,128.3438,37.65625,-47.8125,85.41305,182.1056,193.6298,219.5107,316.9044,113.2661
1375.809,-0.02636719,0.9638672,-0.2314453,0,2.1875,-0.6875,-0.2822266,0.4326172,0.8945313,-0.625,-2.34375,-0.4375,-0.1728516,0.75,0.2285156,128.3438,37.65625,-47.8125,85.41305,182.1056,193.6298,219.5107,316.9044,113.2661
1375.84,-0.02636719,0.9638672,-0.2314453,0,2.1875,-0.6875,-0.2822266,0.4326172,0.8945313,-0.625,-2.34375,-0.4375,-0.1728516,0.75,0.2285156,128.3438,37.65625,-47.8125,85.41305,182.1056,193.6298,219.5107,316.9044,113.2661
1375.874,-0.02636719,0.9638672,-0.2314453,0,2.1875,-0.6875,-0.2822266,0.4326172,0.8945313,-0.625,-2.34375,-0.4375,-0.1728516,0.75,0.2285156,128.3438,37.65625,-47.8125,85.41305,182.1056,193.6298,219.5107,316.9044,113.2661
1375.907,0.1494141,1.044922,-0.1738281,-3.0625,0.15625,-0.125,-0.2646484,0.3623047,0.9042969,-0.4375,-1.40625,-1,-0.1728516,0.75,0.2285156,128.3438,37.65625,-47.8125,85.79642,182.4577,193.8592,219.5107,316.9044,113.2661
1375.943,0.1494141,1.044922,-0.1738281,-3.0625,0.15625,-0.125,-0.2646484,0.3623047,0.9042969,-0.4375,-1.40625,-1,-0.1728516,0.75,0.2285156,128.3438,37.65625,-47.8125,85.79642,182.4577,193.8592,219.5107,316.9044,113.2661
1375.974,0.1494141,1.044922,-0.1738281,-3.0625,0.15625,-0.125,-0.2646484,0.3623047,0.9042969,-0.4375,-1.40625,-1,-0.1728516,0.75,0.2285156,128.3438,37.65625,-47.8125,85.79642,182.4577,193.8592,219.5107,316.9044,113.2661
1376.006,0.1494141,1.044922,-0.1738281,-3.0625,0.15625,-0.125,-0.2646484,0.3623047,0.9042969,-0.4375,-1.40625,-1,-0.1728516,0.75,0.2285156,128.3438,37.65625,-47.8125,85.79642,182.4577,193.8592,219.5107,316.9044,113.2661
1376.041,0.1494141,1.044922,-0.1738281,-3.0625,0.15625,-0.125,-0.2646484,0.3623047,0.9042969,-0.4375,-1.40625,-1,-0.1728516,0.75,0.2285156,128.3438,37.65625,-47.8125,85.79642,182.4577,193.8592,219.5107,316.9044,113.2661
1376.074,0.1494141,1.044922,-0.1738281,-3.0625,0.15625,-0.125,-0.2646484,0.3623047,0.9042969,-0.4375,-1.40625,-1,-0.1728516,0.75,0.2285156,128.3438,37.65625,-47.8125,85.79642,182.4577,193.8592,219.5107,316.9044,113.2661
1376.107,0.1494141,1.044922,-0.1738281,-3.0625,0.15625,-0.125,-0.2646484,0.3623047,0.9042969,-0.4375,-1.40625,-1,-0.1728516,0.75,0.2285156,128.3438,37.65625,-47.8125,85.88364,182.9451,194.1755,219.5107,316.9044,113.2661
1376.141,0.05761719,0.875,-0.1738281,-1.40625,1.4375,-1.65625,-0.2646484,0.3623047,0.9042969,-0.4375,-1.40625,-1,-0.1728516,0.75,0.2285156,128.3438,37.65625,-47.8125,85.88364,182.9451,194.1755,219.5107,316.9044,113.2661
1376.173,0.05761719,0.875,-0.1738281,-1.40625,1.4375,-1.65625,-0.2646484,0.3623047,0.9042969,-0.4375,-1.40625,-1,-0.1728516,0.75,0.2285156,128.3438,37.65625,-47.8125,85.73505,183.1089,194.2007,219.5107,316.9044,113.2661
1376.206,0.05761719,0.875,-0.1738281,-1.40625,1.4375,-1.65625,-0.3173828,0.3554688,0.7988281,-0.9375,-1.65625,-0.0625,-0.1728516,0.75,0.2285156,128.3438,37.65625,-47.8125,85.73505,183.1089,194.2007,219.5107,316.9044,113.2661
1376.24,0.05761719,0.875,-0.1738281,-1.40625,1.4375,-1.65625,-0.3173828,0.3554688,0.7988281,-0.9375,-1.65625,-0.0625,-0.1728516,0.75,0.2285156,128.3438,37.65625,-47.8125,85.73505,183.1089,194.2007,219.5107,316.9044,113.2661
1376.273,0.05761719,0.875,-0.1738281,-1.40625,1.4375,-1.65625,-0.3173828,0.3554688,0.7988281,-0.9375,-1.65625,-0.0625,-0.1728516,0.75,0.2285156,128.3438,37.65625,-47.8125,85.73505,183.1089,194.2007,219.5107,316.9044,113.2661
1376.306,0.05761719,0.875,-0.1738281,-1.40625,1.4375,-1.65625,-0.3173828,0.3554688,0.7988281,-0.9375,-1.65625,-0.0625,-0.1728516,0.75,0.2285156,128.3438,37.65625,-47.8125,86.27876,183.55,194.7475,219.5107,316.9044,113.2661
1376.34,0.05761719,0.875,-0.1738281,-1.40625,1.4375,-1.65625,-0.2871094,0.4169922,0.9179688,0.71875,-0.875,-0.125,-0.1728516,0.75,0.2285156,128.3438,37.65625,-47.8125,86.27876,183.55,194.7475,219.5107,316.9044,113.2661
1376.373,0.05761719,0.875,-0.1738281,-1.40625,1.4375,-1.65625,-0.2734375,0.3925781,0.8642578,0,0.28125,-0.1875,-0.1728516,0.75,0.2285156,128.3438,37.65625,-47.8125,86.27876,183.55,194.7475,219.5107,316.9044,113.2661
1376.406,0.05761719,0.875,-0.1738281,-1.40625,1.4375,-1.65625,-0.2734375,0.3925781,0.8642578,0,0.28125,-0.1875,-0.1728516,0.75,0.2285156,128.3438,37.65625,-47.8125,86.27876,183.55,194.7475,219.5107,316.9044,113.2661
1376.44,0.1943359,1.007813,-0.05957031,-1.53125,0.65625,-1.34375,-0.2734375,0.3925781,0.8642578,0,0.28125,-0.1875,-0.1728516,0.75,0.2285156,128.3438,37.65625,-47.8125,86.27876,183.55,194.7475,219.5107,316.9044,113.2661
1376.473,0.1943359,1.007813,-0.05957031,-1.53125,0.65625,-1.34375,-0.2734375,0.3925781,0.8642578,0,0.28125,-0.1875,-0.1728516,0.75,0.2285156,128.3438,37.65625,-47.8125,86.27876,183.55,194.7475,219.5107,316.9044,113.2661
1376.506,0.06054688,0.8369141,-0.06542969,-0.9375,0.96875,-1.59375,-0.2734375,0.3925781,0.8642578,0,0.28125,-0.1875,-0.1728516,0.75,0.2285156,128.3438,37.65625,-47.8125,86.27876,183.55,194.7475,219.5107,316.9044,113.2661
1376.54,0.06054688,0.8369141,-0.06542969,-0.9375,0.96875,-1.59375,-0.2734375,0.3925781,0.8642578,0,0.28125,-0.1875,-0.1728516,0.75,0.2285156,128.3438,37.65625,-47.8125,86.27876,183.55,194.7475,219.5107,316.9044,113.2661
1376.573,0.06054688,0.8369141,-0.06542969,-0.9375,0.96875,-1.59375,-0.2734375,0.3925781,0.8642578,0,0.28125,-0.1875,-0.1728516,0.75,0.2285156,128.3438,37.65625,-47.8125,86.54694,183.4303,194.814,219.5107,316.9044,113.2661
1376.606,0.06054688,0.8369141,-0.06542969,-0.9375,0.96875,-1.59375,-0.2734375,0.3925781,0.8642578,0,0.28125,-0.1875,-0.1728516,0.75,0.2285156,128.3438,37.65625,-47.8125,86.54694,183.4303,194.814,219.5107,316.9044,113.2661
1376.64,0.06054688,0.8369141,-0.06542969,-0.9375,0.96875,-1.59375,-0.3730469,0.3701172,0.9287109,0.15625,0.09375,-0.6875,-0.1728516,0.75,0.2285156,128.3438,37.65625,-47.8125,86.36228,183.3856,194.662,219.5107,316.9044,113.2661
1376.673,0.09472656,0.8925781,-0.06542969,-0.375,-0.375,0.40625,-0.3730469,0.3701172,0.9287109,0.15625,0.09375,-0.6875,-0.1728516,0.75,0.2285156,128.3438,37.65625,-47.8125,86.36228,183.3856,194.662,219.5107,316.9044,113.2661
1376.706,0.2207031,0.9316406,-0.1591797,0,1.75,-0.25,-0.2958984,0.3662109,0.8974609,4.125,4.375,8.03125,-0.1728516,0.75,0.2285156,128.3438,37.65625,-47.8125,86.36228,183.3856,194.662,219.5107,316.9044,113.2661
1376.74,0.2207031,0.9316406,-0.1591797,0,1.75,-0.25,-0.2958984,0.3662109,0.8974609,4.125,4.375,8.03125,-0.1728516,0.75,0.2285156,128.3438,37.65625,-47.8125,86.36228,183.3856,194.662,219.5107,316.9044,113.2661
1376.773,0.2207031,0.9316406,-0.1591797,0,1.75,-0.25,-0.2958984,0.3662109,0.8974609,4.125,4.375,8.03125,-0.1728516,0.75,0.2285156,128.3438,37.65625,-47.8125,86.36228,183.3856,194.662,219.5107,316.9044,113.2661
1376.806,0.2207031,0.9316406,-0.1591797,0,1.75,-0.25,-0.2958984,0.3662109,0.8974609,4.125,4.375,8.03125,-0.1728516,0.75,0.2285156,128.3438,37.65625,-47.8125,86.64372,184.9592,195.718,219.5107,316.9044,113.2661
1376.84,0.2207031,0.9316406,-0.1591797,0,1.75,-0.25,-0.2265625,0.3623047,0.9169922,1.5,3.65625,-5.3125,-0.1728516,0.75,0.2285156,128.3438,37.65625,-47.8125,86.64372,184.9592,195.718,219.5107,316.9044,113.2661
1376.873,0.2207031,0.9316406,-0.1591797,0,1.75,-0.25,-0.2265625,0.3623047,0.9169922,1.5,3.65625,-5.3125,-0.1728516,0.75,0.2285156,128.3438,37.65625,-47.8125,86.64372,184.9592,195.718,219.5107,316.9044,113.2661
1376.906,0.2207031,0.9316406,-0.1591797,0,1.75,-0.25,-0.3076172,0.3349609,0.8457031,0.84375,10.40625,9.4375,-0.1728516,0.75,0.2285156,128.3438,37.65625,-47.8125,86.64372,184.9592,195.718,219.5107,316.9044,113.2661
1376.94,0.2207031,0.9316406,-0.1591797,0,1.75,-0.25,-0.3076172,0.3349609,0.8457031,0.84375,10.40625,9.4375,-0.1728516,0.75,0.2285156,128.3438,37.65625,-47.8125,86.64372,184.9592,195.718,219.5107,316.9044,113.2661
1376.974,0.2207031,0.9316406,-0.1591797,0,1.75,-0.25,-0.3076172,0.3349609,0.8457031,0.84375,10.40625,9.4375,-0.1728516,0.75,0.2285156,128.3438,37.65625,-47.8125,86.64372,184.9592,195.718,219.5107,316.9044,113.2661
1377.006,0.07128906,1.005859,-0.1972656,-0.625,2.25,4.125,-0.3076172,0.3349609,0.8457031,0.84375,10.40625,9.4375,-0.1728516,0.75,0.2285156,128.3438,37.65625,-47.8125,86.64372,184.9592,195.718,219.5107,316.9044,113.2661
1377.04,0.07128906,1.005859,-0.1972656,-0.625,2.25,4.125,-0.3076172,0.3349609,0.8457031,0.84375,10.40625,9.4375,-0.1728516,0.75,0.2285156,128.3438,37.65625,-47.8125,86.64372,184.9592,195.718,219.5107,316.9044,113.2661
1377.073,0.07128906,1.005859,-0.1972656,-0.625,2.25,4.125,-0.3076172,0.3349609,0.8457031,0.84375,10.40625,9.4375,-0.1728516,0.75,0.2285156,128.3438,37.65625,-47.8125,86.64372,184.9592,195.718,219.5107,316.9044,113.2661
1377.106,0.07128906,1.005859,-0.1972656,-0.625,2.25,4.125,-0.3076172,0.3349609,0.8457031,0.84375,10.40625,9.4375,-0.1728516,0.75,0.2285156,128.3438,37.65625,-47.8125,86.64372,184.9592,195.718,219.5107,316.9044,113.2661
1377.14,0.08300781,0.8095703,-0.03515625,-0.625,0.03125,-2.59375,-0.3076172,0.3349609,0.8457031,0.84375,10.40625,9.4375,-0.1728516,0.75,0.2285156,128.3438,37.65625,-47.8125,85.71069,185.6498,197.0735,219.5107,316.9044,113.2661
1377.173,0.08300781,0.8095703,-0.03515625,-0.625,0.03125,-2.59375,-0.2128906,0.4462891,0.8242188,-0.625,-2.9375,-0.3125,-0.1728516,0.75,0.2285156,128.3438,37.65625,-47.8125,85.71069,185.6498,197.0735,219.5107,316.9044,113.2661
1377.206,0.08300781,0.8095703,-0.03515625,-0.625,0.03125,-2.59375,-0.2128906,0.4462891,0.8242188,-0.625,-2.9375,-0.3125,-0.1728516,0.75,0.2285156,128.3438,37.65625,-47.8125,85.71069,185.6498,197.0735,219.5107,316.9044,113.2661
1377.24,0.08300781,0.8095703,-0.03515625,-0.625,0.03125,-2.59375,-0.2128906,0.4462891,0.8242188,-0.625,-2.9375,-0.3125,-0.1728516,0.75,0.2285156,128.3438,37.65625,-47.8125,85.71069,185.6498,197.0735,219.5107,316.9044,113.2661
1377.273,0.08300781,0.8095703,-0.03515625,-0.625,0.03125,-2.59375,-0.2128906,0.4462891,0.8242188,-0.625,-2.9375,-0.3125,-0.1728516,0.75,0.2285156,128.3438,37.65625,-47.8125,85.71069,185.6498,197.0735,219.5107,316.9044,113.2661
1377.306,0.08300781,0.8095703,-0.03515625,-0.625,0.03125,-2.59375,-0.2128906,0.4462891,0.8242188,-0.625,-2.9375,-0.3125,-0.1728516,0.75,0.2285156,128.3438,37.65625,-47.8125,85.71069,185.6498,197.0735,219.5107,316.9044,113.2661
1377.34,0.08300781,0.8095703,-0.03515625,-0.625,0.03125,-2.59375,-0.2128906,0.4462891,0.8242188,-0.625,-2.9375,-0.3125,-0.1728516,0.75,0.2285156,128.3438,37.65625,-47.8125,85.71069,185.6498,197.0735,219.5107,316.9044,113.2661
1377.373,0.1904297,0.9472656,-0.1386719,-15.21875,0.15625,1.6875,-0.2236328,0.3808594,0.9521484,-0.875,-0.125,-1.0625,-0.1728516,0.75,0.2285156,128.3438,37.65625,-47.8125,85.71069,185.6498,197.0735,219.5107,316.9044,113.2661
1377.406,0.1904297,0.9472656,-0.1386719,-15.21875,0.15625,1.6875,-0.2236328,0.3808594,0.9521484,-0.875,-0.125,-1.0625,-0.1728516,0.75,0.2285156,128.3438,37.65625,-47.8125,85.71069,185.6498,197.0735,219.5107,316.9044,113.2661
1377.439,0.1904297,0.9472656,-0.1386719,-15.21875,0.15625,1.6875,-0.2236328,0.3808594,0.9521484,-0.875,-0.125,-1.0625,-0.1728516,0.75,0.2285156,128.3438,37.65625,-47.8125,85.71069,185.6498,197.0735,219.5107,316.9044,113.2661
1377.472,0.1904297,0.9472656,-0.1386719,-15.21875,0.15625,1.6875,-0.2236328,0.3808594,0.9521484,-0.875,-0.125,-1.0625,-0.1728516,0.75,0.2285156,128.3438,37.65625,-47.8125,85.71069,185.6498,197.0735,219.5107,316.9044,113.2661
1377.505,0.1904297,0.9472656,-0.1386719,-15.21875,0.15625,1.6875,-0.2236328,0.3808594,0.9521484,-0.875,-0.125,-1.0625,-0.1728516,0.75,0.2285156,128.3438,37.65625,-47.8125,85.71069,185.6498,197.0735,219.5107,316.9044,113.2661
1377.539,0.1943359,0.8935547,-0.1083984,-5.5625,0.59375,0.71875,-0.2236328,0.3808594,0.9521484,-0.875,-0.125,-1.0625,-0.1728516,0.75,0.2285156,128.3438,37.65625,-47.8125,85.71069,185.6498,197.0735,219.5107,316.9044,113.2661
1377.572,0.1943359,0.8935547,-0.1083984,-5.5625,0.59375,0.71875,-0.2236328,0.3808594,0.9521484,-0.875,-0.125,-1.0625,-0.1728516,0.75,0.2285156,128.3438,37.65625,-47.8125,85.71069,185.6498,197.0735,219.5107,316.9044,113.2661
1377.605,0.1943359,0.8935547,-0.1083984,-5.5625,0.59375,0.71875,-0.3144531,0.4394531,0.8642578,0.21875,-2.03125,-0.75,-0.1728516,0.75,0.2285156,128.3438,37.65625,-47.8125,86.06116,187.0699,197.6466,219.5107,316.9044,113.2661
1377.639,0.09960938,0.8710938,-0.0390625,-4.09375,0.03125,-0.375,-0.2255859,0.3476563,0.8457031,-0.4375,-2.28125,-0.8125,-0.1728516,0.75,0.2285156,128.3438,37.65625,-47.8125,86.06116,187.0699,197.6466,219.5107,316.9044,113.2661
1377.673,0.09960938,0.8710938,-0.0390625,-4.09375,0.03125,-0.375,-0.2255859,0.3476563,0.8457031,-0.4375,-2.28125,-0.8125,-0.1728516,0.75,0.2285156,128.3438,37.65625,-47.8125,86.06116,187.0699,197.6466,219.5107,316.9044,113.2661
1377.705,0.09960938,0.8710938,-0.0390625,-4.09375,0.03125,-0.375,-0.2255859,0.3476563,0.8457031,-0.4375,-2.28125,-0.8125,-0.1728516,0.75,0.2285156,128.3438,37.65625,-47.8125,86.06116,187.0699,197.6466,219.5107,316.9044,113.2661
1377.739,0.09960938,0.8710938,-0.0390625,-4.09375,0.03125,-0.375,-0.2255859,0.3476563,0.8457031,-0.4375,-2.28125,-0.8125,-0.1728516,0.75,0.2285156,128.3438,37.65625,-47.8125,86.06116,187.0699,197.6466,219.5107,316.9044,113.2661
1377.772,0.09960938,0.8710938,-0.0390625,-4.09375,0.03125,-0.375,-0.2158203,0.2871094,0.828125,-0.25,-3.8125,-0.0625,-0.1728516,0.75,0.2285156,128.3438,37.65625,-47.8125,86.06116,187.0699,197.6466,219.5107,316.9044,113.2661
1377.805,0.09960938,0.8710938,-0.0390625,-4.09375,0.03125,-0.375,-0.2158203,0.2871094,0.828125,-0.25,-3.8125,-0.0625,-0.1728516,0.75,0.2285156,128.3438,37.65625,-47.8125,86.06116,187.0699,197.6466,219.5107,316.9044,113.2661
1377.839,0.09960938,0.8710938,-0.0390625,-4.09375,0.03125,-0.375,-0.2158203,0.2871094,0.828125,-0.25,-3.8125,-0.0625,-0.1728516,0.75,0.2285156,128.3438,37.65625,-47.8125,86.06116,187.0699,197.6466,219.5107,316.9044,113.2661
1377.872,0.09960938,0.8710938,-0.0390625,-4.09375,0.03125,-0.375,-0.2519531,0.4570313,0.8310547,-0.25,-0.0625,-0.9375,-0.1728516,0.75,0.2285156,128.3438,37.65625,-47.8125,86.06116,187.0699,197.6466,219.5107,316.9044,113.2661
1377.905,0.1611328,0.84375,-0.03222656,-0.5625,1.15625,-0.75,-0.2519531,0.4570313,0.8310547,-0.25,-0.0625,-0.9375,-0.1728516,0.75,0.2285156,128.3438,37.65625,-47.8125,86.06116,187.0699,197.6466,219.5107,316.9044,113.2661
1377.938,0.1611328,0.84375,-0.03222656,-0.5625,1.15625,-0.75,-0.2519531,0.4570313,0.8310547,-0.25,-0.0625,-0.9375,-0.1728516,0.75,0.2285156,128.3438,37.65625,-47.8125,86.06116,187.0699,197.6466,219.5107,316.9044,113.2661
1377.972,0.1611328,0.84375,-0.03222656,-0.5625,1.15625,-0.75,-0.2519531,0.4570313,0.8310547,-0.25,-0.0625,-0.9375,-0.1728516,0.75,0.2285156,128.3438,37.65625,-47.8125,86.06116,187.0699,197.6466,219.5107,316.9044,113.2661
1378.005,0.1611328,0.84375,-0.03222656,-0.5625,1.15625,-0.75,-0.2519531,0.4570313,0.8310547,-0.25,-0.0625,-0.9375,-0.1728516,0.75,0.2285156,128.3438,37.65625,-47.8125,86.06116,187.0699,197.6466,219.5107,316.9044,113.2661
1378.039,0.1611328,0.84375,-0.03222656,-0.5625,1.15625,-0.75,-0.2519531,0.4570313,0.8310547,-0.25,-0.0625,-0.9375,-0.1728516,0.75,0.2285156,128.3438,37.65625,-47.8125,86.06116,187.0699,197.6466,219.5107,316.9044,113.2661
1378.072,0.1611328,0.84375,-0.03222656,-0.5625,1.15625,-0.75,-0.3066406,0.3857422,0.9052734,0.46875,0.90625,0.03125,-0.1728516,0.75,0.2285156,128.3438,37.65625,-47.8125,86.06116,187.0699,197.6466,219.5107,316.9044,113.2661
1378.105,0.1611328,0.84375,-0.03222656,-0.5625,1.15625,-0.75,-0.3066406,0.3857422,0.9052734,0.46875,0.90625,0.03125,-0.1728516,0.75,0.2285156,128.3438,37.65625,-47.8125,86.06116,187.0699,197.6466,219.5107,316.9044,113.2661
1378.139,0.1611328,0.84375,-0.03222656,-0.5625,1.15625,-0.75,-0.3066406,0.3857422,0.9052734,0.46875,0.90625,0.03125,-0.1728516,0.75,0.2285156,128.3438,37.65625,-47.8125,86.06116,187.0699,197.6466,219.5107,316.9044,113.2661
1378.174,-0.01757813,1.001953,-0.05078125,4.1875,0.46875,-0.125,-0.1611328,0.4785156,0.8935547,-1.0625,0.84375,0.34375,-0.1728516,0.75,0.2285156,128.3438,37.65625,-47.8125,86.06116,187.0699,197.6466,219.5107,316.9044,113.2661
1378.204,-0.01757813,1.001953,-0.05078125,4.1875,0.46875,-0.125,-0.1611328,0.4785156,0.8935547,-1.0625,0.84375,0.34375,-0.1728516,0.75,0.2285156,128.3438,37.65625,-47.8125,86.06116,187.0699,197.6466,219.5107,316.9044,113.2661
1378.238,-0.01757813,1.001953,-0.05078125,4.1875,0.46875,-0.125,-0.1611328,0.4785156,0.8935547,-1.0625,0.84375,0.34375,-0.1728516,0.75,0.2285156,128.3438,37.65625,-47.8125,86.06116,187.0699,197.6466,219.5107,316.9044,113.2661
1378.272,-0.01757813,1.001953,-0.05078125,4.1875,0.46875,-0.125,-0.1611328,0.4785156,0.8935547,-1.0625,0.84375,0.34375,-0.1728516,0.75,0.2285156,128.3438,37.65625,-47.8125,86.06116,187.0699,197.6466,219.5107,316.9044,113.2661
1378.305,-0.01757813,1.001953,-0.05078125,4.1875,0.46875,-0.125,-0.1611328,0.4785156,0.8935547,-1.0625,0.84375,0.34375,-0.1728516,0.75,0.2285156,128.3438,37.65625,-47.8125,86.06116,187.0699,197.6466,219.5107,316.9044,113.2661
1378.338,-0.01757813,1.001953,-0.05078125,4.1875,0.46875,-0.125,-0.1611328,0.4785156,0.8935547,-1.0625,0.84375,0.34375,-0.1728516,0.75,0.2285156,128.3438,37.65625,-47.8125,86.06116,187.0699,197.6466,219.5107,316.9044,113.2661
1378.371,-0.01757813,1.001953,-0.05078125,4.1875,0.46875,-0.125,-0.2324219,0.3574219,0.9521484,-4.84375,-4.15625,-1.84375,-0.1728516,0.75,0.2285156,128.3438,37.65625,-47.8125,86.06116,187.0699,197.6466,219.5107,316.9044,113.2661
1378.404,0.04492188,0.8681641,-0.1318359,31.125,4.75,5.34375,-0.2324219,0.3574219,0.9521484,-4.84375,-4.15625,-1.84375,-0.1728516,0.75,0.2285156,128.3438,37.65625,-47.8125,86.06116,187.0699,197.6466,219.5107,316.9044,113.2661
1378.438,0.04492188,0.8681641,-0.1318359,31.125,4.75,5.34375,-0.2324219,0.3574219,0.9521484,-4.84375,-4.15625,-1.84375,-0.1728516,0.75,0.2285156,128.3438,37.65625,-47.8125,86.06116,187.0699,197.6466,219.5107,316.9044,113.2661
1378.472,0.04492188,0.8681641,-0.1318359,31.125,4.75,5.34375,-0.2324219,0.3574219,0.9521484,-4.84375,-4.15625,-1.84375,-0.1728516,0.75,0.2285156,128.3438,37.65625,-47.8125,86.06116,187.0699,197.6466,219.5107,316.9044,113.2661
1378.504,0.04492188,0.8681641,-0.1318359,31.125,4.75,5.34375,-0.2324219,0.3574219,0.9521484,-4.84375,-4.15625,-1.84375,-0.1728516,0.75,0.2285156,128.3438,37.65625,-47.8125,86.06116,187.0699,197.6466,219.5107,316.9044,113.2661
1378.538,0.04492188,0.8681641,-0.1318359,31.125,4.75,5.34375,-0.2324219,0.3574219,0.9521484,-4.84375,-4.15625,-1.84375,-0.1728516,0.75,0.2285156,128.3438,37.65625,-47.8125,86.06116,187.0699,197.6466,219.5107,316.9044,113.2661
1378.571,0.04492188,0.8681641,-0.1318359,31.125,4.75,5.34375,-0.2324219,0.3574219,0.9521484,-4.84375,-4.15625,-1.84375,-0.1728516,0.75,0.2285156,128.3438,37.65625,-47.8125,86.06116,187.0699,197.6466,219.5107,316.9044,113.2661
1378.619,0.04492188,0.8681641,-0.1318359,31.125,4.75,5.34375,0.04492188,0.7607422,0.9296875,84.09375,21.46875,-4.28125,-0.1728516,0.75,0.2285156,128.3438,37.65625,-47.8125,86.06116,187.0699,197.6466,219.5107,316.9044,113.2661
1378.638,0.04492188,0.8681641,-0.1318359,31.125,4.75,5.34375,0.04492188,0.7607422,0.9296875,84.09375,21.46875,-4.28125,-0.1728516,0.75,0.2285156,128.3438,37.65625,-47.8125,86.06116,187.0699,197.6466,219.5107,316.9044,113.2661
1378.671,0.04492188,0.8681641,-0.1318359,31.125,4.75,5.34375,0.04492188,0.7607422,0.9296875,84.09375,21.46875,-4.28125,-0.1728516,0.75,0.2285156,128.3438,37.65625,-47.8125,86.06116,187.0699,197.6466,219.5107,316.9044,113.2661
1378.704,0.04492188,0.8681641,-0.1318359,31.125,4.75,5.34375,0.04492188,0.7607422,0.9296875,84.09375,21.46875,-4.28125,-0.1728516,0.75,0.2285156,128.3438,37.65625,-47.8125,86.06116,187.0699,197.6466,219.5107,316.9044,113.2661
1378.738,0.1123047,1.079102,-0.7763672,-6.53125,-0.75,1.625,0.04492188,0.7607422,0.9296875,84.09375,21.46875,-4.28125,-0.1728516,0.75,0.2285156,128.3438,37.65625,-47.8125,86.06116,187.0699,197.6466,219.5107,316.9044,113.2661
1378.771,0.1123047,1.079102,-0.7763672,-6.53125,-0.75,1.625,-0.6689453,0.6132813,0.8134766,84.15625,-4.59375,38.5,-0.1728516,0.75,0.2285156,128.3438,37.65625,-47.8125,86.06116,187.0699,197.6466,219.5107,316.9044,113.2661
1378.804,0.1123047,1.079102,-0.7763672,-6.53125,-0.75,1.625,-0.6689453,0.6132813,0.8134766,84.15625,-4.59375,38.5,-0.1728516,0.75,0.2285156,128.3438,37.65625,-47.8125,86.06116,187.0699,197.6466,219.5107,316.9044,113.2661
1378.838,0.1123047,1.079102,-0.7763672,-6.53125,-0.75,1.625,0.1386719,0.6425781,0.6103516,106.125,-6.96875,26.03125,-0.1728516,0.75,0.2285156,128.3438,37.65625,-47.8125,83.99784,159.3626,177.0118,219.5107,316.9044,113.2661
1378.871,0.1123047,1.079102,-0.7763672,-6.53125,-0.75,1.625,0.1386719,0.6425781,0.6103516,106.125,-6.96875,26.03125,-0.1728516,0.75,0.2285156,128.3438,37.65625,-47.8125,83.99784,159.3626,177.0118,219.5107,316.9044,113.2661
1378.904,0.1123047,1.079102,-0.7763672,-6.53125,-0.75,1.625,0.1386719,0.6425781,0.6103516,106.125,-6.96875,26.03125,-0.1728516,0.75,0.2285156,128.3438,37.65625,-47.8125,83.99784,159.3626,177.0118,219.5107,316.9044,113.2661
1378.938,-0.03808594,1.169922,-0.3544922,-78.25,9.6875,-11.375,0.1386719,0.6425781,0.6103516,106.125,-6.96875,26.03125,-0.1728516,0.75,0.2285156,128.3438,37.65625,-47.8125,83.99784,159.3626,177.0118,219.5107,316.9044,113.2661
1378.971,-0.03808594,1.169922,-0.3544922,-78.25,9.6875,-11.375,-0.3310547,0.7763672,0.3085938,126.1563,-1.40625,7.8125,-0.1728516,0.75,0.2285156,128.3438,37.65625,-47.8125,83.99784,159.3626,177.0118,219.5107,316.9044,113.2661
1379.004,-0.03808594,1.169922,-0.3544922,-78.25,9.6875,-11.375,-0.3310547,0.7763672,0.3085938,126.1563,-1.40625,7.8125,-0.1728516,0.75,0.2285156,128.3438,37.65625,-47.8125,83.99784,159.3626,177.0118,219.5107,316.9044,113.2661
1379.037,-0.03808594,1.169922,-0.3544922,-78.25,9.6875,-11.375,-0.3310547,0.7763672,0.3085938,126.1563,-1.40625,7.8125,-0.1728516,0.75,0.2285156,128.3438,37.65625,-47.8125,83.99784,159.3626,177.0118,219.5107,316.9044,113.2661
1379.071,-0.046875,0.5419922,-0.3662109,-77.96875,6.5,-14.96875,-0.3310547,0.7763672,0.3085938,126.1563,-1.40625,7.8125,-0.1728516,0.75,0.2285156,128.3438,37.65625,-47.8125,83.99784,159.3626,177.0118,219.5107,316.9044,113.2661
1379.104,-0.046875,0.5419922,-0.3662109,-77.96875,6.5,-14.96875,-0.3310547,0.7763672,0.3085938,126.1563,-1.40625,7.8125,-0.1728516,0.75,0.2285156,128.3438,37.65625,-47.8125,94.69838,130.3277,157.5235,219.5107,316.9044,113.2661
1379.137,-0.046875,0.5419922,-0.3662109,-77.96875,6.5,-14.96875,-0.1376953,1.103516,0.2890625,14.6875,24.71875,3.78125,-0.1728516,0.75,0.2285156,128.3438,37.65625,-47.8125,94.69838,130.3277,157.5235,219.5107,316.9044,113.2661
1379.17,-0.046875,0.5419922,-0.3662109,-77.96875,6.5,-14.96875,-0.1376953,1.103516,0.2890625,14.6875,24.71875,3.78125,-0.1728516,0.75,0.2285156,128.3438,37.65625,-47.8125,94.69838,130.3277,157.5235,219.5107,316.9044,113.2661
1379.204,-0.046875,0.5419922,-0.3662109,-77.96875,6.5,-14.96875,-0.1376953,1.103516,0.2890625,14.6875,24.71875,3.78125,-0.1728516,0.75,0.2285156,128.3438,37.65625,-47.8125,94.69838,130.3277,157.5235,219.5107,316.9044,113.2661
1379.238,-0.01171875,0.5878906,-0.5351563,40.5625,-4.28125,3.28125,-0.1376953,1.103516,0.2890625,14.6875,24.71875,3.78125,-0.1728516,0.75,0.2285156,128.3438,37.65625,-47.8125,94.69838,130.3277,157.5235,219.5107,316.9044,113.2661
1379.271,-0.01171875,0.5878906,-0.5351563,40.5625,-4.28125,3.28125,-0.1289063,0.9892578,-0.08789063,-71.90625,6.40625,1.625,-0.1728516,0.75,0.2285156,128.3438,37.65625,-47.8125,94.69838,130.3277,157.5235,219.5107,316.9044,113.2661
1379.304,-0.01171875,0.5878906,-0.5351563,40.5625,-4.28125,3.28125,-0.1289063,0.9892578,-0.08789063,-71.90625,6.40625,1.625,-0.1728516,0.75,0.2285156,128.3438,37.65625,-47.8125,94.69838,130.3277,157.5235,219.5107,316.9044,113.2661
1379.337,0.03808594,0.6679688,-0.625,68.71875,15.3125,13.40625,0.0078125,1.03125,0.140625,-72.9375,5.96875,17.8125,-0.1728516,0.75,0.2285156,128.3438,37.65625,-47.8125,94.69838,130.3277,157.5235,219.5107,316.9044,113.2661
1379.371,0.03808594,0.6679688,-0.625,68.71875,15.3125,13.40625,0.0078125,1.03125,0.140625,-72.9375,5.96875,17.8125,-0.1728516,0.75,0.2285156,128.3438,37.65625,-47.8125,94.69838,130.3277,157.5235,219.5107,316.9044,113.2661
1379.403,0.03808594,0.6679688,-0.625,68.71875,15.3125,13.40625,0.0078125,1.03125,0.140625,-72.9375,5.96875,17.8125,-0.1728516,0.75,0.2285156,128.3438,37.65625,-47.8125,94.69838,130.3277,157.5235,219.5107,316.9044,113.2661
1379.437,0.03808594,0.6679688,-0.625,68.71875,15.3125,13.40625,-0.08398438,1.029297,0.5830078,-83.5625,12.375,-6.84375,-0.1728516,0.75,0.2285156,128.3438,37.65625,-47.8125,94.69838,130.3277,157.5235,219.5107,316.9044,113.2661
1379.471,0.03808594,0.6679688,-0.625,68.71875,15.3125,13.40625,-0.08398438,1.029297,0.5830078,-83.5625,12.375,-6.84375,-0.1728516,0.75,0.2285156,128.3438,37.65625,-47.8125,94.69838,130.3277,157.5235,219.5107,316.9044,113.2661
1379.504,0.03808594,0.6679688,-0.625,68.71875,15.3125,13.40625,-0.08398438,1.029297,0.5830078,-83.5625,12.375,-6.84375,-0.1728516,0.75,0.2285156,128.3438,37.65625,-47.8125,94.69838,130.3277,157.5235,219.5107,316.9044,113.2661
1379.537,0.07910156,0.859375,-0.4228516,-10.4375,-0.1875,-19,-0.08398438,1.029297,0.5830078,-83.5625,12.375,-6.84375,-0.1728516,0.75,0.2285156,128.3438,37.65625,-47.8125,94.69838,130.3277,157.5235,219.5107,316.9044,113.2661
1379.57,0.07910156,0.859375,-0.4228516,-10.4375,-0.1875,-19,-0.08398438,1.029297,0.5830078,-83.5625,12.375,-6.84375,-0.1728516,0.75,0.2285156,128.3438,37.65625,-47.8125,83.34563,145.0593,171.4184,219.5107,316.9044,113.2661
1379.604,0.07910156,0.859375,-0.4228516,-10.4375,-0.1875,-19,-0.08398438,1.029297,0.5830078,-83.5625,12.375,-6.84375,-0.1728516,0.75,0.2285156,128.3438,37.65625,-47.8125,83.34563,145.0593,171.4184,219.5107,316.9044,113.2661
1379.637,0.07910156,0.859375,-0.4228516,-10.4375,-0.1875,-19,-0.08398438,1.029297,0.5830078,-83.5625,12.375,-6.84375,-0.1728516,0.75,0.2285156,128.3438,37.65625,-47.8125,83.34563,145.0593,171.4184,219.5107,316.9044,113.2661
1379.67,0.09375,1.206055,-0.9443359,133.7813,-0.875,26.09375,-0.08398438,1.029297,0.5830078,-83.5625,12.375,-6.84375,-0.1728516,0.75,0.2285156,128.3438,37.65625,-47.8125,79.96597,150.2394,173.2792,219.5107,316.9044,113.2661
1379.703,0.09375,1.206055,-0.9443359,133.7813,-0.875,26.09375,-0.07617188,0.5361328,0.9628906,-71,-60.5,-11.1875,-0.1728516,0.75,0.2285156,128.3438,37.65625,-47.8125,79.96597,150.2394,173.2792,219.5107,316.9044,113.2661
1379.737,0.09375,1.206055,-0.9443359,133.7813,-0.875,26.09375,-0.07617188,0.5361328,0.9628906,-71,-60.5,-11.1875,-0.1728516,0.75,0.2285156,128.3438,37.65625,-47.8125,79.96597,150.2394,173.2792,219.5107,316.9044,113.2661
1379.771,0.09375,1.206055,-0.9443359,133.7813,-0.875,26.09375,-0.07617188,0.5361328,0.9628906,-71,-60.5,-11.1875,-0.1728516,0.75,0.2285156,128.3438,37.65625,-47.8125,79.96597,150.2394,173.2792,219.5107,316.9044,113.2661
1379.803,0.09375,1.206055,-0.9443359,133.7813,-0.875,26.09375,-0.07617188,0.5361328,0.9628906,-71,-60.5,-11.1875,-0.1728516,0.75,0.2285156,128.3438,37.65625,-47.8125,79.96597,150.2394,173.2792,219.5107,316.9044,113.2661
1379.837,0.06835938,1.307617,-0.7246094,-4.15625,9.375,15,-0.07617188,0.5361328,0.9628906,-71,-60.5,-11.1875,-0.1728516,0.75,0.2285156,128.3438,37.65625,-47.8125,78.57647,164.4052,178.6744,219.5107,316.9044,113.2661
1379.87,0.06835938,1.307617,-0.7246094,-4.15625,9.375,15,-0.07617188,0.5361328,0.9628906,-71,-60.5,-11.1875,-0.1728516,0.75,0.2285156,128.3438,37.65625,-47.8125,78.57647,164.4052,178.6744,219.5107,316.9044,113.2661
1379.904,0.06835938,1.307617,-0.7246094,-4.15625,9.375,15,-0.07617188,0.5361328,0.9628906,-71,-60.5,-11.1875,-0.1728516,0.75,0.2285156,128.3438,37.65625,-47.8125,78.57647,164.4052,178.6744,219.5107,316.9044,113.2661
1379.938,0.03027344,0.7460938,-0.1943359,-67.75,8.59375,-0.375,-0.07617188,0.5361328,0.9628906,-71,-60.5,-11.1875,-0.1728516,0.75,0.2285156,128.3438,37.65625,-47.8125,78.57647,164.4052,178.6744,219.5107,316.9044,113.2661
1379.971,0.03027344,0.7460938,-0.1943359,-67.75,8.59375,-0.375,-0.09375,0.4160156,0.9882813,-11.78125,2.375,-3.75,-0.1728516,0.75,0.2285156,128.3438,37.65625,-47.8125,78.57647,164.4052,178.6744,219.5107,316.9044,113.2661
1380.003,0.03027344,0.7460938,-0.1943359,-67.75,8.59375,-0.375,-0.09375,0.4160156,0.9882813,-11.78125,2.375,-3.75,-0.1728516,0.75,0.2285156,128.3438,37.65625,-47.8125,78.57647,164.4052,178.6744,219.5107,316.9044,113.2661
1380.037,0.03027344,0.7460938,-0.1943359,-67.75,8.59375,-0.375,-0.09375,0.4160156,0.9882813,-11.78125,2.375,-3.75,-0.1728516,0.75,0.2285156,128.3438,37.65625,-47.8125,78.57647,164.4052,178.6744,219.5107,316.9044,113.2661
1380.07,0.03027344,0.7460938,-0.1943359,-67.75,8.59375,-0.375,-0.09375,0.4160156,0.9882813,-11.78125,2.375,-3.75,-0.1728516,0.75,0.2285156,128.3438,37.65625,-47.8125,78.57647,164.4052,178.6744,219.5107,316.9044,113.2661
1380.103,0.03027344,0.7460938,-0.1943359,-67.75,8.59375,-0.375,-0.09375,0.4160156,0.9882813,-11.78125,2.375,-3.75,-0.1728516,0.75,0.2285156,128.3438,37.65625,-47.8125,81.96358,178.167,188.7003,219.5107,316.9044,113.2661
1380.137,0.03027344,0.7460938,-0.1943359,-67.75,8.59375,-0.375,-0.1142578,0.2861328,0.8076172,-2.6875,-13.8125,-15.40625,-0.1728516,0.75,0.2285156,128.3438,37.65625,-47.8125,81.96358,178.167,188.7003,219.5107,316.9044,113.2661
1380.17,0.03027344,0.7460938,-0.1943359,-67.75,8.59375,-0.375,-0.1142578,0.2861328,0.8076172,-2.6875,-13.8125,-15.40625,-0.1728516,0.75,0.2285156,128.3438,37.65625,-47.8125,81.96358,178.167,188.7003,219.5107,316.9044,113.2661
1380.203,0.03027344,0.7460938,-0.1943359,-67.75,8.59375,-0.375,-0.1142578,0.2861328,0.8076172,-2.6875,-13.8125,-15.40625,-0.1728516,0.75,0.2285156,128.3438,37.65625,-47.8125,81.96358,178.167,188.7003,219.5107,316.9044,113.2661
1380.237,0.03027344,0.7460938,-0.1943359,-67.75,8.59375,-0.375,-0.1142578,0.2861328,0.8076172,-2.6875,-13.8125,-15.40625,-0.1728516,0.75,0.2285156,128.3438,37.65625,-47.8125,81.96358,178.167,188.7003,219.5107,316.9044,113.2661
1380.27,0.03027344,0.7460938,-0.1943359,-67.75,8.59375,-0.375,-0.1142578,0.2861328,0.8076172,-2.6875,-13.8125,-15.40625,-0.1728516,0.75,0.2285156,128.3438,37.65625,-47.8125,81.96358,178.167,188.7003,219.5107,316.9044,113.2661
1380.303,0.03027344,0.7460938,-0.1943359,-67.75,8.59375,-0.375,-0.1142578,0.2861328,0.8076172,-2.6875,-13.8125,-15.40625,-0.1728516,0.75,0.2285156,128.3438,37.65625,-47.8125,81.96358,178.167,188.7003,219.5107,316.9044,113.2661
1380.337,0.03027344,0.7460938,-0.1943359,-67.75,8.59375,-0.375,-0.1142578,0.2861328,0.8076172,-2.6875,-13.8125,-15.40625,-0.1728516,0.75,0.2285156,128.3438,37.65625,-47.8125,81.96358,178.167,188.7003,219.5107,316.9044,113.2661
1380.37,0.03027344,0.7460938,-0.1943359,-67.75,8.59375,-0.375,-0.1142578,0.2861328,0.8076172,-2.6875,-13.8125,-15.40625,-0.1728516,0.75,0.2285156,128.3438,37.65625,-47.8125,81.96358,178.167,188.7003,219.5107,316.9044,113.2661
1380.403,0.03027344,0.7460938,-0.1943359,-67.75,8.59375,-0.375,0.2148438,0.15625,0.7929688,50.15625,5.28125,7.375,-0.1728516,0.75,0.2285156,128.3438,37.65625,-47.8125,81.96358,178.167,188.7003,219.5107,316.9044,113.2661
1380.437,0.03027344,0.7460938,-0.1943359,-67.75,8.59375,-0.375,0.2148438,0.15625,0.7929688,50.15625,5.28125,7.375,-0.1728516,0.75,0.2285156,128.3438,37.65625,-47.8125,81.96358,178.167,188.7003,219.5107,316.9044,113.2661
1380.47,0.05371094,1.080078,-0.7753906,43,-1.90625,-3.0625,0.2148438,0.15625,0.7929688,50.15625,5.28125,7.375,-0.1728516,0.75,0.2285156,128.3438,37.65625,-47.8125,80.08398,169.1871,184.0184,219.5107,316.9044,113.2661
1380.504,0.05371094,1.080078,-0.7753906,43,-1.90625,-3.0625,0.2148438,0.15625,0.7929688,50.15625,5.28125,7.375,-0.1728516,0.75,0.2285156,128.3438,37.65625,-47.8125,80.08398,169.1871,184.0184,219.5107,316.9044,113.2661
1380.537,0.05371094,1.080078,-0.7753906,43,-1.90625,-3.0625,0.2148438,0.15625,0.7929688,50.15625,5.28125,7.375,-0.1728516,0.75,0.2285156,128.3438,37.65625,-47.8125,80.08398,169.1871,184.0184,219.5107,316.9044,113.2661
1380.57,0.2851563,1.139648,-0.9951172,-38.03125,12.4375,-3.1875,0.2148438,0.15625,0.7929688,50.15625,5.28125,7.375,-0.1728516,0.75,0.2285156,128.3438,37.65625,-47.8125,80.08398,169.1871,184.0184,219.5107,316.9044,113.2661
1380.603,0.2851563,1.139648,-0.9951172,-38.03125,12.4375,-3.1875,-0.1806641,0.6884766,0.5625,101.25,-35.78125,32.40625,-0.1728516,0.75,0.2285156,128.3438,37.65625,-47.8125,79.85613,161.0594,180.3228,219.5107,316.9044,113.2661
1380.637,0.2851563,1.139648,-0.9951172,-38.03125,12.4375,-3.1875,-0.1806641,0.6884766,0.5625,101.25,-35.78125,32.40625,-0.1728516,0.75,0.2285156,128.3438,37.65625,-47.8125,79.85613,161.0594,180.3228,219.5107,316.9044,113.2661
1380.67,0.2851563,1.139648,-0.9951172,-38.03125,12.4375,-3.1875,-0.1806641,0.6884766,0.5625,101.25,-35.78125,32.40625,-0.1728516,0.75,0.2285156,128.3438,37.65625,-47.8125,79.85613,161.0594,180.3228,219.5107,316.9044,113.2661
1380.703,0.2851563,1.139648,-0.9951172,-38.03125,12.4375,-3.1875,-0.2675781,0.9375,0.3740234,117.9688,-2.21875,13.59375,-0.1728516,0.75,0.2285156,128.3438,37.65625,-47.8125,79.85613,161.0594,180.3228,219.5107,316.9044,113.2661
1380.736,0.2851563,1.139648,-0.9951172,-38.03125,12.4375,-3.1875,-0.2675781,0.9375,0.3740234,117.9688,-2.21875,13.59375,-0.1728516,0.75,0.2285156,128.3438,37.65625,-47.8125,79.85613,161.0594,180.3228,219.5107,316.9044,113.2661
1380.77,0.2851563,1.139648,-0.9951172,-38.03125,12.4375,-3.1875,-0.2675781,0.9375,0.3740234,117.9688,-2.21875,13.59375,-0.1728516,0.75,0.2285156,128.3438,37.65625,-47.8125,79.85613,161.0594,180.3228,219.5107,316.9044,113.2661
1380.802,0.2851563,1.139648,-0.9951172,-38.03125,12.4375,-3.1875,0.1015625,1.012695,0.1953125,125.9688,-12.65625,6.21875,-0.1728516,0.75,0.2285156,128.3438,37.65625,-47.8125,79.85613,161.0594,180.3228,219.5107,316.9044,113.2661
1380.836,0.08007813,0.8613281,-0.3320313,-70.625,-6.5,-4.78125,0.1015625,1.012695,0.1953125,125.9688,-12.65625,6.21875,-0.1728516,0.75,0.2285156,128.3438,37.65625,-47.8125,79.85613,161.0594,180.3228,219.5107,316.9044,113.2661
1380.87,0.08007813,0.8613281,-0.3320313,-70.625,-6.5,-4.78125,0.1015625,1.012695,0.1953125,125.9688,-12.65625,6.21875,-0.1728516,0.75,0.2285156,128.3438,37.65625,-47.8125,79.85613,161.0594,180.3228,219.5107,316.9044,113.2661
1380.903,0.06835938,0.4052734,-0.3964844,-52.3125,-3.75,-3.875,-0.2880859,0.9208984,0.3056641,71.03125,14.3125,-11.0625,-0.1728516,0.75,0.2285156,128.3438,37.65625,-47.8125,79.85613,161.0594,180.3228,219.5107,316.9044,113.2661
1380.936,0.06835938,0.4052734,-0.3964844,-52.3125,-3.75,-3.875,-0.2880859,0.9208984,0.3056641,71.03125,14.3125,-11.0625,-0.1728516,0.75,0.2285156,128.3438,37.65625,-47.8125,79.85613,161.0594,180.3228,219.5107,316.9044,113.2661
1380.97,0.06835938,0.4052734,-0.3964844,-52.3125,-3.75,-3.875,-0.2880859,0.9208984,0.3056641,71.03125,14.3125,-11.0625,-0.1728516,0.75,0.2285156,128.3438,37.65625,-47.8125,95.90703,125.0722,156.1186,219.5107,316.9044,113.2661
1381.002,0.06835938,0.4052734,-0.3964844,-52.3125,-3.75,-3.875,-0.2880859,0.9208984,0.3056641,71.03125,14.3125,-11.0625,-0.1728516,0.75,0.2285156,128.3438,37.65625,-47.8125,95.90703,125.0722,156.1186,219.5107,316.9044,113.2661
1381.036,0.06835938,0.4052734,-0.3964844,-52.3125,-3.75,-3.875,-0.2880859,0.9208984,0.3056641,71.03125,14.3125,-11.0625,-0.1728516,0.75,0.2285156,128.3438,37.65625,-47.8125,95.90703,125.0722,156.1186,219.5107,316.9044,113.2661
1381.07,0.1367188,0.4794922,-0.2890625,38.5,-16.1875,9.5,-0.2880859,0.9208984,0.3056641,71.03125,14.3125,-11.0625,-0.1728516,0.75,0.2285156,128.3438,37.65625,-47.8125,95.90703,125.0722,156.1186,219.5107,316.9044,113.2661
1381.102,0.1367188,0.4794922,-0.2890625,38.5,-16.1875,9.5,-0.2880859,0.9208984,0.3056641,71.03125,14.3125,-11.0625,-0.1728516,0.75,0.2285156,128.3438,37.65625,-47.8125,95.90703,125.0722,156.1186,219.5107,316.9044,113.2661
1381.136,0.1367188,0.4794922,-0.2890625,38.5,-16.1875,9.5,-0.04785156,0.8515625,0.1875,-99.25,19.75,-5.375,-0.1728516,0.75,0.2285156,128.3438,37.65625,-47.8125,95.90703,125.0722,156.1186,219.5107,316.9044,113.2661
1381.17,0.1367188,0.4794922,-0.2890625,38.5,-16.1875,9.5,-0.04785156,0.8515625,0.1875,-99.25,19.75,-5.375,-0.1728516,0.75,0.2285156,128.3438,37.65625,-47.8125,95.90703,125.0722,156.1186,219.5107,316.9044,113.2661
1381.204,0.1367188,0.4794922,-0.2890625,38.5,-16.1875,9.5,-0.04785156,0.8515625,0.1875,-99.25,19.75,-5.375,-0.1728516,0.75,0.2285156,128.3438,37.65625,-47.8125,95.90703,125.0722,156.1186,219.5107,316.9044,113.2661
1381.236,0.1367188,0.4794922,-0.2890625,38.5,-16.1875,9.5,-0.04785156,0.8515625,0.1875,-99.25,19.75,-5.375,-0.1728516,0.75,0.2285156,128.3438,37.65625,-47.8125,95.90703,125.0722,156.1186,219.5107,316.9044,113.2661
1381.269,0.1367188,0.4794922,-0.2890625,38.5,-16.1875,9.5,-0.04785156,0.8515625,0.1875,-99.25,19.75,-5.375,-0.1728516,0.75,0.2285156,128.3438,37.65625,-47.8125,95.90703,125.0722,156.1186,219.5107,316.9044,113.2661
1381.302,-0.04296875,0.8808594,-0.6142578,2.65625,-1,-6.78125,-0.04785156,0.8515625,0.1875,-99.25,19.75,-5.375,-0.1728516,0.75,0.2285156,128.3438,37.65625,-47.8125,86.72567,143.1603,170.0442,219.5107,316.9044,113.2661
1381.336,-0.04296875,0.8808594,-0.6142578,2.65625,-1,-6.78125,-0.04785156,0.8515625,0.1875,-99.25,19.75,-5.375,-0.1728516,0.75,0.2285156,128.3438,37.65625,-47.8125,86.72567,143.1603,170.0442,219.5107,316.9044,113.2661
1381.369,-0.04296875,0.8808594,-0.6142578,2.65625,-1,-6.78125,-0.04785156,0.8515625,0.1875,-99.25,19.75,-5.375,-0.1728516,0.75,0.2285156,128.3438,37.65625,-47.8125,86.72567,143.1603,170.0442,219.5107,316.9044,113.2661
1381.402,0.1289063,0.9902344,-0.6904297,5.53125,-1.90625,11.15625,-0.04785156,0.8515625,0.1875,-99.25,19.75,-5.375,-0.1728516,0.75,0.2285156,128.3438,37.65625,-47.8125,84.29295,150.2115,173.2001,219.5107,316.9044,113.2661
1381.436,0.1289063,0.9902344,-0.6904297,5.53125,-1.90625,11.15625,-0.04785156,0.8515625,0.1875,-99.25,19.75,-5.375,-0.1728516,0.75,0.2285156,128.3438,37.65625,-47.8125,84.29295,150.2115,173.2001,219.5107,316.9044,113.2661
1381.47,0.1289063,0.9902344,-0.6904297,5.53125,-1.90625,11.15625,-0.04785156,0.8515625,0.1875,-99.25,19.75,-5.375,-0.1728516,0.75,0.2285156,128.3438,37.65625,-47.8125,84.29295,150.2115,173.2001,219.5107,316.9044,113.2661
1381.502,0.2851563,1.042969,-0.4316406,-47.375,21.90625,14.3125,-0.5703125,0.5009766,0.8056641,-60.4375,-33.78125,-16.8125,-0.1728516,0.75,0.2285156,128.3438,37.65625,-47.8125,81.27746,159.6363,178.9175,219.5107,316.9044,113.2661
1381.536,0.2851563,1.042969,-0.4316406,-47.375,21.90625,14.3125,-0.5703125,0.5009766,0.8056641,-60.4375,-33.78125,-16.8125,-0.1728516,0.75,0.2285156,128.3438,37.65625,-47.8125,81.27746,159.6363,178.9175,219.5107,316.9044,113.2661
1381.57,0.2851563,1.042969,-0.4316406,-47.375,21.90625,14.3125,-0.5703125,0.5009766,0.8056641,-60.4375,-33.78125,-16.8125,-0.1728516,0.75,0.2285156,128.3438,37.65625,-47.8125,81.27746,159.6363,178.9175,219.5107,316.9044,113.2661
1381.602,0.2851563,1.042969,-0.4316406,-47.375,21.90625,14.3125,-0.5703125,0.5009766,0.8056641,-60.4375,-33.78125,-16.8125,-0.1728516,0.75,0.2285156,128.3438,37.65625,-47.8125,81.27746,159.6363,178.9175,219.5107,316.9044,113.2661
1381.636,0.2851563,1.042969,-0.4316406,-47.375,21.90625,14.3125,-0.5703125,0.5009766,0.8056641,-60.4375,-33.78125,-16.8125,-0.1728516,0.75,0.2285156,128.3438,37.65625,-47.8125,81.27746,159.6363,178.9175,219.5107,316.9044,113.2661
1381.669,0.2851563,1.042969,-0.4316406,-47.375,21.90625,14.3125,-0.5703125,0.5009766,0.8056641,-60.4375,-33.78125,-16.8125,-0.1728516,0.75,0.2285156,128.3438,37.65625,-47.8125,80.73125,171.8108,184.1524,219.5107,316.9044,113.2661
1381.703,0.2851563,1.042969,-0.4316406,-47.375,21.90625,14.3125,-0.5703125,0.5009766,0.8056641,-60.4375,-33.78125,-16.8125,-0.1728516,0.75,0.2285156,128.3438,37.65625,-47.8125,80.73125,171.8108,184.1524,219.5107,316.9044,113.2661
1381.736,0.001953125,0.796875,-0.171875,-33.09375,8.59375,1.09375,-0.5703125,0.5009766,0.8056641,-60.4375,-33.78125,-16.8125,-0.1728516,0.75,0.2285156,128.3438,37.65625,-47.8125,80.73125,171.8108,184.1524,219.5107,316.9044,113.2661
1381.769,0.001953125,0.796875,-0.171875,-33.09375,8.59375,1.09375,-0.5703125,0.5009766,0.8056641,-60.4375,-33.78125,-16.8125,-0.1728516,0.75,0.2285156,128.3438,37.65625,-47.8125,80.59657,173.9924,184.8919,219.5107,316.9044,113.2661
1381.802,0.06738281,0.9433594,-0.3349609,-24.3125,3.65625,-3.5625,-0.2451172,0.3408203,0.7822266,-7.21875,7.0625,-0.6875,-0.1728516,0.75,0.2285156,128.3438,37.65625,-47.8125,80.59657,173.9924,184.8919,219.5107,316.9044,113.2661
1381.836,0.06738281,0.9433594,-0.3349609,-24.3125,3.65625,-3.5625,-0.2451172,0.3408203,0.7822266,-7.21875,7.0625,-0.6875,-0.1728516,0.75,0.2285156,128.3438,37.65625,-47.8125,80.59657,173.9924,184.8919,219.5107,316.9044,113.2661
1381.869,0.06738281,0.9433594,-0.3349609,-24.3125,3.65625,-3.5625,-0.2451172,0.3408203,0.7822266,-7.21875,7.0625,-0.6875,-0.1728516,0.75,0.2285156,128.3438,37.65625,-47.8125,81.27839,175.1119,186.4794,219.5107,316.9044,113.2661
1381.902,0.06738281,0.9433594,-0.3349609,-24.3125,3.65625,-3.5625,-0.2451172,0.3408203,0.7822266,-7.21875,7.0625,-0.6875,-0.1728516,0.75,0.2285156,128.3438,37.65625,-47.8125,81.27839,175.1119,186.4794,219.5107,316.9044,113.2661
1381.936,0.06738281,0.9433594,-0.3349609,-24.3125,3.65625,-3.5625,-0.2451172,0.3408203,0.7822266,-7.21875,7.0625,-0.6875,-0.1728516,0.75,0.2285156,128.3438,37.65625,-47.8125,81.27839,175.1119,186.4794,219.5107,316.9044,113.2661
1381.969,0.06738281,0.9433594,-0.3349609,-24.3125,3.65625,-3.5625,-0.2451172,0.3408203,0.7822266,-7.21875,7.0625,-0.6875,-0.1728516,0.75,0.2285156,128.3438,37.65625,-47.8125,81.76279,175.4536,186.2889,219.5107,316.9044,113.2661
1382.002,0.06738281,0.9433594,-0.3349609,-24.3125,3.65625,-3.5625,-0.2451172,0.3408203,0.7822266,-7.21875,7.0625,-0.6875,-0.1728516,0.75,0.2285156,128.3438,37.65625,-47.8125,81.76279,175.4536,186.2889,219.5107,316.9044,113.2661
1382.036,0.06738281,0.9433594,-0.3349609,-24.3125,3.65625,-3.5625,-0.2451172,0.3408203,0.7822266,-7.21875,7.0625,-0.6875,-0.1728516,0.75,0.2285156,128.3438,37.65625,-47.8125,81.76279,175.4536,186.2889,219.5107,316.9044,113.2661
1382.069,-0.0009765625,0.7158203,-0.34375,50.34375,-9.28125,5.21875,-0.1679688,0.3964844,0.8027344,1.5625,-4.59375,-0.25,-0.1728516,0.75,0.2285156,128.3438,37.65625,-47.8125,81.76279,175.4536,186.2889,219.5107,316.9044,113.2661
1382.102,-0.0009765625,0.7158203,-0.34375,50.34375,-9.28125,5.21875,-0.1679688,0.3964844,0.8027344,1.5625,-4.59375,-0.25,-0.1728516,0.75,0.2285156,128.3438,37.65625,-47.8125,81.76279,175.4536,186.2889,219.5107,316.9044,113.2661
1382.136,0.1503906,0.9707031,-0.4140625,60.03125,-16.5,1.09375,-0.1679688,0.3964844,0.8027344,1.5625,-4.59375,-0.25,-0.1728516,0.75,0.2285156,128.3438,37.65625,-47.8125,80.45246,176.9419,185.7731,219.5107,316.9044,113.2661
1382.169,0.1503906,0.9707031,-0.4140625,60.03125,-16.5,1.09375,-0.1679688,0.3964844,0.8027344,1.5625,-4.59375,-0.25,-0.1728516,0.75,0.2285156,128.3438,37.65625,-47.8125,80.45246,176.9419,185.7731,219.5107,316.9044,113.2661
1382.202,0.1503906,0.9707031,-0.4140625,60.03125,-16.5,1.09375,-0.1679688,0.3964844,0.8027344,1.5625,-4.59375,-0.25,-0.1728516,0.75,0.2285156,128.3438,37.65625,-47.8125,80.45246,176.9419,185.7731,219.5107,316.9044,113.2661
1382.236,0.1503906,0.9707031,-0.4140625,60.03125,-16.5,1.09375,-0.2744141,0.3193359,0.8945313,58.46875,93.5625,18.21875,-0.1728516,0.75,0.2285156,128.3438,37.65625,-47.8125,77.20573,172.0272,181.4228,219.5107,316.9044,113.2661
1382.269,0.1503906,0.9707031,-0.4140625,60.03125,-16.5,1.09375,-0.2744141,0.3193359,0.8945313,58.46875,93.5625,18.21875,-0.1728516,0.75,0.2285156,128.3438,37.65625,-47.8125,77.20573,172.0272,181.4228,219.5107,316.9044,113.2661
1382.302,0.1503906,0.9707031,-0.4140625,60.03125,-16.5,1.09375,-0.2744141,0.3193359,0.8945313,58.46875,93.5625,18.21875,-0.1728516,0.75,0.2285156,128.3438,37.65625,-47.8125,77.20573,172.0272,181.4228,219.5107,316.9044,113.2661
1382.337,0.1503906,0.9707031,-0.4140625,60.03125,-16.5,1.09375,-0.2744141,0.3193359,0.8945313,58.46875,93.5625,18.21875,-0.1728516,0.75,0.2285156,128.3438,37.65625,-47.8125,78.1662,168.3354,183.6697,219.5107,316.9044,113.2661
1382.369,0.1503906,0.9707031,-0.4140625,60.03125,-16.5,1.09375,-0.2744141,0.3193359,0.8945313,58.46875,93.5625,18.21875,-0.1728516,0.75,0.2285156,128.3438,37.65625,-47.8125,78.1662,168.3354,183.6697,219.5107,316.9044,113.2661
1382.402,-0.01171875,1.097656,-0.8789063,-45.96875,20.96875,-16.1875,-0.2744141,0.3193359,0.8945313,58.46875,93.5625,18.21875,-0.1728516,0.75,0.2285156,128.3438,37.65625,-47.8125,78.1662,168.3354,183.6697,219.5107,316.9044,113.2661
1382.435,-0.01171875,1.097656,-0.8789063,-45.96875,20.96875,-16.1875,-0.2744141,0.3193359,0.8945313,58.46875,93.5625,18.21875,-0.1728516,0.75,0.2285156,128.3438,37.65625,-47.8125,79.48804,158.2402,176.6957,219.5107,316.9044,113.2661
1382.469,0.2050781,1.086914,-0.5283203,-51.40625,-8.25,-19,-0.2744141,0.3193359,0.8945313,58.46875,93.5625,18.21875,-0.1728516,0.75,0.2285156,128.3438,37.65625,-47.8125,79.48804,158.2402,176.6957,219.5107,316.9044,113.2661
1382.502,0.2050781,1.086914,-0.5283203,-51.40625,-8.25,-19,-0.2744141,0.3193359,0.8945313,58.46875,93.5625,18.21875,-0.1728516,0.75,0.2285156,128.3438,37.65625,-47.8125,79.48804,158.2402,176.6957,219.5107,316.9044,113.2661
1382.536,0.2050781,1.086914,-0.5283203,-51.40625,-8.25,-19,-0.2578125,0.8632813,0.3642578,102.4063,8.84375,7,-0.1728516,0.75,0.2285156,128.3438,37.65625,-47.8125,79.48804,158.2402,176.6957,219.5107,316.9044,113.2661
1382.569,0.2050781,1.086914,-0.5283203,-51.40625,-8.25,-19,-0.2578125,0.8632813,0.3642578,102.4063,8.84375,7,-0.1728516,0.75,0.2285156,128.3438,37.65625,-47.8125,79.48804,158.2402,176.6957,219.5107,316.9044,113.2661
1382.602,0.2050781,1.086914,-0.5283203,-51.40625,-8.25,-19,-0.2578125,0.8632813,0.3642578,102.4063,8.84375,7,-0.1728516,0.75,0.2285156,128.3438,37.65625,-47.8125,79.48804,158.2402,176.6957,219.5107,316.9044,113.2661
1382.638,0.2050781,1.086914,-0.5283203,-51.40625,-8.25,-19,-0.2578125,0.8632813,0.3642578,102.4063,8.84375,7,-0.1728516,0.75,0.2285156,128.3438,37.65625,-47.8125,79.48804,158.2402,176.6957,219.5107,316.9044,113.2661
1382.669,0.2050781,1.086914,-0.5283203,-51.40625,-8.25,-19,-0.2578125,0.8632813,0.3642578,102.4063,8.84375,7,-0.1728516,0.75,0.2285156,128.3438,37.65625,-47.8125,79.48804,158.2402,176.6957,219.5107,316.9044,113.2661
1382.702,0.2050781,1.086914,-0.5283203,-51.40625,-8.25,-19,-0.2578125,0.8632813,0.3642578,102.4063,8.84375,7,-0.1728516,0.75,0.2285156,128.3438,37.65625,-47.8125,79.48804,158.2402,176.6957,219.5107,316.9044,113.2661
1382.735,0.2050781,1.086914,-0.5283203,-51.40625,-8.25,-19,-0.1464844,1.085938,0.2675781,44.71875,7.90625,1.875,-0.1728516,0.75,0.2285156,128.3438,37.65625,-47.8125,79.48804,158.2402,176.6957,219.5107,316.9044,113.2661
1382.769,0.2050781,1.086914,-0.5283203,-51.40625,-8.25,-19,-0.1464844,1.085938,0.2675781,44.71875,7.90625,1.875,-0.1728516,0.75,0.2285156,128.3438,37.65625,-47.8125,79.48804,158.2402,176.6957,219.5107,316.9044,113.2661
1382.801,-0.06445313,0.4306641,-0.2880859,-8.9375,5.53125,3.03125,-0.1464844,1.085938,0.2675781,44.71875,7.90625,1.875,-0.1728516,0.75,0.2285156,128.3438,37.65625,-47.8125,79.48804,158.2402,176.6957,219.5107,316.9044,113.2661
1382.835,-0.06445313,0.4306641,-0.2880859,-8.9375,5.53125,3.03125,-0.1464844,1.085938,0.2675781,44.71875,7.90625,1.875,-0.1728516,0.75,0.2285156,128.3438,37.65625,-47.8125,79.48804,158.2402,176.6957,219.5107,316.9044,113.2661
1382.868,-0.06445313,0.4306641,-0.2880859,-8.9375,5.53125,3.03125,-0.1464844,1.085938,0.2675781,44.71875,7.90625,1.875,-0.1728516,0.75,0.2285156,128.3438,37.65625,-47.8125,79.48804,158.2402,176.6957,219.5107,316.9044,113.2661
1382.902,-0.06445313,0.4306641,-0.2880859,-8.9375,5.53125,3.03125,-0.1464844,1.085938,0.2675781,44.71875,7.90625,1.875,-0.1728516,0.75,0.2285156,128.3438,37.65625,-47.8125,79.48804,158.2402,176.6957,219.5107,316.9044,113.2661
1382.935,-0.06445313,0.4306641,-0.2880859,-8.9375,5.53125,3.03125,0.006835938,1.091797,0.203125,-78.875,20,-6.125,-0.1728516,0.75,0.2285156,128.3438,37.65625,-47.8125,79.48804,158.2402,176.6957,219.5107,316.9044,113.2661
1382.968,-0.06445313,0.4306641,-0.2880859,-8.9375,5.53125,3.03125,0.006835938,1.091797,0.203125,-78.875,20,-6.125,-0.1728516,0.75,0.2285156,128.3438,37.65625,-47.8125,79.48804,158.2402,176.6957,219.5107,316.9044,113.2661
1383.002,0.1132813,0.9111328,-0.4638672,12.25,0,-11.25,0.006835938,1.091797,0.203125,-78.875,20,-6.125,-0.1728516,0.75,0.2285156,128.3438,37.65625,-47.8125,79.48804,158.2402,176.6957,219.5107,316.9044,113.2661
1383.035,0.1132813,0.9111328,-0.4638672,12.25,0,-11.25,-0.4238281,0.9814453,0.3203125,-89.8125,26.53125,-13.75,-0.1728516,0.75,0.2285156,128.3438,37.65625,-47.8125,79.48804,158.2402,176.6957,219.5107,316.9044,113.2661
1383.068,0.1132813,0.9111328,-0.4638672,12.25,0,-11.25,-0.4238281,0.9814453,0.3203125,-89.8125,26.53125,-13.75,-0.1728516,0.75,0.2285156,128.3438,37.65625,-47.8125,79.48804,158.2402,176.6957,219.5107,316.9044,113.2661
1383.102,0.1132813,0.9111328,-0.4638672,12.25,0,-11.25,-0.4238281,0.9814453,0.3203125,-89.8125,26.53125,-13.75,-0.1728516,0.75,0.2285156,128.3438,37.65625,-47.8125,79.48804,158.2402,176.6957,219.5107,316.9044,113.2661
1383.135,0.1132813,0.9111328,-0.4638672,12.25,0,-11.25,-0.4238281,0.9814453,0.3203125,-89.8125,26.53125,-13.75,-0.1728516,0.75,0.2285156,128.3438,37.65625,-47.8125,79.48804,158.2402,176.6957,219.5107,316.9044,113.2661
1383.168,0.1132813,0.9111328,-0.4638672,12.25,0,-11.25,-0.4238281,0.9814453,0.3203125,-89.8125,26.53125,-13.75,-0.1728516,0.75,0.2285156,128.3438,37.65625,-47.8125,79.48804,158.2402,176.6957,219.5107,316.9044,113.2661
1383.202,0.1132813,0.9111328,-0.4638672,12.25,0,-11.25,0.02441406,0.6230469,0.6708984,-93.03125,-18.875,-31.5625,-0.1728516,0.75,0.2285156,128.3438,37.65625,-47.8125,79.48804,158.2402,176.6957,219.5107,316.9044,113.2661
1383.234,0.1132813,0.9111328,-0.4638672,12.25,0,-11.25,0.02441406,0.6230469,0.6708984,-93.03125,-18.875,-31.5625,-0.1728516,0.75,0.2285156,128.3438,37.65625,-47.8125,79.48804,158.2402,176.6957,219.5107,316.9044,113.2661
1383.268,0.1132813,0.9111328,-0.4638672,12.25,0,-11.25,0.02441406,0.6230469,0.6708984,-93.03125,-18.875,-31.5625,-0.1728516,0.75,0.2285156,128.3438,37.65625,-47.8125,79.48804,158.2402,176.6957,219.5107,316.9044,113.2661
1383.301,0.1132813,0.9111328,-0.4638672,12.25,0,-11.25,0.02441406,0.6230469,0.6708984,-93.03125,-18.875,-31.5625,-0.1728516,0.75,0.2285156,128.3438,37.65625,-47.8125,79.48804,158.2402,176.6957,219.5107,316.9044,113.2661
1383.334,0.4755859,0.9697266,-0.5615234,-12.59375,9.375,18.78125,0.02441406,0.6230469,0.6708984,-93.03125,-18.875,-31.5625,-0.1728516,0.75,0.2285156,128.3438,37.65625,-47.8125,79.48804,158.2402,176.6957,219.5107,316.9044,113.2661
1383.368,0.4755859,0.9697266,-0.5615234,-12.59375,9.375,18.78125,-0.3291016,0.5273438,0.9882813,-26.375,-6.25,-24.5625,-0.1728516,0.75,0.2285156,128.3438,37.65625,-47.8125,79.48804,158.2402,176.6957,219.5107,316.9044,113.2661
1383.401,0.4755859,0.9697266,-0.5615234,-12.59375,9.375,18.78125,-0.3291016,0.5273438,0.9882813,-26.375,-6.25,-24.5625,-0.1728516,0.75,0.2285156,128.3438,37.65625,-47.8125,79.48804,158.2402,176.6957,219.5107,316.9044,113.2661
1383.435,0.4755859,0.9697266,-0.5615234,-12.59375,9.375,18.78125,0.02148438,0.3798828,0.921875,-23.03125,-3.5,-9.40625,-0.1728516,0.75,0.2285156,128.3438,37.65625,-47.8125,79.48804,158.2402,176.6957,219.5107,316.9044,113.2661
1383.468,0.4755859,0.9697266,-0.5615234,-12.59375,9.375,18.78125,-0.140625,0.1162109,0.8095703,-20.78125,3.21875,-6.90625,-0.1728516,0.75,0.2285156,128.3438,37.65625,-47.8125,79.48804,158.2402,176.6957,219.5107,316.9044,113.2661
1383.501,0.4755859,0.9697266,-0.5615234,-12.59375,9.375,18.78125,-0.140625,0.1162109,0.8095703,-20.78125,3.21875,-6.90625,-0.1728516,0.75,0.2285156,128.3438,37.65625,-47.8125,79.48804,158.2402,176.6957,219.5107,316.9044,113.2661
1383.535,0.1337891,0.875,-0.2001953,-33.59375,0.15625,0.59375,-0.140625,0.1162109,0.8095703,-20.78125,3.21875,-6.90625,-0.1728516,0.75,0.2285156,128.3438,37.65625,-47.8125,79.48804,158.2402,176.6957,219.5107,316.9044,113.2661
1383.568,0.1337891,0.875,-0.2001953,-33.59375,0.15625,0.59375,-0.140625,0.1162109,0.8095703,-20.78125,3.21875,-6.90625,-0.1728516,0.75,0.2285156,128.3438,37.65625,-47.8125,79.48804,158.2402,176.6957,219.5107,316.9044,113.2661
1383.601,0.1337891,0.875,-0.2001953,-33.59375,0.15625,0.59375,-0.1552734,0.5078125,0.8623047,2.59375,5.46875,0.34375,-0.1728516,0.75,0.2285156,128.3438,37.65625,-47.8125,79.48804,158.2402,176.6957,219.5107,316.9044,113.2661
1383.634,0.1337891,0.875,-0.2001953,-33.59375,0.15625,0.59375,-0.1552734,0.5078125,0.8623047,2.59375,5.46875,0.34375,-0.1728516,0.75,0.2285156,128.3438,37.65625,-47.8125,79.48804,158.2402,176.6957,219.5107,316.9044,113.2661
1383.668,0.2441406,0.9423828,-0.4443359,-48.71875,2.65625,-5.625,-0.1552734,0.5078125,0.8623047,2.59375,5.46875,0.34375,-0.1728516,0.75,0.2285156,128.3438,37.65625,-47.8125,79.48804,158.2402,176.6957,219.5107,316.9044,113.2661
1383.701,0.2441406,0.9423828,-0.4443359,-48.71875,2.65625,-5.625,-0.1552734,0.5078125,0.8623047,2.59375,5.46875,0.34375,-0.1728516,0.75,0.2285156,128.3438,37.65625,-47.8125,79.48804,158.2402,176.6957,219.5107,316.9044,113.2661
1383.734,0.2441406,0.9423828,-0.4443359,-48.71875,2.65625,-5.625,-0.1552734,0.5078125,0.8623047,2.59375,5.46875,0.34375,-0.1728516,0.75,0.2285156,128.3438,37.65625,-47.8125,79.48804,158.2402,176.6957,219.5107,316.9044,113.2661
1383.768,0.2441406,0.9423828,-0.4443359,-48.71875,2.65625,-5.625,-0.1552734,0.3183594,0.8369141,0.09375,-4.15625,1.21875,-0.1728516,0.75,0.2285156,128.3438,37.65625,-47.8125,79.48804,158.2402,176.6957,219.5107,316.9044,113.2661
1383.801,0.2441406,0.9423828,-0.4443359,-48.71875,2.65625,-5.625,-0.1552734,0.3183594,0.8369141,0.09375,-4.15625,1.21875,-0.1728516,0.75,0.2285156,128.3438,37.65625,-47.8125,79.48804,158.2402,176.6957,219.5107,316.9044,113.2661
1383.834,0.2441406,0.9423828,-0.4443359,-48.71875,2.65625,-5.625,-0.1552734,0.3183594,0.8369141,0.09375,-4.15625,1.21875,-0.1728516,0.75,0.2285156,128.3438,37.65625,-47.8125,79.48804,158.2402,176.6957,219.5107,316.9044,113.2661
1383.868,0.2441406,0.9423828,-0.4443359,-48.71875,2.65625,-5.625,-0.1552734,0.3183594,0.8369141,0.09375,-4.15625,1.21875,-0.1728516,0.75,0.2285156,128.3438,37.65625,-47.8125,82.82742,182.4131,190.2201,219.5107,316.9044,113.2661
1383.901,0.03320313,0.8691406,-0.3466797,22.6875,-3.5625,-5.625,-0.1552734,0.3183594,0.8369141,0.09375,-4.15625,1.21875,-0.1728516,0.75,0.2285156,128.3438,37.65625,-47.8125,82.82742,182.4131,190.2201,219.5107,316.9044,113.2661
1383.934,0.1328125,0.8720703,-0.4472656,36.96875,-4.09375,1.21875,-0.2001953,0.3935547,0.9765625,1.21875,5.21875,2.3125,-0.1728516,0.75,0.2285156,128.3438,37.65625,-47.8125,82.82742,182.4131,190.2201,219.5107,316.9044,113.2661
1383.968,0.1328125,0.8720703,-0.4472656,36.96875,-4.09375,1.21875,-0.2001953,0.3935547,0.9765625,1.21875,5.21875,2.3125,-0.1728516,0.75,0.2285156,128.3438,37.65625,-47.8125,82.31496,180.5426,188.4198,219.5107,316.9044,113.2661
1384.001,0.1328125,0.8720703,-0.4472656,36.96875,-4.09375,1.21875,-0.2001953,0.3935547,0.9765625,1.21875,5.21875,2.3125,-0.1728516,0.75,0.2285156,128.3438,37.65625,-47.8125,82.31496,180.5426,188.4198,219.5107,316.9044,113.2661
1384.034,0.1328125,0.8720703,-0.4472656,36.96875,-4.09375,1.21875,-0.2001953,0.3935547,0.9765625,1.21875,5.21875,2.3125,-0.1728516,0.75,0.2285156,128.3438,37.65625,-47.8125,82.31496,180.5426,188.4198,219.5107,316.9044,113.2661
1384.068,0.1328125,0.8720703,-0.4472656,36.96875,-4.09375,1.21875,-0.2001953,0.3935547,0.9765625,1.21875,5.21875,2.3125,-0.1728516,0.75,0.2285156,128.3438,37.65625,-47.8125,82.31496,180.5426,188.4198,219.5107,316.9044,113.2661
1384.101,0.1328125,0.8720703,-0.4472656,36.96875,-4.09375,1.21875,-0.1308594,0.3798828,0.8310547,7.3125,30.625,3.71875,-0.1728516,0.75,0.2285156,128.3438,37.65625,-47.8125,82.31496,180.5426,188.4198,219.5107,316.9044,113.2661
1384.134,0.1328125,0.8720703,-0.4472656,36.96875,-4.09375,1.21875,-0.1308594,0.3798828,0.8310547,7.3125,30.625,3.71875,-0.1728516,0.75,0.2285156,128.3438,37.65625,-47.8125,82.31496,180.5426,188.4198,219.5107,316.9044,113.2661
1384.167,0.1328125,0.8720703,-0.4472656,36.96875,-4.09375,1.21875,-0.1308594,0.3798828,0.8310547,7.3125,30.625,3.71875,-0.1728516,0.75,0.2285156,128.3438,37.65625,-47.8125,82.31496,180.5426,188.4198,219.5107,316.9044,113.2661
1384.2,0.1328125,0.8720703,-0.4472656,36.96875,-4.09375,1.21875,-0.1308594,0.3798828,0.8310547,7.3125,30.625,3.71875,-0.1728516,0.75,0.2285156,128.3438,37.65625,-47.8125,82.31496,180.5426,188.4198,219.5107,316.9044,113.2661
1384.234,0.1328125,0.8720703,-0.4472656,36.96875,-4.09375,1.21875,-0.1308594,0.3798828,0.8310547,7.3125,30.625,3.71875,-0.1728516,0.75,0.2285156,128.3438,37.65625,-47.8125,79.76402,177.0292,186.9942,219.5107,316.9044,113.2661
1384.267,0.1328125,0.8720703,-0.4472656,36.96875,-4.09375,1.21875,-0.421875,0.6796875,0.7695313,65.90625,26.84375,25.75,-0.1728516,0.75,0.2285156,128.3438,37.65625,-47.8125,79.76402,177.0292,186.9942,219.5107,316.9044,113.2661
1384.301,0.1328125,0.8720703,-0.4472656,36.96875,-4.09375,1.21875,-0.421875,0.6796875,0.7695313,65.90625,26.84375,25.75,-0.1728516,0.75,0.2285156,128.3438,37.65625,-47.8125,79.76402,177.0292,186.9942,219.5107,316.9044,113.2661
1384.334,0.1328125,0.8720703,-0.4472656,36.96875,-4.09375,1.21875,-0.421875,0.6796875,0.7695313,65.90625,26.84375,25.75,-0.1728516,0.75,0.2285156,128.3438,37.65625,-47.8125,79.76402,177.0292,186.9942,219.5107,316.9044,113.2661
1384.388,0.1630859,1.160156,-0.7041016,-39.875,-4.40625,-4.53125,-0.421875,0.6796875,0.7695313,65.90625,26.84375,25.75,-0.1728516,0.75,0.2285156,128.3438,37.65625,-47.8125,79.76402,177.0292,186.9942,219.5107,316.9044,113.2661
1384.417,0.1630859,1.160156,-0.7041016,-39.875,-4.40625,-4.53125,-0.4345703,0.6816406,0.5488281,79.34375,-8.8125,24.59375,-0.1728516,0.75,0.2285156,128.3438,37.65625,-47.8125,79.76402,177.0292,186.9942,219.5107,316.9044,113.2661
1384.45,0.1630859,1.160156,-0.7041016,-39.875,-4.40625,-4.53125,-0.4345703,0.6816406,0.5488281,79.34375,-8.8125,24.59375,-0.1728516,0.75,0.2285156,128.3438,37.65625,-47.8125,79.76402,177.0292,186.9942,219.5107,316.9044,113.2661
1384.483,0.1630859,1.160156,-0.7041016,-39.875,-4.40625,-4.53125,-0.4345703,0.6816406,0.5488281,79.34375,-8.8125,24.59375,-0.1728516,0.75,0.2285156,128.3438,37.65625,-47.8125,79.76402,177.0292,186.9942,219.5107,316.9044,113.2661
1384.516,-0.1630859,0.8369141,-0.4296875,-74.65625,5.28125,-21.25,-0.4345703,0.6816406,0.5488281,79.34375,-8.8125,24.59375,-0.1728516,0.75,0.2285156,128.3438,37.65625,-47.8125,83.46665,155.7327,176.4753,219.5107,316.9044,113.2661
1384.55,-0.1630859,0.8369141,-0.4296875,-74.65625,5.28125,-21.25,-0.4345703,0.6816406,0.5488281,79.34375,-8.8125,24.59375,-0.1728516,0.75,0.2285156,128.3438,37.65625,-47.8125,83.46665,155.7327,176.4753,219.5107,316.9044,113.2661
1384.583,-0.1630859,0.8369141,-0.4296875,-74.65625,5.28125,-21.25,-0.4345703,0.6816406,0.5488281,79.34375,-8.8125,24.59375,-0.1728516,0.75,0.2285156,128.3438,37.65625,-47.8125,83.46665,155.7327,176.4753,219.5107,316.9044,113.2661
1384.617,0.05175781,0.7441406,-0.6035156,-18.5,-18.25,6.46875,-0.1669922,1.044922,0.3447266,75.78125,3.34375,13.78125,-0.1728516,0.75,0.2285156,128.3438,37.65625,-47.8125,83.46665,155.7327,176.4753,219.5107,316.9044,113.2661
1384.65,0.05175781,0.7441406,-0.6035156,-18.5,-18.25,6.46875,-0.1669922,1.044922,0.3447266,75.78125,3.34375,13.78125,-0.1728516,0.75,0.2285156,128.3438,37.65625,-47.8125,83.46665,155.7327,176.4753,219.5107,316.9044,113.2661
1384.683,0.05175781,0.7441406,-0.6035156,-18.5,-18.25,6.46875,-0.1669922,1.044922,0.3447266,75.78125,3.34375,13.78125,-0.1728516,0.75,0.2285156,128.3438,37.65625,-47.8125,83.46665,155.7327,176.4753,219.5107,316.9044,113.2661
1384.716,0.05175781,0.7441406,-0.6035156,-18.5,-18.25,6.46875,-0.1669922,1.044922,0.3447266,75.78125,3.34375,13.78125,-0.1728516,0.75,0.2285156,128.3438,37.65625,-47.8125,83.46665,155.7327,176.4753,219.5107,316.9044,113.2661
1384.75,0.05175781,0.7441406,-0.6035156,-18.5,-18.25,6.46875,-0.1669922,1.044922,0.3447266,75.78125,3.34375,13.78125,-0.1728516,0.75,0.2285156,128.3438,37.65625,-47.8125,83.46665,155.7327,176.4753,219.5107,316.9044,113.2661
1384.783,0.05175781,0.7441406,-0.6035156,-18.5,-18.25,6.46875,-0.1669922,1.044922,0.3447266,75.78125,3.34375,13.78125,-0.1728516,0.75,0.2285156,128.3438,37.65625,-47.8125,83.46665,155.7327,176.4753,219.5107,316.9044,113.2661
1384.816,0.05175781,0.7441406,-0.6035156,-18.5,-18.25,6.46875,-0.1669922,1.044922,0.3447266,75.78125,3.34375,13.78125,-0.1728516,0.75,0.2285156,128.3438,37.65625,-47.8125,83.46665,155.7327,176.4753,219.5107,316.9044,113.2661
1384.85,0.05175781,0.7441406,-0.6035156,-18.5,-18.25,6.46875,-0.1669922,1.044922,0.3447266,75.78125,3.34375,13.78125,-0.1728516,0.75,0.2285156,128.3438,37.65625,-47.8125,83.46665,155.7327,176.4753,219.5107,316.9044,113.2661
1384.883,0.05175781,0.7441406,-0.6035156,-18.5,-18.25,6.46875,-0.1669922,1.044922,0.3447266,75.78125,3.34375,13.78125,-0.1728516,0.75,0.2285156,128.3438,37.65625,-47.8125,83.46665,155.7327,176.4753,219.5107,316.9044,113.2661
1384.916,0.05175781,0.7441406,-0.6035156,-18.5,-18.25,6.46875,-0.1669922,1.044922,0.3447266,75.78125,3.34375,13.78125,-0.1728516,0.75,0.2285156,128.3438,37.65625,-47.8125,91.0574,135.3145,163.8901,219.5107,316.9044,113.2661
1384.95,0.05175781,0.7441406,-0.6035156,-18.5,-18.25,6.46875,-0.2138672,0.9169922,0.1035156,-78.375,4.375,3.28125,-0.1728516,0.75,0.2285156,128.3438,37.65625,-47.8125,91.0574,135.3145,163.8901,219.5107,316.9044,113.2661
1384.983,0.05175781,0.7441406,-0.6035156,-18.5,-18.25,6.46875,-0.1132813,0.8720703,0.3183594,-90.21875,1.875,-18.03125,-0.1728516,0.75,0.2285156,128.3438,37.65625,-47.8125,91.0574,135.3145,163.8901,219.5107,316.9044,113.2661
1385.016,-0.1025391,0.8466797,-0.2207031,33.84375,1.8125,2.78125,-0.1132813,0.8720703,0.3183594,-90.21875,1.875,-18.03125,-0.1728516,0.75,0.2285156,128.3438,37.65625,-47.8125,91.0574,135.3145,163.8901,219.5107,316.9044,113.2661
1385.05,-0.1025391,0.8466797,-0.2207031,33.84375,1.8125,2.78125,-0.1132813,0.8720703,0.3183594,-90.21875,1.875,-18.03125,-0.1728516,0.75,0.2285156,128.3438,37.65625,-47.8125,91.0574,135.3145,163.8901,219.5107,316.9044,113.2661
1385.083,-0.1025391,0.8466797,-0.2207031,33.84375,1.8125,2.78125,-0.1132813,0.8720703,0.3183594,-90.21875,1.875,-18.03125,-0.1728516,0.75,0.2285156,128.3438,37.65625,-47.8125,91.0574,135.3145,163.8901,219.5107,316.9044,113.2661
1385.117,-0.1025391,0.8466797,-0.2207031,33.84375,1.8125,2.78125,-0.1132813,0.8720703,0.3183594,-90.21875,1.875,-18.03125,-0.1728516,0.75,0.2285156,128.3438,37.65625,-47.8125,82.83868,150.4347,174.4461,219.5107,316.9044,113.2661
1385.15,-0.03027344,0.9082031,-0.3339844,6.875,-3,-2.40625,-0.1132813,0.8720703,0.3183594,-90.21875,1.875,-18.03125,-0.1728516,0.75,0.2285156,128.3438,37.65625,-47.8125,82.83868,150.4347,174.4461,219.5107,316.9044,113.2661
1385.184,-0.03027344,0.9082031,-0.3339844,6.875,-3,-2.40625,-0.1132813,0.8720703,0.3183594,-90.21875,1.875,-18.03125,-0.1728516,0.75,0.2285156,128.3438,37.65625,-47.8125,82.83868,150.4347,174.4461,219.5107,316.9044,113.2661
1385.217,-0.03027344,0.9082031,-0.3339844,6.875,-3,-2.40625,-0.3642578,0.2216797,0.8603516,-83.625,-25.46875,-28.09375,-0.1728516,0.75,0.2285156,128.3438,37.65625,-47.8125,80.22941,159.4066,179.6199,219.5107,316.9044,113.2661
1385.252,0.08691406,1.268555,-0.671875,81.78125,-2.46875,11.09375,-0.3642578,0.2216797,0.8603516,-83.625,-25.46875,-28.09375,-0.1728516,0.75,0.2285156,128.3438,37.65625,-47.8125,80.22941,159.4066,179.6199,219.5107,316.9044,113.2661
1385.285,0.08691406,1.268555,-0.671875,81.78125,-2.46875,11.09375,0.01757813,0.5498047,0.7255859,-50.125,-27.40625,-16.1875,-0.1728516,0.75,0.2285156,128.3438,37.65625,-47.8125,80.22941,159.4066,179.6199,219.5107,316.9044,113.2661
1385.316,0.08691406,1.268555,-0.671875,81.78125,-2.46875,11.09375,0.01757813,0.5498047,0.7255859,-50.125,-27.40625,-16.1875,-0.1728516,0.75,0.2285156,128.3438,37.65625,-47.8125,80.22941,159.4066,179.6199,219.5107,316.9044,113.2661
1385.349,0.08691406,1.268555,-0.671875,81.78125,-2.46875,11.09375,0.01757813,0.5498047,0.7255859,-50.125,-27.40625,-16.1875,-0.1728516,0.75,0.2285156,128.3438,37.65625,-47.8125,80.22941,159.4066,179.6199,219.5107,316.9044,113.2661
1385.382,0.08691406,1.268555,-0.671875,81.78125,-2.46875,11.09375,0.01757813,0.5498047,0.7255859,-50.125,-27.40625,-16.1875,-0.1728516,0.75,0.2285156,128.3438,37.65625,-47.8125,80.22941,159.4066,179.6199,219.5107,316.9044,113.2661
1385.416,0.08691406,1.268555,-0.671875,81.78125,-2.46875,11.09375,0.01757813,0.5498047,0.7255859,-50.125,-27.40625,-16.1875,-0.1728516,0.75,0.2285156,128.3438,37.65625,-47.8125,80.37663,169.1072,181.801,219.5107,316.9044,113.2661
1385.449,0.08691406,1.268555,-0.671875,81.78125,-2.46875,11.09375,0.01757813,0.5498047,0.7255859,-50.125,-27.40625,-16.1875,-0.1728516,0.75,0.2285156,128.3438,37.65625,-47.8125,80.37663,169.1072,181.801,219.5107,316.9044,113.2661
1385.482,0.08691406,1.268555,-0.671875,81.78125,-2.46875,11.09375,0.01757813,0.5498047,0.7255859,-50.125,-27.40625,-16.1875,-0.1728516,0.75,0.2285156,128.3438,37.65625,-47.8125,80.59258,171.6365,183.0524,219.5107,316.9044,113.2661
1385.516,0.08691406,1.268555,-0.671875,81.78125,-2.46875,11.09375,-0.1171875,0.328125,0.9248047,-3.75,-6.65625,9.09375,-0.1728516,0.75,0.2285156,128.3438,37.65625,-47.8125,80.59258,171.6365,183.0524,219.5107,316.9044,113.2661
1385.549,0.1083984,0.8242188,-0.1474609,-70.09375,12.5,-1.65625,-0.1171875,0.328125,0.9248047,-3.75,-6.65625,9.09375,-0.1728516,0.75,0.2285156,128.3438,37.65625,-47.8125,80.59258,171.6365,183.0524,219.5107,316.9044,113.2661
1385.582,0.1083984,0.8242188,-0.1474609,-70.09375,12.5,-1.65625,-0.1171875,0.328125,0.9248047,-3.75,-6.65625,9.09375,-0.1728516,0.75,0.2285156,128.3438,37.65625,-47.8125,80.59258,171.6365,183.0524,219.5107,316.9044,113.2661
1385.616,0.1523438,1.107422,-0.3632813,-27.96875,-7.9375,-18.375,-0.2919922,0.5761719,0.6904297,-1.40625,-13.5,1.5625,-0.1728516,0.75,0.2285156,128.3438,37.65625,-47.8125,80.59258,171.6365,183.0524,219.5107,316.9044,113.2661
1385.649,-0.2070313,0.8544922,-0.2519531,-21.5,8.21875,-0.8125,-0.2919922,0.5761719,0.6904297,-1.40625,-13.5,1.5625,-0.1728516,0.75,0.2285156,128.3438,37.65625,-47.8125,80.59258,171.6365,183.0524,219.5107,316.9044,113.2661
1385.682,-0.2070313,0.8544922,-0.2519531,-21.5,8.21875,-0.8125,-0.2919922,0.5761719,0.6904297,-1.40625,-13.5,1.5625,-0.1728516,0.75,0.2285156,128.3438,37.65625,-47.8125,80.59258,171.6365,183.0524,219.5107,316.9044,113.2661
1385.716,-0.2070313,0.8544922,-0.2519531,-21.5,8.21875,-0.8125,-0.2919922,0.5761719,0.6904297,-1.40625,-13.5,1.5625,-0.1728516,0.75,0.2285156,128.3438,37.65625,-47.8125,80.59258,171.6365,183.0524,219.5107,316.9044,113.2661
1385.749,-0.2070313,0.8544922,-0.2519531,-21.5,8.21875,-0.8125,-0.2919922,0.5761719,0.6904297,-1.40625,-13.5,1.5625,-0.1728516,0.75,0.2285156,128.3438,37.65625,-47.8125,80.59258,171.6365,183.0524,219.5107,316.9044,113.2661
1385.782,-0.2070313,0.8544922,-0.2519531,-21.5,8.21875,-0.8125,-0.2919922,0.5761719,0.6904297,-1.40625,-13.5,1.5625,-0.1728516,0.75,0.2285156,128.3438,37.65625,-47.8125,80.59258,171.6365,183.0524,219.5107,316.9044,113.2661
1385.816,-0.2070313,0.8544922,-0.2519531,-21.5,8.21875,-0.8125,-0.2919922,0.5761719,0.6904297,-1.40625,-13.5,1.5625,-0.1728516,0.75,0.2285156,128.3438,37.65625,-47.8125,78.60004,172.5822,182.9317,219.5107,316.9044,113.2661
1385.849,-0.2070313,0.8544922,-0.2519531,-21.5,8.21875,-0.8125,-0.2919922,0.5761719,0.6904297,-1.40625,-13.5,1.5625,-0.1728516,0.75,0.2285156,128.3438,37.65625,-47.8125,78.60004,172.5822,182.9317,219.5107,316.9044,113.2661
1385.882,0.04882813,0.9755859,-0.1982422,50.15625,-5.5,1.21875,-0.2919922,0.5761719,0.6904297,-1.40625,-13.5,1.5625,-0.1728516,0.75,0.2285156,128.3438,37.65625,-47.8125,78.60004,172.5822,182.9317,219.5107,316.9044,113.2661
1385.916,0.04882813,0.9755859,-0.1982422,50.15625,-5.5,1.21875,-0.2324219,0.46875,0.8447266,1.75,5.21875,-0.4375,-0.1728516,0.75,0.2285156,128.3438,37.65625,-47.8125,78.60004,172.5822,182.9317,219.5107,316.9044,113.2661
1385.95,0.04882813,0.9755859,-0.1982422,50.15625,-5.5,1.21875,-0.2324219,0.46875,0.8447266,1.75,5.21875,-0.4375,-0.1728516,0.75,0.2285156,128.3438,37.65625,-47.8125,78.60004,172.5822,182.9317,219.5107,316.9044,113.2661
1385.982,0.04882813,0.9755859,-0.1982422,50.15625,-5.5,1.21875,-0.2324219,0.46875,0.8447266,1.75,5.21875,-0.4375,-0.1728516,0.75,0.2285156,128.3438,37.65625,-47.8125,78.60004,172.5822,182.9317,219.5107,316.9044,113.2661
1386.016,0.04882813,0.9755859,-0.1982422,50.15625,-5.5,1.21875,-0.2324219,0.46875,0.8447266,1.75,5.21875,-0.4375,-0.1728516,0.75,0.2285156,128.3438,37.65625,-47.8125,78.60004,172.5822,182.9317,219.5107,316.9044,113.2661
1386.049,0.04882813,0.9755859,-0.1982422,50.15625,-5.5,1.21875,-0.2324219,0.46875,0.8447266,1.75,5.21875,-0.4375,-0.1728516,0.75,0.2285156,128.3438,37.65625,-47.8125,78.60004,172.5822,182.9317,219.5107,316.9044,113.2661
1386.082,0.04882813,0.9755859,-0.1982422,50.15625,-5.5,1.21875,-0.1162109,0.4423828,0.8769531,54.375,57.78125,26.65625,-0.1728516,0.75,0.2285156,128.3438,37.65625,-47.8125,78.60004,172.5822,182.9317,219.5107,316.9044,113.2661
1386.115,0.04882813,0.9755859,-0.1982422,50.15625,-5.5,1.21875,-0.1162109,0.4423828,0.8769531,54.375,57.78125,26.65625,-0.1728516,0.75,0.2285156,128.3438,37.65625,-47.8125,78.60004,172.5822,182.9317,219.5107,316.9044,113.2661
1386.149,0.04882813,0.9755859,-0.1982422,50.15625,-5.5,1.21875,-0.1162109,0.4423828,0.8769531,54.375,57.78125,26.65625,-0.1728516,0.75,0.2285156,128.3438,37.65625,-47.8125,78.60004,172.5822,182.9317,219.5107,316.9044,113.2661
1386.182,0.04882813,0.9755859,-0.1982422,50.15625,-5.5,1.21875,-0.2099609,0.5019531,0.6972656,74.3125,-4.34375,32.21875,-0.1728516,0.75,0.2285156,128.3438,37.65625,-47.8125,78.60004,172.5822,182.9317,219.5107,316.9044,113.2661
1386.215,0.04882813,0.9755859,-0.1982422,50.15625,-5.5,1.21875,-0.2099609,0.5019531,0.6972656,74.3125,-4.34375,32.21875,-0.1728516,0.75,0.2285156,128.3438,37.65625,-47.8125,78.60004,172.5822,182.9317,219.5107,316.9044,113.2661
1386.249,0.04882813,0.9755859,-0.1982422,50.15625,-5.5,1.21875,-0.2099609,0.5019531,0.6972656,74.3125,-4.34375,32.21875,-0.1728516,0.75,0.2285156,128.3438,37.65625,-47.8125,78.60004,172.5822,182.9317,219.5107,316.9044,113.2661
1386.282,0.04882813,0.9755859,-0.1982422,50.15625,-5.5,1.21875,-0.2099609,0.5019531,0.6972656,74.3125,-4.34375,32.21875,-0.1728516,0.75,0.2285156,128.3438,37.65625,-47.8125,78.60004,172.5822,182.9317,219.5107,316.9044,113.2661
1386.315,0.04882813,0.9755859,-0.1982422,50.15625,-5.5,1.21875,-0.2099609,0.5019531,0.6972656,74.3125,-4.34375,32.21875,-0.1728516,0.75,0.2285156,128.3438,37.65625,-47.8125,78.60004,172.5822,182.9317,219.5107,316.9044,113.2661
1386.349,-0.09472656,0.8613281,-0.5527344,-59.65625,5.71875,-4.59375,-0.2099609,0.5019531,0.6972656,74.3125,-4.34375,32.21875,-0.1728516,0.75,0.2285156,128.3438,37.65625,-47.8125,79.4329,162.1423,180.8008,219.5107,316.9044,113.2661
1386.382,-0.09472656,0.8613281,-0.5527344,-59.65625,5.71875,-4.59375,-0.2099609,0.5019531,0.6972656,74.3125,-4.34375,32.21875,-0.1728516,0.75,0.2285156,128.3438,37.65625,-47.8125,79.4329,162.1423,180.8008,219.5107,316.9044,113.2661
1386.415,-0.09472656,0.8613281,-0.5527344,-59.65625,5.71875,-4.59375,-0.2099609,0.5019531,0.6972656,74.3125,-4.34375,32.21875,-0.1728516,0.75,0.2285156,128.3438,37.65625,-47.8125,79.4329,162.1423,180.8008,219.5107,316.9044,113.2661
1386.448,0.05761719,0.5009766,-0.4179688,-40,-3.625,-8.75,-0.1621094,0.9287109,0.3056641,105.4688,17.125,15.78125,-0.1728516,0.75,0.2285156,128.3438,37.65625,-47.8125,83.95223,148.6086,171.5137,219.5107,316.9044,113.2661
1386.486,0.05761719,0.5009766,-0.4179688,-40,-3.625,-8.75,-0.1621094,0.9287109,0.3056641,105.4688,17.125,15.78125,-0.1728516,0.75,0.2285156,128.3438,37.65625,-47.8125,83.95223,148.6086,171.5137,219.5107,316.9044,113.2661
1386.515,0.05761719,0.5009766,-0.4179688,-40,-3.625,-8.75,-0.3505859,0.8535156,0.2128906,87.5,-11.375,2.96875,-0.1728516,0.75,0.2285156,128.3438,37.65625,-47.8125,83.95223,148.6086,171.5137,219.5107,316.9044,113.2661
1386.549,0.05761719,0.5009766,-0.4179688,-40,-3.625,-8.75,-0.3505859,0.8535156,0.2128906,87.5,-11.375,2.96875,-0.1728516,0.75,0.2285156,128.3438,37.65625,-47.8125,83.95223,148.6086,171.5137,219.5107,316.9044,113.2661
1386.582,0.05761719,0.5009766,-0.4179688,-40,-3.625,-8.75,-0.3505859,0.8535156,0.2128906,87.5,-11.375,2.96875,-0.1728516,0.75,0.2285156,128.3438,37.65625,-47.8125,83.95223,148.6086,171.5137,219.5107,316.9044,113.2661
1386.615,0.05761719,0.5009766,-0.4179688,-40,-3.625,-8.75,-0.3505859,0.8535156,0.2128906,87.5,-11.375,2.96875,-0.1728516,0.75,0.2285156,128.3438,37.65625,-47.8125,83.95223,148.6086,171.5137,219.5107,316.9044,113.2661
1386.649,-0.005859375,0.4443359,-0.4921875,26.46875,-3.375,6.15625,-0.3505859,0.8535156,0.2128906,87.5,-11.375,2.96875,-0.1728516,0.75,0.2285156,128.3438,37.65625,-47.8125,83.95223,148.6086,171.5137,219.5107,316.9044,113.2661
1386.682,-0.005859375,0.4443359,-0.4921875,26.46875,-3.375,6.15625,-0.3505859,0.8535156,0.2128906,87.5,-11.375,2.96875,-0.1728516,0.75,0.2285156,128.3438,37.65625,-47.8125,83.95223,148.6086,171.5137,219.5107,316.9044,113.2661
1386.715,-0.005859375,0.4443359,-0.4921875,26.46875,-3.375,6.15625,-0.3505859,0.8535156,0.2128906,87.5,-11.375,2.96875,-0.1728516,0.75,0.2285156,128.3438,37.65625,-47.8125,91.99039,131.0106,160.1768,219.5107,316.9044,113.2661
1386.748,0.04980469,0.8164063,-0.5341797,69.375,-1.25,13.65625,-0.2431641,0.9775391,-0.09179688,-65.5,7.1875,-1.46875,-0.1728516,0.75,0.2285156,128.3438,37.65625,-47.8125,91.99039,131.0106,160.1768,219.5107,316.9044,113.2661
1386.782,0.04980469,0.8164063,-0.5341797,69.375,-1.25,13.65625,-0.2431641,0.9775391,-0.09179688,-65.5,7.1875,-1.46875,-0.1728516,0.75,0.2285156,128.3438,37.65625,-47.8125,91.99039,131.0106,160.1768,219.5107,316.9044,113.2661
1386.815,0.04980469,0.8164063,-0.5341797,69.375,-1.25,13.65625,-0.2431641,0.9775391,-0.09179688,-65.5,7.1875,-1.46875,-0.1728516,0.75,0.2285156,128.3438,37.65625,-47.8125,91.99039,131.0106,160.1768,219.5107,316.9044,113.2661
1386.848,0.04980469,0.8164063,-0.5341797,69.375,-1.25,13.65625,-0.2431641,0.9775391,-0.09179688,-65.5,7.1875,-1.46875,-0.1728516,0.75,0.2285156,128.3438,37.65625,-47.8125,91.99039,131.0106,160.1768,219.5107,316.9044,113.2661
1386.882,0.04980469,0.8164063,-0.5341797,69.375,-1.25,13.65625,-0.2431641,0.9775391,-0.09179688,-65.5,7.1875,-1.46875,-0.1728516,0.75,0.2285156,128.3438,37.65625,-47.8125,91.99039,131.0106,160.1768,219.5107,316.9044,113.2661
1386.915,0.04980469,0.8164063,-0.5341797,69.375,-1.25,13.65625,-0.2431641,0.9775391,-0.09179688,-65.5,7.1875,-1.46875,-0.1728516,0.75,0.2285156,128.3438,37.65625,-47.8125,91.99039,131.0106,160.1768,219.5107,316.9044,113.2661
1386.949,0.04980469,0.8164063,-0.5341797,69.375,-1.25,13.65625,-0.2431641,0.9775391,-0.09179688,-65.5,7.1875,-1.46875,-0.1728516,0.75,0.2285156,128.3438,37.65625,-47.8125,84.63406,154.306,177.5148,219.5107,316.9044,113.2661
1386.983,0.04980469,0.8164063,-0.5341797,69.375,-1.25,13.65625,-0.2431641,0.9775391,-0.09179688,-65.5,7.1875,-1.46875,-0.1728516,0.75,0.2285156,128.3438,37.65625,-47.8125,84.63406,154.306,177.5148,219.5107,316.9044,113.2661
1387.015,0.04980469,0.8164063,-0.5341797,69.375,-1.25,13.65625,0.3505859,0.7041016,0.7050781,-78.125,-73.75,-39.25,-0.1728516,0.75,0.2285156,128.3438,37.65625,-47.8125,84.63406,154.306,177.5148,219.5107,316.9044,113.2661
1387.049,0.04980469,0.8164063,-0.5341797,69.375,-1.25,13.65625,0.3505859,0.7041016,0.7050781,-78.125,-73.75,-39.25,-0.1728516,0.75,0.2285156,128.3438,37.65625,-47.8125,84.63406,154.306,177.5148,219.5107,316.9044,113.2661
1387.082,0.04980469,0.8164063,-0.5341797,69.375,-1.25,13.65625,-0.5351563,0.3271484,0.8007813,-87.125,-61.71875,-32.25,-0.1728516,0.75,0.2285156,128.3438,37.65625,-47.8125,84.63406,154.306,177.5148,219.5107,316.9044,113.2661
1387.115,-0.01953125,1.341797,-0.7890625,-52.09375,-2.40625,7.8125,-0.5351563,0.3271484,0.8007813,-87.125,-61.71875,-32.25,-0.1728516,0.75,0.2285156,128.3438,37.65625,-47.8125,84.63406,154.306,177.5148,219.5107,316.9044,113.2661
1387.149,-0.01953125,1.341797,-0.7890625,-52.09375,-2.40625,7.8125,-0.5351563,0.3271484,0.8007813,-87.125,-61.71875,-32.25,-0.1728516,0.75,0.2285156,128.3438,37.65625,-47.8125,84.63406,154.306,177.5148,219.5107,316.9044,113.2661
1387.183,0.1347656,0.9462891,-0.8251953,-21.1875,17.5625,3.65625,-0.5351563,0.3271484,0.8007813,-87.125,-61.71875,-32.25,-0.1728516,0.75,0.2285156,128.3438,37.65625,-47.8125,84.63406,154.306,177.5148,219.5107,316.9044,113.2661
1387.215,0.1347656,0.9462891,-0.8251953,-21.1875,17.5625,3.65625,-0.5351563,0.3271484,0.8007813,-87.125,-61.71875,-32.25,-0.1728516,0.75,0.2285156,128.3438,37.65625,-47.8125,84.05856,168.0506,181.6002,219.5107,316.9044,113.2661
1387.248,0.1347656,0.9462891,-0.8251953,-21.1875,17.5625,3.65625,-0.5351563,0.3271484,0.8007813,-87.125,-61.71875,-32.25,-0.1728516,0.75,0.2285156,128.3438,37.65625,-47.8125,84.05856,168.0506,181.6002,219.5107,316.9044,113.2661
1387.281,0.1347656,0.9462891,-0.8251953,-21.1875,17.5625,3.65625,-0.1015625,0.2324219,0.8457031,-10.6875,-0.875,-9.28125,-0.1728516,0.75,0.2285156,128.3438,37.65625,-47.8125,85.24844,173.0274,182.7683,219.5107,316.9044,113.2661
1387.314,0.1347656,0.9462891,-0.8251953,-21.1875,17.5625,3.65625,-0.1015625,0.2324219,0.8457031,-10.6875,-0.875,-9.28125,-0.1728516,0.75,0.2285156,128.3438,37.65625,-47.8125,85.24844,173.0274,182.7683,219.5107,316.9044,113.2661
1387.348,0.1347656,0.9462891,-0.8251953,-21.1875,17.5625,3.65625,-0.1015625,0.2324219,0.8457031,-10.6875,-0.875,-9.28125,-0.1728516,0.75,0.2285156,128.3438,37.65625,-47.8125,85.24844,173.0274,182.7683,219.5107,316.9044,113.2661
1387.382,0.01464844,0.9511719,-0.2998047,-16.375,1.375,-6.59375,-0.1015625,0.2324219,0.8457031,-10.6875,-0.875,-9.28125,-0.1728516,0.75,0.2285156,128.3438,37.65625,-47.8125,85.24844,173.0274,182.7683,219.5107,316.9044,113.2661
1387.414,0.01464844,0.9511719,-0.2998047,-16.375,1.375,-6.59375,-0.2900391,0.3076172,0.8544922,3.78125,-1.46875,-3.5,-0.1728516,0.75,0.2285156,128.3438,37.65625,-47.8125,85.24844,173.0274,182.7683,219.5107,316.9044,113.2661
1387.448,0.01464844,0.9511719,-0.2998047,-16.375,1.375,-6.59375,-0.2900391,0.3076172,0.8544922,3.78125,-1.46875,-3.5,-0.1728516,0.75,0.2285156,128.3438,37.65625,-47.8125,85.24844,173.0274,182.7683,219.5107,316.9044,113.2661
1387.481,0.01464844,0.9511719,-0.2998047,-16.375,1.375,-6.59375,-0.2900391,0.3076172,0.8544922,3.78125,-1.46875,-3.5,-0.1728516,0.75,0.2285156,128.3438,37.65625,-47.8125,85.24844,173.0274,182.7683,219.5107,316.9044,113.2661
1387.514,0.01464844,0.9511719,-0.2998047,-16.375,1.375,-6.59375,-0.2900391,0.3076172,0.8544922,3.78125,-1.46875,-3.5,-0.1728516,0.75,0.2285156,128.3438,37.65625,-47.8125,85.24844,173.0274,182.7683,219.5107,316.9044,113.2661
1387.548,-0.1308594,0.9355469,-0.1884766,-15.03125,2.0625,-3.25,-0.3066406,0.4042969,0.7666016,0.21875,7.96875,-3.90625,-0.1728516,0.75,0.2285156,128.3438,37.65625,-47.8125,85.24844,173.0274,182.7683,219.5107,316.9044,113.2661
1387.581,-0.1308594,0.9355469,-0.1884766,-15.03125,2.0625,-3.25,-0.3066406,0.4042969,0.7666016,0.21875,7.96875,-3.90625,-0.1728516,0.75,0.2285156,128.3438,37.65625,-47.8125,85.24844,173.0274,182.7683,219.5107,316.9044,113.2661
1387.614,-0.1308594,0.9355469,-0.1884766,-15.03125,2.0625,-3.25,-0.3066406,0.4042969,0.7666016,0.21875,7.96875,-3.90625,-0.1728516,0.75,0.2285156,128.3438,37.65625,-47.8125,89.1116,178.8459,187.6469,219.5107,316.9044,113.2661
1387.648,-0.05078125,1.008789,-0.2304688,-10.21875,4,-1.34375,-0.3066406,0.4042969,0.7666016,0.21875,7.96875,-3.90625,-0.1728516,0.75,0.2285156,128.3438,37.65625,-47.8125,89.1116,178.8459,187.6469,219.5107,316.9044,113.2661
1387.682,-0.05078125,1.008789,-0.2304688,-10.21875,4,-1.34375,-0.1650391,0.5488281,0.8720703,-5.09375,-4.90625,-0.5,-0.1728516,0.75,0.2285156,128.3438,37.65625,-47.8125,89.1116,178.8459,187.6469,219.5107,316.9044,113.2661
1387.714,-0.05078125,1.008789,-0.2304688,-10.21875,4,-1.34375,-0.1650391,0.5488281,0.8720703,-5.09375,-4.90625,-0.5,-0.1728516,0.75,0.2285156,128.3438,37.65625,-47.8125,89.1116,178.8459,187.6469,219.5107,316.9044,113.2661
1387.748,-0.05078125,1.008789,-0.2304688,-10.21875,4,-1.34375,-0.1650391,0.5488281,0.8720703,-5.09375,-4.90625,-0.5,-0.1728516,0.75,0.2285156,128.3438,37.65625,-47.8125,89.1116,178.8459,187.6469,219.5107,316.9044,113.2661
1387.783,-0.05078125,1.008789,-0.2304688,-10.21875,4,-1.34375,-0.1650391,0.5488281,0.8720703,-5.09375,-4.90625,-0.5,-0.1728516,0.75,0.2285156,128.3438,37.65625,-47.8125,89.1116,178.8459,187.6469,219.5107,316.9044,113.2661
1387.815,-0.05078125,1.008789,-0.2304688,-10.21875,4,-1.34375,-0.1650391,0.5488281,0.8720703,-5.09375,-4.90625,-0.5,-0.1728516,0.75,0.2285156,128.3438,37.65625,-47.8125,89.1116,178.8459,187.6469,219.5107,316.9044,113.2661
1387.847,-0.05078125,1.008789,-0.2304688,-10.21875,4,-1.34375,-0.1650391,0.5488281,0.8720703,-5.09375,-4.90625,-0.5,-0.1728516,0.75,0.2285156,128.3438,37.65625,-47.8125,89.1116,178.8459,187.6469,219.5107,316.9044,113.2661
1387.881,-0.05078125,1.008789,-0.2304688,-10.21875,4,-1.34375,-0.2568359,0.4306641,0.8583984,3.78125,-12.03125,2.84375,-0.1728516,0.75,0.2285156,128.3438,37.65625,-47.8125,89.1116,178.8459,187.6469,219.5107,316.9044,113.2661
1387.914,-0.05078125,1.008789,-0.2304688,-10.21875,4,-1.34375,-0.2568359,0.4306641,0.8583984,3.78125,-12.03125,2.84375,-0.1728516,0.75,0.2285156,128.3438,37.65625,-47.8125,89.1116,178.8459,187.6469,219.5107,316.9044,113.2661
1387.947,-0.05078125,1.008789,-0.2304688,-10.21875,4,-1.34375,-0.2568359,0.4306641,0.8583984,3.78125,-12.03125,2.84375,-0.1728516,0.75,0.2285156,128.3438,37.65625,-47.8125,89.1116,178.8459,187.6469,219.5107,316.9044,113.2661
1387.981,-0.05078125,1.008789,-0.2304688,-10.21875,4,-1.34375,-0.2519531,0.5029297,0.8857422,3.84375,-11.71875,2.5,-0.1728516,0.75,0.2285156,128.3438,37.65625,-47.8125,89.1116,178.8459,187.6469,219.5107,316.9044,113.2661
1388.014,0.05566406,0.8212891,-0.1875,12.375,-7.46875,-1.59375,-0.2519531,0.5029297,0.8857422,3.84375,-11.71875,2.5,-0.1728516,0.75,0.2285156,128.3438,37.65625,-47.8125,89.1116,178.8459,187.6469,219.5107,316.9044,113.2661
1388.047,0.05566406,0.8212891,-0.1875,12.375,-7.46875,-1.59375,-0.2519531,0.5029297,0.8857422,3.84375,-11.71875,2.5,-0.1728516,0.75,0.2285156,128.3438,37.65625,-47.8125,89.1116,178.8459,187.6469,219.5107,316.9044,113.2661
1388.082,0.05566406,0.8212891,-0.1875,12.375,-7.46875,-1.59375,-0.2519531,0.5029297,0.8857422,3.84375,-11.71875,2.5,-0.1728516,0.75,0.2285156,128.3438,37.65625,-47.8125,89.1116,178.8459,187.6469,219.5107,316.9044,113.2661
1388.114,0.05566406,0.8212891,-0.1875,12.375,-7.46875,-1.59375,-0.2519531,0.5029297,0.8857422,3.84375,-11.71875,2.5,-0.1728516,0.75,0.2285156,128.3438,37.65625,-47.8125,89.1116,178.8459,187.6469,219.5107,316.9044,113.2661
1388.147,0.2255859,0.890625,-0.2207031,8.59375,-3.96875,0.90625,-0.2519531,0.5029297,0.8857422,3.84375,-11.71875,2.5,-0.1728516,0.75,0.2285156,128.3438,37.65625,-47.8125,89.1116,178.8459,187.6469,219.5107,316.9044,113.2661
1388.181,0.2255859,0.890625,-0.2207031,8.59375,-3.96875,0.90625,-0.2519531,0.5029297,0.8857422,3.84375,-11.71875,2.5,-0.1728516,0.75,0.2285156,128.3438,37.65625,-47.8125,89.1116,178.8459,187.6469,219.5107,316.9044,113.2661
1388.214,0.1962891,0.890625,-0.4365234,11.34375,0.96875,1.5625,-0.0009765625,0.4609375,0.7675781,-0.0625,11.8125,1.625,-0.1728516,0.75,0.2285156,128.3438,37.65625,-47.8125,89.1116,178.8459,187.6469,219.5107,316.9044,113.2661
1388.247,0.1962891,0.890625,-0.4365234,11.34375,0.96875,1.5625,-0.0009765625,0.4609375,0.7675781,-0.0625,11.8125,1.625,-0.1728516,0.75,0.2285156,128.3438,37.65625,-47.8125,89.1116,178.8459,187.6469,219.5107,316.9044,113.2661
1388.28,0.1962891,0.890625,-0.4365234,11.34375,0.96875,1.5625,-0.0009765625,0.4609375,0.7675781,-0.0625,11.8125,1.625,-0.1728516,0.75,0.2285156,128.3438,37.65625,-47.8125,89.1116,178.8459,187.6469,219.5107,316.9044,113.2661
1388.313,0.1962891,0.890625,-0.4365234,11.34375,0.96875,1.5625,-0.2421875,0.4462891,0.9101563,-0.9375,8.65625,0.15625,-0.1728516,0.75,0.2285156,128.3438,37.65625,-47.8125,89.1116,178.8459,187.6469,219.5107,316.9044,113.2661
1388.347,0.1962891,0.890625,-0.4365234,11.34375,0.96875,1.5625,-0.2421875,0.4462891,0.9101563,-0.9375,8.65625,0.15625,-0.1728516,0.75,0.2285156,128.3438,37.65625,-47.8125,89.1116,178.8459,187.6469,219.5107,316.9044,113.2661
1388.38,0.1962891,0.890625,-0.4365234,11.34375,0.96875,1.5625,-0.2421875,0.4462891,0.9101563,-0.9375,8.65625,0.15625,-0.1728516,0.75,0.2285156,128.3438,37.65625,-47.8125,89.1116,178.8459,187.6469,219.5107,316.9044,113.2661
1388.413,0.1962891,0.890625,-0.4365234,11.34375,0.96875,1.5625,-0.2421875,0.4462891,0.9101563,-0.9375,8.65625,0.15625,-0.1728516,0.75,0.2285156,128.3438,37.65625,-47.8125,89.1116,178.8459,187.6469,219.5107,316.9044,113.2661
1388.447,0.1962891,0.890625,-0.4365234,11.34375,0.96875,1.5625,-0.2421875,0.4462891,0.9101563,-0.9375,8.65625,0.15625,-0.1728516,0.75,0.2285156,128.3438,37.65625,-47.8125,89.1116,178.8459,187.6469,219.5107,316.9044,113.2661
1388.48,0.1962891,0.890625,-0.4365234,11.34375,0.96875,1.5625,-0.2421875,0.4462891,0.9101563,-0.9375,8.65625,0.15625,-0.1728516,0.75,0.2285156,128.3438,37.65625,-47.8125,89.1116,178.8459,187.6469,219.5107,316.9044,113.2661
1388.513,0.15625,0.9707031,-0.2880859,6.8125,-0.5625,-1,-0.2421875,0.4462891,0.9101563,-0.9375,8.65625,0.15625,-0.1728516,0.75,0.2285156,128.3438,37.65625,-47.8125,89.1116,178.8459,187.6469,219.5107,316.9044,113.2661
1388.546,0.15625,0.9707031,-0.2880859,6.8125,-0.5625,-1,-0.2421875,0.4462891,0.9101563,-0.9375,8.65625,0.15625,-0.1728516,0.75,0.2285156,128.3438,37.65625,-47.8125,89.1116,178.8459,187.6469,219.5107,316.9044,113.2661
1388.581,0.01464844,0.7998047,-0.3261719,2.90625,-0.125,1.5625,-0.2802734,0.4501953,0.8662109,-0.375,-2.09375,-0.1875,-0.1728516,0.75,0.2285156,128.3438,37.65625,-47.8125,89.1116,178.8459,187.6469,219.5107,316.9044,113.2661
1388.613,0.01464844,0.7998047,-0.3261719,2.90625,-0.125,1.5625,-0.2802734,0.4501953,0.8662109,-0.375,-2.09375,-0.1875,-0.1728516,0.75,0.2285156,128.3438,37.65625,-47.8125,89.1116,178.8459,187.6469,219.5107,316.9044,113.2661
1388.646,0.01464844,0.7998047,-0.3261719,2.90625,-0.125,1.5625,-0.2802734,0.4501953,0.8662109,-0.375,-2.09375,-0.1875,-0.1728516,0.75,0.2285156,128.3438,37.65625,-47.8125,88.39972,179.2285,187.6178,219.5107,316.9044,113.2661
1388.679,0.006835938,0.8945313,-0.2832031,4.875,-2.09375,3.59375,-0.2802734,0.4501953,0.8662109,-0.375,-2.09375,-0.1875,-0.1728516,0.75,0.2285156,128.3438,37.65625,-47.8125,88.39972,179.2285,187.6178,219.5107,316.9044,113.2661
1388.713,0.006835938,0.8945313,-0.2832031,4.875,-2.09375,3.59375,-0.234375,0.4257813,0.8417969,0.40625,-4.53125,-1.3125,-0.1728516,0.75,0.2285156,128.3438,37.65625,-47.8125,88.39972,179.2285,187.6178,219.5107,316.9044,113.2661
1388.746,0.006835938,0.8945313,-0.2832031,4.875,-2.09375,3.59375,-0.1738281,0.4560547,0.7988281,-0.8125,-5.5,-1.59375,-0.1728516,0.75,0.2285156,128.3438,37.65625,-47.8125,88.39972,179.2285,187.6178,219.5107,316.9044,113.2661
