831.0972,-0.2705078,1.075195,0.06640625,-1.53125,-0.4375,0.09375,-0.5771484,0.05078125,1.03418,0.5625,0.34375,-0.71875,0,0,0,0,0,0,180,204.7648,180,180,0,180
831.1307,-0.06933594,0.8701172,0.1630859,-3.125,0.40625,-0.6875,-0.5771484,0.05078125,1.03418,0.5625,0.34375,-0.71875,0,0,0,0,0,0,180,204.7634,180,180,0,180
831.1638,-0.06933594,0.8701172,0.1630859,-3.125,0.40625,-0.6875,-0.5771484,0.05078125,1.03418,0.5625,0.34375,-0.71875,0,0,0,0,0,0,180,204.7634,180,180,0,180
831.1971,-0.06933594,0.8701172,0.1630859,-3.125,0.40625,-0.6875,-0.5771484,0.05078125,1.03418,0.5625,0.34375,-0.71875,0,0,0,0,0,0,180,204.7634,180,180,0,180
831.2305,-0.08886719,0.9609375,0.1064453,-1.40625,2.59375,-0.4375,-0.5771484,0.05078125,1.03418,0.5625,0.34375,-0.71875,0,0,0,0,0,0,180,204.7634,180,180,0,180
831.2637,-0.08886719,0.9609375,0.1064453,-1.40625,2.59375,-0.4375,-0.5771484,0.05078125,1.03418,0.5625,0.34375,-0.71875,0,0,0,0,0,0,180,204.7634,180,180,0,180
831.2971,-0.09277344,1.009766,0.1689453,-2.9375,0.46875,-0.3125,-0.5771484,0.05078125,1.03418,0.5625,0.34375,-0.71875,0,0,0,0,0,0,180,204.7634,180,180,0,180
831.3307,-0.09277344,1.009766,0.1689453,-2.9375,0.46875,-0.3125,-0.5771484,0.05078125,1.03418,0.5625,0.34375,-0.71875,0,0,0,0,0,0,180,204.7634,180,180,0,180
831.3638,-0.09277344,1.009766,0.1689453,-2.9375,0.46875,-0.3125,-0.5771484,0.05078125,1.03418,0.5625,0.34375,-0.71875,0,0,0,0,0,0,180,204.7634,180,180,0,180
831.3973,-0.1279297,0.9716797,0.1923828,-2.03125,0.21875,-0.625,-0.5771484,0.05078125,1.03418,0.5625,0.34375,-0.71875,0,0,0,0,0,0,180,204.7634,180,180,0,180
831.4307,-0.1279297,0.9716797,0.1923828,-2.03125,0.21875,-0.625,-0.5771484,0.05078125,1.03418,0.5625,0.34375,-0.71875,0,0,0,0,0,0,180,204.7634,180,180,0,180
831.4639,-0.1279297,0.9716797,0.1923828,-2.03125,0.21875,-0.625,-0.5771484,0.05078125,1.03418,0.5625,0.34375,-0.71875,0,0,0,0,0,0,180,204.7634,180,180,0,180
831.4972,-0.1279297,0.9716797,0.1923828,-2.03125,0.21875,-0.625,-0.5771484,0.05078125,1.03418,0.5625,0.34375,-0.71875,0,0,0,0,0,0,180,204.7634,180,180,0,180
831.5305,0.0234375,0.8662109,0.03027344,-1.3125,0.53125,0.15625,-0.5771484,0.05078125,1.03418,0.5625,0.34375,-0.71875,0,0,0,0,0,0,180,204.9238,180,180,0,180
831.5636,0.0234375,0.8662109,0.03027344,-1.3125,0.53125,0.15625,-0.5771484,0.05078125,1.03418,0.5625,0.34375,-0.71875,0,0,0,0,0,0,180,204.9238,180,180,0,180
831.5972,-0.2460938,1.142578,0.2099609,-2.21875,-1.1875,-1,-0.5771484,0.05078125,1.03418,0.5625,0.34375,-0.71875,0,0,0,0,0,0,180,204.9238,180,180,0,180
831.6306,-0.2460938,1.142578,0.2099609,-2.21875,-1.1875,-1,-0.5771484,0.05078125,1.03418,0.5625,0.34375,-0.71875,0,0,0,0,0,0,180,204.9238,180,180,0,180
831.6638,-0.2460938,1.142578,0.2099609,-2.21875,-1.1875,-1,-0.5771484,0.05078125,1.03418,0.5625,0.34375,-0.71875,0,0,0,0,0,0,180,204.9238,180,180,0,180
831.6972,0.09472656,0.9980469,0.02148438,0.09375,-0.5,0.78125,-0.5771484,0.05078125,1.03418,0.5625,0.34375,-0.71875,0,0,0,0,0,0,180,204.9238,180,180,0,180
831.7305,0.09472656,0.9980469,0.02148438,0.09375,-0.5,0.78125,-0.5771484,0.05078125,1.03418,0.5625,0.34375,-0.71875,0,0,0,0,0,0,180,204.9238,180,180,0,180
831.7637,0.09472656,0.9980469,0.02148438,0.09375,-0.5,0.78125,-0.5771484,0.05078125,1.03418,0.5625,0.34375,-0.71875,0,0,0,0,0,0,180,204.9238,180,180,0,180
831.7972,0.09472656,0.9980469,0.02148438,0.09375,-0.5,0.78125,-0.5771484,0.05078125,1.03418,0.5625,0.34375,-0.71875,0,0,0,0,0,0,180,204.9238,180,180,0,180
831.8306,-0.1728516,1.12207,0.06640625,1.9375,-1.0625,-0.3125,-0.5771484,0.05078125,1.03418,0.5625,0.34375,-0.71875,0,0,0,0,0,0,180,204.8072,180,180,0,180
831.8639,-0.1728516,1.12207,0.06640625,1.9375,-1.0625,-0.3125,-0.5771484,0.05078125,1.03418,0.5625,0.34375,-0.71875,0,0,0,0,0,0,180,204.8072,180,180,0,180
831.8973,-0.1425781,0.8173828,0.1806641,0.90625,-1.34375,0.09375,-0.5771484,0.05078125,1.03418,0.5625,0.34375,-0.71875,0,0,0,0,0,0,180,204.8072,180,180,0,180
831.9305,-0.1425781,0.8173828,0.1806641,0.90625,-1.34375,0.09375,-0.5771484,0.05078125,1.03418,0.5625,0.34375,-0.71875,0,0,0,0,0,0,180,204.8072,180,180,0,180
831.9641,-0.1425781,0.8173828,0.1806641,0.90625,-1.34375,0.09375,-0.5771484,0.05078125,1.03418,0.5625,0.34375,-0.71875,0,0,0,0,0,0,180,204.8072,180,180,0,180
831.9976,-0.2402344,1.048828,0.07910156,2.375,-1,-1.46875,-0.5771484,0.05078125,1.03418,0.5625,0.34375,-0.71875,0,0,0,0,0,0,180,204.8072,180,180,0,180
832.0311,-0.2402344,1.048828,0.07910156,2.375,-1,-1.46875,-0.5771484,0.05078125,1.03418,0.5625,0.34375,-0.71875,0,0,0,0,0,0,180,204.8072,180,180,0,180
832.0644,-0.2402344,1.048828,0.07910156,2.375,-1,-1.46875,-0.5771484,0.05078125,1.03418,0.5625,0.34375,-0.71875,0,0,0,0,0,0,180,204.8072,180,180,0,180
832.0975,-0.05566406,0.9042969,0.1074219,-0.5,-1.0625,-0.75,-0.5771484,0.05078125,1.03418,0.5625,0.34375,-0.71875,0,0,0,0,0,0,180,204.8072,180,180,0,180
832.131,-0.05566406,0.9042969,0.1074219,-0.5,-1.0625,-0.75,-0.5771484,0.05078125,1.03418,0.5625,0.34375,-0.71875,0,0,0,0,0,0,180,204.8072,180,180,0,180
832.1645,-0.05566406,0.9042969,0.1074219,-0.5,-1.0625,-0.75,-0.5771484,0.05078125,1.03418,0.5625,0.34375,-0.71875,0,0,0,0,0,0,180,204.8072,180,180,0,180
832.1983,-0.1503906,1.0625,0.07519531,0.09375,-0.6875,0.28125,-0.5771484,0.05078125,1.03418,0.5625,0.34375,-0.71875,0,0,0,0,0,0,180,204.8072,180,180,0,180
832.2316,-0.1503906,1.0625,0.07519531,0.09375,-0.6875,0.28125,-0.5771484,0.05078125,1.03418,0.5625,0.34375,-0.71875,0,0,0,0,0,0,180,204.8072,180,180,0,180
832.2646,-0.1503906,1.0625,0.07519531,0.09375,-0.6875,0.28125,-0.5771484,0.05078125,1.03418,0.5625,0.34375,-0.71875,0,0,0,0,0,0,180,204.8072,180,180,0,180
832.2983,-0.1367188,1.006836,0.1357422,1.5625,-1.34375,0,-0.5771484,0.05078125,1.03418,0.5625,0.34375,-0.71875,0,0,0,0,0,0,180,204.8072,180,180,0,180
832.3316,-0.1367188,1.006836,0.1357422,1.5625,-1.34375,0,-0.5771484,0.05078125,1.03418,0.5625,0.34375,-0.71875,0,0,0,0,0,0,180,204.8072,180,180,0,180
832.3646,-0.1367188,1.006836,0.1357422,1.5625,-1.34375,0,-0.5771484,0.05078125,1.03418,0.5625,0.34375,-0.71875,0,0,0,0,0,0,180,204.8072,180,180,0,180
832.3985,-0.1367188,1.006836,0.1357422,1.5625,-1.34375,0,-0.5771484,0.05078125,1.03418,0.5625,0.34375,-0.71875,0,0,0,0,0,0,180,204.8072,180,180,0,180
832.4316,-0.008789063,1.013672,0.07128906,0.03125,-0.5625,1.3125,-0.5771484,0.05078125,1.03418,0.5625,0.34375,-0.71875,0,0,0,0,0,0,180,204.8072,180,180,0,180
832.4646,-0.008789063,1.013672,0.07128906,0.03125,-0.5625,1.3125,-0.5771484,0.05078125,1.03418,0.5625,0.34375,-0.71875,0,0,0,0,0,0,180,204.8072,180,180,0,180
832.4982,-0.2167969,1.009766,0.1582031,-0.3125,0.21875,0.65625,-0.5771484,0.05078125,1.03418,0.5625,0.34375,-0.71875,0,0,0,0,0,0,180,204.8072,180,180,0,180
832.5318,-0.2167969,1.009766,0.1582031,-0.3125,0.21875,0.65625,-0.5771484,0.05078125,1.03418,0.5625,0.34375,-0.71875,0,0,0,0,0,0,180,204.8072,180,180,0,180
832.5647,-0.2167969,1.009766,0.1582031,-0.3125,0.21875,0.65625,-0.5253906,0.08886719,0.9726563,1.0625,0.65625,0.15625,0,0,0,0,0,0,180,204.8072,180,180,0,180
832.5988,-0.1142578,1.066406,0.001953125,-0.1875,-0.5625,0.59375,-0.5253906,0.08886719,0.9726563,1.0625,0.65625,0.15625,0,0,0,0,0,0,180,204.8072,180,180,0,180
832.6319,-0.1142578,1.066406,0.001953125,-0.1875,-0.5625,0.59375,-0.5253906,0.08886719,0.9726563,1.0625,0.65625,0.15625,0,0,0,0,0,0,180,204.8072,180,180,0,180
832.6655,-0.1142578,1.066406,0.001953125,-0.1875,-0.5625,0.59375,-0.5253906,0.08886719,0.9726563,1.0625,0.65625,0.15625,0,0,0,0,0,0,180,204.8072,180,180,0,180
832.6997,-0.1953125,0.9375,-0.05664063,1.6875,-0.1875,0.59375,-0.5253906,0.08886719,0.9726563,1.0625,0.65625,0.15625,0,0,0,0,0,0,180,204.8072,180,180,0,180
832.7325,-0.1953125,0.9375,-0.05664063,1.6875,-0.1875,0.59375,-0.5253906,0.08886719,0.9726563,1.0625,0.65625,0.15625,0,0,0,0,0,0,180,204.8072,180,180,0,180
832.7657,-0.1953125,0.9375,-0.05664063,1.6875,-0.1875,0.59375,-0.5253906,0.08886719,0.9726563,1.0625,0.65625,0.15625,0,0,0,0,0,0,180,204.8072,180,180,0,180
832.7991,-0.2509766,1.012695,0.01269531,0.71875,0.09375,0,-0.5253906,0.08886719,0.9726563,1.0625,0.65625,0.15625,0,0,0,0,0,0,180,204.8072,180,180,0,180
832.8326,-0.2509766,1.012695,0.01269531,0.71875,0.09375,0,-0.5253906,0.08886719,0.9726563,1.0625,0.65625,0.15625,0,0,0,0,0,0,180,204.8072,180,180,0,180
832.8658,-0.2509766,1.012695,0.01269531,0.71875,0.09375,0,-0.5253906,0.08886719,0.9726563,1.0625,0.65625,0.15625,0,0,0,0,0,0,180,204.8072,180,180,0,180
832.8994,0.04492188,1.083984,0.06738281,-3.0625,-1.34375,-1.59375,-0.5253906,0.08886719,0.9726563,1.0625,0.65625,0.15625,0,0,0,0,0,0,180,204.8072,180,180,0,180
832.9328,0.04492188,1.083984,0.06738281,-3.0625,-1.34375,-1.59375,-0.5253906,0.08886719,0.9726563,1.0625,0.65625,0.15625,0,0,0,0,0,0,180,204.8072,180,180,0,180
832.9663,0.04492188,1.083984,0.06738281,-3.0625,-1.34375,-1.59375,-0.5253906,0.08886719,0.9726563,1.0625,0.65625,0.15625,0,0,0,0,0,0,180,204.8072,180,180,0,180
832.9999,-0.05175781,0.8740234,0.08789063,-3.5625,-2.8125,0.21875,-0.5253906,0.08886719,0.9726563,1.0625,0.65625,0.15625,0,0,0,0,0,0,180,204.8072,180,180,0,180
833.0334,-0.05175781,0.8740234,0.08789063,-3.5625,-2.8125,0.21875,-0.5253906,0.08886719,0.9726563,1.0625,0.65625,0.15625,0,0,0,0,0,0,180,204.8072,180,180,0,180
833.0664,-0.05175781,0.8740234,0.08789063,-3.5625,-2.8125,0.21875,-0.5253906,0.08886719,0.9726563,1.0625,0.65625,0.15625,0,0,0,0,0,0,180,204.8072,180,180,0,180
833.1002,-0.2246094,1.012695,0.06347656,-3.125,-3,-2.09375,-0.5253906,0.08886719,0.9726563,1.0625,0.65625,0.15625,0,0,0,0,0,0,180,204.8072,180,180,0,180
833.1336,-0.2246094,1.012695,0.06347656,-3.125,-3,-2.09375,-0.5253906,0.08886719,0.9726563,1.0625,0.65625,0.15625,0,0,0,0,0,0,180,204.8072,180,180,0,180
833.1665,-0.2246094,1.012695,0.06347656,-3.125,-3,-2.09375,-0.5498047,0.03710938,0.8583984,-0.71875,0.46875,-0.71875,0,0,0,0,0,0,180,204.8072,180,180,0,180
833.2001,-0.09179688,1.027344,0.1308594,4.6875,-6.125,1.21875,-0.5498047,0.03710938,0.8583984,-0.71875,0.46875,-0.71875,0,0,0,0,0,0,180,204.8072,180,180,0,180
833.2339,-0.09179688,1.027344,0.1308594,4.6875,-6.125,1.21875,-0.5498047,0.03710938,0.8583984,-0.71875,0.46875,-0.71875,0,0,0,0,0,0,180,204.8072,180,180,0,180
833.2666,-0.09179688,1.027344,0.1308594,4.6875,-6.125,1.21875,-0.5498047,0.03710938,0.8583984,-0.71875,0.46875,-0.71875,0,0,0,0,0,0,180,204.8072,180,180,0,180
833.3002,-0.2314453,0.9013672,-0.09765625,4.625,-6.71875,-1.0625,-0.4912109,-0.01855469,1.472656,1.3125,-0.625,-0.46875,0,0,0,0,0,0,180,204.8072,180,180,0,180
833.334,-0.2314453,0.9013672,-0.09765625,4.625,-6.71875,-1.0625,-0.4912109,-0.01855469,1.472656,1.3125,-0.625,-0.46875,0,0,0,0,0,0,180,204.8072,180,180,0,180
833.3674,-0.2314453,0.9013672,-0.09765625,4.625,-6.71875,-1.0625,-0.4912109,-0.01855469,1.472656,1.3125,-0.625,-0.46875,0,0,0,0,0,0,180,204.8072,180,180,0,180
833.401,-0.1513672,0.9121094,-0.04296875,1.5,0.09375,-0.0625,-0.4912109,-0.01855469,1.472656,1.3125,-0.625,-0.46875,0,0,0,0,0,0,180,204.8072,180,180,0,180
833.4343,-0.1513672,0.9121094,-0.04296875,1.5,0.09375,-0.0625,-0.4912109,-0.01855469,1.472656,1.3125,-0.625,-0.46875,0,0,0,0,0,0,180,204.8072,180,180,0,180
833.4673,-0.1513672,0.9121094,-0.04296875,1.5,0.09375,-0.0625,-0.4912109,-0.01855469,1.472656,1.3125,-0.625,-0.46875,0,0,0,0,0,0,180,204.8072,180,180,0,180
833.5015,-0.1259766,1.165039,-0.04980469,-4.59375,2.78125,0.03125,-0.4912109,-0.01855469,1.472656,1.3125,-0.625,-0.46875,0,0,0,0,0,0,180,204.8072,180,180,0,180
833.5344,-0.1259766,1.165039,-0.04980469,-4.59375,2.78125,0.03125,-0.5078125,0.06738281,1.129883,-0.8125,0.71875,-0.59375,0,0,0,0,0,0,180,204.8072,180,180,0,180
833.5678,-0.1259766,1.165039,-0.04980469,-4.59375,2.78125,0.03125,-0.5078125,0.06738281,1.129883,-0.8125,0.71875,-0.59375,0,0,0,0,0,0,180,204.8072,180,180,0,180
833.601,0.04589844,0.9667969,0.1552734,-4.34375,7,0.09375,-0.5078125,0.06738281,1.129883,-0.8125,0.71875,-0.59375,0,0,0,0,0,0,180,204.8072,180,180,0,180
833.6346,0.04589844,0.9667969,0.1552734,-4.34375,7,0.09375,-0.5078125,0.06738281,1.129883,-0.8125,0.71875,-0.59375,0,0,0,0,0,0,180,204.8072,180,180,0,180
833.6675,0.04589844,0.9667969,0.1552734,-4.34375,7,0.09375,-0.5078125,0.06738281,1.129883,-0.8125,0.71875,-0.59375,0,0,0,0,0,0,180,204.8072,180,180,0,180
833.7013,0.04199219,1.019531,0.05859375,-5.375,10.59375,-2.34375,-0.5078125,0.06738281,1.129883,-0.8125,0.71875,-0.59375,0,0,0,0,0,0,180,204.8072,180,180,0,180
833.7346,0.04199219,1.019531,0.05859375,-5.375,10.59375,-2.34375,-0.5078125,0.06738281,1.129883,-0.8125,0.71875,-0.59375,0,0,0,0,0,0,180,204.8072,180,180,0,180
833.7677,0.04199219,1.019531,0.05859375,-5.375,10.59375,-2.34375,-0.5722656,0.078125,1.201172,-0.03125,0.46875,0.4375,0,0,0,0,0,0,180,204.8072,180,180,0,180
833.8016,-0.109375,0.8798828,-0.05371094,-10.28125,-3.5625,-1.34375,-0.5722656,0.078125,1.201172,-0.03125,0.46875,0.4375,0,0,0,0,0,0,180,203.5274,180,180,0,180
833.8347,-0.109375,0.8798828,-0.05371094,-10.28125,-3.5625,-1.34375,-0.5722656,0.078125,1.201172,-0.03125,0.46875,0.4375,0,0,0,0,0,0,180,203.5274,180,180,0,180
833.8676,-0.109375,0.8798828,-0.05371094,-10.28125,-3.5625,-1.34375,-0.5722656,0.078125,1.201172,-0.03125,0.46875,0.4375,0,0,0,0,0,0,180,203.5274,180,180,0,180
833.9011,-0.08496094,0.8798828,0.1044922,-1.40625,-0.5625,0.21875,-0.5722656,0.078125,1.201172,-0.03125,0.46875,0.4375,0,0,0,0,0,0,180,203.5274,180,180,0,180
833.9346,-0.08496094,0.8798828,0.1044922,-1.40625,-0.5625,0.21875,-0.5722656,0.078125,1.201172,-0.03125,0.46875,0.4375,0,0,0,0,0,0,180,202.9551,180,180,0,180
833.9836,-0.08496094,0.8798828,0.1044922,-1.40625,-0.5625,0.21875,-0.5722656,0.078125,1.201172,-0.03125,0.46875,0.4375,0,0,0,0,0,0,180,202.9551,180,180,0,180
833.9854,-0.08496094,0.8798828,0.1044922,-1.40625,-0.5625,0.21875,-0.5722656,0.078125,1.201172,-0.03125,0.46875,0.4375,0,0,0,0,0,0,180,202.9551,180,180,0,180
834.0174,-0.04785156,0.9970703,0.1230469,1.15625,0.78125,2.3125,-0.5722656,0.078125,1.201172,-0.03125,0.46875,0.4375,0,0,0,0,0,0,180,202.9551,180,180,0,180
834.0507,-0.04785156,0.9970703,0.1230469,1.15625,0.78125,2.3125,-0.5722656,0.078125,1.201172,-0.03125,0.46875,0.4375,0,0,0,0,0,0,180,202.9551,180,180,0,180
834.0841,-0.04785156,0.9970703,0.1230469,1.15625,0.78125,2.3125,-0.5722656,0.078125,1.201172,-0.03125,0.46875,0.4375,0,0,0,0,0,0,180,202.9551,180,180,0,180
834.1175,-0.1181641,0.9541016,0.109375,-0.8125,-0.0625,0,-0.5722656,0.078125,1.201172,-0.03125,0.46875,0.4375,0,0,0,0,0,0,180,202.9551,180,180,0,180
834.1509,-0.1181641,0.9541016,0.109375,-0.8125,-0.0625,0,-0.5722656,0.078125,1.201172,-0.03125,0.46875,0.4375,0,0,0,0,0,0,180,202.9551,180,180,0,180
834.1844,-0.1181641,0.9541016,0.109375,-0.8125,-0.0625,0,-0.5722656,0.078125,1.201172,-0.03125,0.46875,0.4375,0,0,0,0,0,0,180,202.9551,180,180,0,180
834.2184,-0.1181641,0.9541016,0.109375,-0.8125,-0.0625,0,-0.5722656,0.078125,1.201172,-0.03125,0.46875,0.4375,0,0,0,0,0,0,180,202.9551,180,180,0,180
834.2516,-0.1181641,1.166992,0.002929688,3.46875,0.53125,1.15625,-0.5722656,0.078125,1.201172,-0.03125,0.46875,0.4375,0,0,0,0,0,0,180,202.9551,180,180,0,180
834.2852,-0.1181641,1.166992,0.002929688,3.46875,0.53125,1.15625,-0.5722656,0.078125,1.201172,-0.03125,0.46875,0.4375,0,0,0,0,0,0,180,202.9551,180,180,0,180
834.319,-0.1181641,1.166992,0.002929688,3.46875,0.53125,1.15625,-0.5722656,0.078125,1.201172,-0.03125,0.46875,0.4375,0,0,0,0,0,0,180,201.6591,180,180,0,180
834.3525,-0.03320313,0.9423828,0.0234375,6.34375,0,-1.3125,-0.5722656,0.078125,1.201172,-0.03125,0.46875,0.4375,0,0,0,0,0,0,180,201.6591,180,180,0,180
834.3857,-0.03320313,0.9423828,0.0234375,6.34375,0,-1.3125,-0.5722656,0.078125,1.201172,-0.03125,0.46875,0.4375,0,0,0,0,0,0,180,201.6591,180,180,0,180
834.4194,-0.03613281,0.9287109,0.07226563,-0.5625,-2.09375,0.78125,-0.5722656,0.078125,1.201172,-0.03125,0.46875,0.4375,0,0,0,0,0,0,180,201.6591,180,180,0,180
834.4535,-0.03613281,0.9287109,0.07226563,-0.5625,-2.09375,0.78125,-0.5722656,0.078125,1.201172,-0.03125,0.46875,0.4375,0,0,0,0,0,0,180,201.6591,180,180,0,180
834.4865,-0.03613281,0.9287109,0.07226563,-0.5625,-2.09375,0.78125,-0.5722656,0.078125,1.201172,-0.03125,0.46875,0.4375,0,0,0,0,0,0,180,201.6591,180,180,0,180
834.5206,0.02539063,1.039063,0.0859375,1.75,0,0.65625,-0.5722656,0.078125,1.201172,-0.03125,0.46875,0.4375,0,0,0,0,0,0,180,201.6591,180,180,0,180
834.5533,0.02539063,1.039063,0.0859375,1.75,0,0.65625,-0.5722656,0.078125,1.201172,-0.03125,0.46875,0.4375,0,0,0,0,0,0,180,201.6591,180,180,0,180
834.5867,0.02539063,1.039063,0.0859375,1.75,0,0.65625,-0.5722656,0.078125,1.201172,-0.03125,0.46875,0.4375,0,0,0,0,0,0,180,201.6591,180,180,0,180
834.6208,0.01757813,0.9765625,0.09960938,-2.34375,-1.90625,-1,-0.5722656,0.078125,1.201172,-0.03125,0.46875,0.4375,0,0,0,0,0,0,180,201.6591,180,180,0,180
834.6534,0.01757813,0.9765625,0.09960938,-2.34375,-1.90625,-1,-0.5722656,0.078125,1.201172,-0.03125,0.46875,0.4375,0,0,0,0,0,0,180,201.6591,180,180,0,180
834.6866,-0.1591797,0.9208984,0.05371094,-0.625,-0.8125,-0.375,-0.5722656,0.078125,1.201172,-0.03125,0.46875,0.4375,0,0,0,0,0,0,180,201.6591,180,180,0,180
834.7203,-0.1591797,0.9208984,0.05371094,-0.625,-0.8125,-0.375,-0.5722656,0.078125,1.201172,-0.03125,0.46875,0.4375,0,0,0,0,0,0,180,201.6591,180,180,0,180
834.7533,-0.1591797,0.9208984,0.05371094,-0.625,-0.8125,-0.375,-0.5722656,0.078125,1.201172,-0.03125,0.46875,0.4375,0,0,0,0,0,0,180,201.6591,180,180,0,180
834.7867,-0.07226563,0.9326172,-0.04980469,-4.40625,-1.1875,-1.125,-0.5722656,0.078125,1.201172,-0.03125,0.46875,0.4375,0,0,0,0,0,0,180,201.6591,180,180,0,180
834.8205,-0.07226563,0.9326172,-0.04980469,-4.40625,-1.1875,-1.125,-0.5722656,0.078125,1.201172,-0.03125,0.46875,0.4375,0,0,0,0,0,0,180,201.6591,180,180,0,180
834.8536,-0.07226563,0.9326172,-0.04980469,-4.40625,-1.1875,-1.125,-0.5722656,0.078125,1.201172,-0.03125,0.46875,0.4375,0,0,0,0,0,0,180,201.6591,180,180,0,180
834.8869,-0.2089844,1.001953,0.05371094,-3.6875,-0.0625,0.09375,-0.5722656,0.078125,1.201172,-0.03125,0.46875,0.4375,0,0,0,0,0,0,180,201.6591,180,180,0,180
834.9204,-0.2089844,1.001953,0.05371094,-3.6875,-0.0625,0.09375,-0.5722656,0.078125,1.201172,-0.03125,0.46875,0.4375,0,0,0,0,0,0,180,201.6591,180,180,0,180
834.9536,-0.2089844,1.001953,0.05371094,-3.6875,-0.0625,0.09375,-0.5722656,0.078125,1.201172,-0.03125,0.46875,0.4375,0,0,0,0,0,0,180,201.6591,180,180,0,180
834.9868,0.1015625,0.9238281,0.1669922,-0.5,-0.4375,-0.0625,-0.5722656,0.078125,1.201172,-0.03125,0.46875,0.4375,0,0,0,0,0,0,180,201.6591,180,180,0,180
835.0207,0.1015625,0.9238281,0.1669922,-0.5,-0.4375,-0.0625,-0.5722656,0.078125,1.201172,-0.03125,0.46875,0.4375,0,0,0,0,0,0,180,201.6591,180,180,0,180
835.0536,0.1015625,0.9238281,0.1669922,-0.5,-0.4375,-0.0625,-0.5722656,0.078125,1.201172,-0.03125,0.46875,0.4375,0,0,0,0,0,0,180,201.6591,180,180,0,180
835.087,0.1015625,0.9238281,0.1669922,-0.5,-0.4375,-0.0625,-0.5722656,0.078125,1.201172,-0.03125,0.46875,0.4375,0,0,0,0,0,0,180,201.6591,180,180,0,180
835.1207,-0.2304688,0.9570313,0.1015625,-0.75,0,0.40625,-0.5722656,0.078125,1.201172,-0.03125,0.46875,0.4375,0,0,0,0,0,0,180,201.6591,180,180,0,180
835.1536,-0.2304688,0.9570313,0.1015625,-0.75,0,0.40625,-0.5722656,0.078125,1.201172,-0.03125,0.46875,0.4375,0,0,0,0,0,0,180,201.6591,180,180,0,180
835.1872,0.1123047,1.070313,0.1494141,-0.875,0.15625,-0.3125,-0.5722656,0.078125,1.201172,-0.03125,0.46875,0.4375,0,0,0,0,0,0,180,201.6591,180,180,0,180
835.2206,0.1123047,1.070313,0.1494141,-0.875,0.15625,-0.3125,-0.5722656,0.078125,1.201172,-0.03125,0.46875,0.4375,0,0,0,0,0,0,180,201.6591,180,180,0,180
835.2535,-0.1972656,0.8203125,0.01757813,-5.5,-0.5,-1.34375,-0.5722656,0.078125,1.201172,-0.03125,0.46875,0.4375,0,0,0,0,0,0,180,201.6591,180,180,0,180
835.2872,-0.1972656,0.8203125,0.01757813,-5.5,-0.5,-1.34375,-0.5722656,0.078125,1.201172,-0.03125,0.46875,0.4375,0,0,0,0,0,0,180,201.6591,180,180,0,180
835.3208,-0.1972656,0.8203125,0.01757813,-5.5,-0.5,-1.34375,-0.5898438,-0.09570313,1.141602,28.46875,-28.875,19.5,0,0,0,0,0,0,180,197.4948,180,180,0,180
835.3538,-0.09667969,1.056641,0.1054688,-2.75,0.46875,0,-0.5898438,-0.09570313,1.141602,28.46875,-28.875,19.5,0,0,0,0,0,0,180,197.4948,180,180,0,180
835.3874,-0.09667969,1.056641,0.1054688,-2.75,0.46875,0,-0.5898438,-0.09570313,1.141602,28.46875,-28.875,19.5,0,0,0,0,0,0,180,197.4948,180,180,0,180
835.4211,-0.09667969,1.056641,0.1054688,-2.75,0.46875,0,-0.5898438,-0.09570313,1.141602,28.46875,-28.875,19.5,0,0,0,0,0,0,180,197.4948,180,180,0,180
835.4539,-0.09667969,1.056641,0.1054688,-2.75,0.46875,0,-0.5898438,-0.09570313,1.141602,28.46875,-28.875,19.5,0,0,0,0,0,0,180,197.4948,180,180,0,180
835.4873,-0.03808594,0.9462891,0.1435547,-3.125,0.21875,-0.5625,-0.5898438,-0.09570313,1.141602,28.46875,-28.875,19.5,0,0,0,0,0,0,180,197.4948,180,180,0,180
835.5211,-0.03808594,0.9462891,0.1435547,-3.125,0.21875,-0.5625,-0.5898438,-0.09570313,1.141602,28.46875,-28.875,19.5,0,0,0,0,0,0,180,197.4948,180,180,0,180
835.5538,-0.05175781,0.9804688,-0.06347656,-3.96875,-0.875,-1.1875,-0.5898438,-0.09570313,1.141602,28.46875,-28.875,19.5,0,0,0,0,0,0,180,197.4948,180,180,0,180
835.5873,-0.05175781,0.9804688,-0.06347656,-3.96875,-0.875,-1.1875,-0.5898438,-0.09570313,1.141602,28.46875,-28.875,19.5,0,0,0,0,0,0,180,197.4948,180,180,0,180
835.6212,-0.05175781,0.9804688,-0.06347656,-3.96875,-0.875,-1.1875,-0.5898438,-0.09570313,1.141602,28.46875,-28.875,19.5,0,0,0,0,0,0,180,204.1383,180,180,0,180
835.6539,-0.1455078,1.068359,0.1054688,-3.625,-0.0625,-1.25,-0.5898438,-0.09570313,1.141602,28.46875,-28.875,19.5,0,0,0,0,0,0,180,204.1383,180,180,0,180
835.6874,-0.1455078,1.068359,0.1054688,-3.625,-0.0625,-1.25,-0.5898438,-0.09570313,1.141602,28.46875,-28.875,19.5,0,0,0,0,0,0,180,204.1383,180,180,0,180
835.7212,-0.1455078,1.068359,0.1054688,-3.625,-0.0625,-1.25,-0.5898438,-0.09570313,1.141602,28.46875,-28.875,19.5,0,0,0,0,0,0,180,204.1383,180,180,0,180
835.7541,-0.07910156,1.043945,0.0390625,-0.875,0.28125,-0.125,-0.5898438,-0.09570313,1.141602,28.46875,-28.875,19.5,0,0,0,0,0,0,180,204.1383,180,180,0,180
835.7875,-0.07910156,1.043945,0.0390625,-0.875,0.28125,-0.125,-0.5898438,-0.09570313,1.141602,28.46875,-28.875,19.5,0,0,0,0,0,0,180,204.1383,180,180,0,180
835.8211,-0.1318359,1.092773,0.1699219,-1.3125,-3.3125,-6.71875,-0.5898438,-0.09570313,1.141602,28.46875,-28.875,19.5,0,0,0,0,0,0,180,204.1383,180,180,0,180
835.8542,-0.1318359,1.092773,0.1699219,-1.3125,-3.3125,-6.71875,-0.5898438,-0.09570313,1.141602,28.46875,-28.875,19.5,0,0,0,0,0,0,180,204.1383,180,180,0,180
835.8873,-0.1318359,1.092773,0.1699219,-1.3125,-3.3125,-6.71875,-0.5898438,-0.09570313,1.141602,28.46875,-28.875,19.5,0,0,0,0,0,0,180,204.1383,180,180,0,180
835.9217,-0.1318359,1.092773,0.1699219,-1.3125,-3.3125,-6.71875,-0.5898438,-0.09570313,1.141602,28.46875,-28.875,19.5,0,0,0,0,0,0,180,204.1383,180,180,0,180
835.9543,-0.1777344,1.020508,0.140625,11.09375,-6.96875,1.375,-0.5898438,-0.09570313,1.141602,28.46875,-28.875,19.5,0,0,0,0,0,0,180,204.1383,180,180,0,180
835.9877,-0.1777344,1.020508,0.140625,11.09375,-6.96875,1.375,-0.5898438,-0.09570313,1.141602,28.46875,-28.875,19.5,0,0,0,0,0,0,180,204.1383,180,180,0,180
836.0219,-0.1777344,1.020508,0.140625,11.09375,-6.96875,1.375,-0.5898438,-0.09570313,1.141602,28.46875,-28.875,19.5,0,0,0,0,0,0,180,204.1383,180,180,0,180
836.0546,-0.1289063,0.8691406,0.04296875,59.625,1.28125,19.03125,-0.5898438,-0.09570313,1.141602,28.46875,-28.875,19.5,0,0,0,0,0,0,180,204.1383,180,180,0,180
836.0878,-0.1289063,0.8691406,0.04296875,59.625,1.28125,19.03125,-0.5898438,-0.09570313,1.141602,28.46875,-28.875,19.5,0,0,0,0,0,0,180,204.1383,180,180,0,180
836.1218,-0.1865234,1.009766,0.03222656,69.375,8.34375,26.84375,-0.5898438,-0.09570313,1.141602,28.46875,-28.875,19.5,0,0,0,0,0,0,180,204.1383,180,180,0,180
836.1544,-0.1865234,1.009766,0.03222656,69.375,8.34375,26.84375,-0.5898438,-0.09570313,1.141602,28.46875,-28.875,19.5,0,0,0,0,0,0,180,204.1383,180,180,0,180
836.1879,-0.1865234,1.009766,0.03222656,69.375,8.34375,26.84375,-0.5898438,-0.09570313,1.141602,28.46875,-28.875,19.5,0,0,0,0,0,0,180,204.1383,180,180,0,180
836.222,-0.1865234,1.009766,0.03222656,69.375,8.34375,26.84375,-0.5898438,-0.09570313,1.141602,28.46875,-28.875,19.5,0,0,0,0,0,0,180,204.1383,180,180,0,180
836.2553,-0.06152344,0.8896484,-0.1748047,80.3125,2.84375,28,-0.5898438,-0.09570313,1.141602,28.46875,-28.875,19.5,0,0,0,0,0,0,180,204.1383,180,180,0,180
836.2888,-0.06152344,0.8896484,-0.1748047,80.3125,2.84375,28,-0.5898438,-0.09570313,1.141602,28.46875,-28.875,19.5,0,0,0,0,0,0,180,204.1383,180,180,0,180
836.3224,0.01171875,0.7861328,-0.4492188,113.0313,5.0625,36.90625,-0.5898438,-0.09570313,1.141602,28.46875,-28.875,19.5,0,0,0,0,0,0,180,204.1383,180,180,0,180
836.3555,0.01171875,0.7861328,-0.4492188,113.0313,5.0625,36.90625,-0.5898438,-0.09570313,1.141602,28.46875,-28.875,19.5,0,0,0,0,0,0,180,204.1383,180,180,0,180
836.3895,0.01171875,0.7861328,-0.4492188,113.0313,5.0625,36.90625,-0.5898438,-0.09570313,1.141602,28.46875,-28.875,19.5,0,0,0,0,0,0,180,204.1383,180,180,0,180
836.423,0.1787109,0.6367188,-0.609375,134.6875,2.84375,53.625,-0.5742188,0.08105469,0.9619141,0.75,-2.875,1.375,0,0,0,0,0,0,180,206.2884,180,180,0,180
836.4561,0.1787109,0.6367188,-0.609375,134.6875,2.84375,53.625,-0.5742188,0.08105469,0.9619141,0.75,-2.875,1.375,0,0,0,0,0,0,180,206.2884,180,180,0,180
836.5056,0.1787109,0.6367188,-0.609375,134.6875,2.84375,53.625,-0.5742188,0.08105469,0.9619141,0.75,-2.875,1.375,0,0,0,0,0,0,180,206.2884,180,180,0,180
836.5401,0.1298828,0.7607422,-0.9736328,119.4375,4.25,42.84375,-0.5742188,0.08105469,0.9619141,0.75,-2.875,1.375,0,0,0,0,0,0,180,206.2884,180,180,0,180
836.5728,0.1298828,0.7607422,-0.9736328,119.4375,4.25,42.84375,-0.5742188,0.08105469,0.9619141,0.75,-2.875,1.375,0,0,0,0,0,0,180,206.2884,180,180,0,180
836.6059,0.4072266,0.7597656,-1.145508,11.9375,9.625,13.71875,-0.5742188,0.08105469,0.9619141,0.75,-2.875,1.375,0,0,0,0,0,0,180,206.2884,180,180,0,180
836.6402,0.4072266,0.7597656,-1.145508,11.9375,9.625,13.71875,-0.5742188,0.08105469,0.9619141,0.75,-2.875,1.375,0,0,0,0,0,0,180,206.2884,180,180,0,180
836.6735,0.4072266,0.7597656,-1.145508,11.9375,9.625,13.71875,-0.5742188,0.08105469,0.9619141,0.75,-2.875,1.375,0,0,0,0,0,0,180,206.2884,180,180,0,180
836.7067,0.4072266,0.7597656,-1.145508,11.9375,9.625,13.71875,-0.5742188,0.08105469,0.9619141,0.75,-2.875,1.375,0,0,0,0,0,0,180,206.2884,180,180,0,180
836.7408,0.5195313,0.6513672,-1.204102,-45.5,31.65625,-22.15625,-0.5742188,0.08105469,0.9619141,0.75,-2.875,1.375,0,0,0,0,0,0,180,206.2884,180,180,0,180
836.7733,0.5195313,0.6513672,-1.204102,-45.5,31.65625,-22.15625,-0.5742188,0.08105469,0.9619141,0.75,-2.875,1.375,0,0,0,0,0,0,180,206.2884,180,180,0,180
836.8068,0.1796875,0.4589844,-0.7480469,-63.4375,7.5625,-25.28125,-0.5742188,0.08105469,0.9619141,0.75,-2.875,1.375,0,0,0,0,0,0,180,206.2884,180,180,0,180
836.8404,0.1796875,0.4589844,-0.7480469,-63.4375,7.5625,-25.28125,-0.5742188,0.08105469,0.9619141,0.75,-2.875,1.375,0,0,0,0,0,0,180,206.2884,180,180,0,180
836.8734,0.1796875,0.4589844,-0.7480469,-63.4375,7.5625,-25.28125,-0.5742188,0.08105469,0.9619141,0.75,-2.875,1.375,0,0,0,0,0,0,180,206.2884,180,180,0,180
836.9068,0.1835938,0.8789063,-1.033203,-65.09375,-5.5625,-29.875,-0.5742188,0.08105469,0.9619141,0.75,-2.875,1.375,0,0,0,0,0,0,180,206.2884,180,180,0,180
836.9404,0.1835938,0.8789063,-1.033203,-65.09375,-5.5625,-29.875,-0.5742188,0.08105469,0.9619141,0.75,-2.875,1.375,0,0,0,0,0,0,180,206.2884,180,180,0,180
836.9736,0.1835938,0.8789063,-1.033203,-65.09375,-5.5625,-29.875,-0.5810547,0.07421875,0.9970703,-0.09375,-1.46875,1.78125,0,0,0,0,0,0,180,206.2884,180,180,0,180
837.0068,0.1679688,0.8779297,-0.7373047,-47.75,3.28125,-31.25,-0.5810547,0.07421875,0.9970703,-0.09375,-1.46875,1.78125,0,0,0,0,0,0,180,206.2884,180,180,0,180
837.0405,0.1679688,0.8779297,-0.7373047,-47.75,3.28125,-31.25,-0.5810547,0.07421875,0.9970703,-0.09375,-1.46875,1.78125,0,0,0,0,0,0,180,206.2884,180,180,0,180
837.0735,0.1679688,0.8779297,-0.7373047,-47.75,3.28125,-31.25,-0.5810547,0.07421875,0.9970703,-0.09375,-1.46875,1.78125,0,0,0,0,0,0,180,206.2884,180,180,0,180
837.1073,0.05273438,0.2402344,-0.1425781,-74.84375,4.625,-19.25,-0.5810547,0.07421875,0.9970703,-0.09375,-1.46875,1.78125,0,0,0,0,0,0,180,206.2884,180,180,0,180
837.1412,0.05273438,0.2402344,-0.1425781,-74.84375,4.625,-19.25,-0.5810547,0.07421875,0.9970703,-0.09375,-1.46875,1.78125,0,0,0,0,0,0,180,206.2884,180,180,0,180
837.1738,0.05273438,0.2402344,-0.1425781,-74.84375,4.625,-19.25,-0.5810547,0.07421875,0.9970703,-0.09375,-1.46875,1.78125,0,0,0,0,0,0,180,206.2884,180,180,0,180
837.2075,0.2070313,0.04394531,-0.2226563,-58.65625,-20.09375,-15.21875,-0.5810547,0.07421875,0.9970703,-0.09375,-1.46875,1.78125,0,0,0,0,0,0,180,206.2884,180,180,0,180
837.2413,0.2070313,0.04394531,-0.2226563,-58.65625,-20.09375,-15.21875,-0.5810547,0.07421875,0.9970703,-0.09375,-1.46875,1.78125,0,0,0,0,0,0,180,206.2884,180,180,0,180
837.2738,0.1650391,1.115234,-0.8876953,10.90625,-18.375,9.4375,-0.5810547,0.07421875,0.9970703,-0.09375,-1.46875,1.78125,0,0,0,0,0,0,180,206.2884,180,180,0,180
837.3074,0.1650391,1.115234,-0.8876953,10.90625,-18.375,9.4375,-0.5810547,0.07421875,0.9970703,-0.09375,-1.46875,1.78125,0,0,0,0,0,0,180,206.2884,180,180,0,180
837.3411,0.1650391,1.115234,-0.8876953,10.90625,-18.375,9.4375,-0.5810547,0.07421875,0.9970703,-0.09375,-1.46875,1.78125,0,0,0,0,0,0,180,206.2884,180,180,0,180
837.3738,0.1650391,1.115234,-0.8876953,10.90625,-18.375,9.4375,-0.5634766,0.08105469,1.339844,1.3125,0.65625,-3.21875,0,0,0,0,0,0,180,206.2884,180,180,0,180
837.4075,0.1289063,0.9794922,-0.2871094,-0.6875,-0.1875,8.84375,-0.5634766,0.08105469,1.339844,1.3125,0.65625,-3.21875,0,0,0,0,0,0,180,206.2884,180,180,0,180
837.4415,0.1289063,0.9794922,-0.2871094,-0.6875,-0.1875,8.84375,-0.5634766,0.08105469,1.339844,1.3125,0.65625,-3.21875,0,0,0,0,0,0,180,206.2884,180,180,0,180
837.474,0.1679688,0.9365234,-0.4726563,5.21875,7.96875,1.4375,-0.5634766,0.08105469,1.339844,1.3125,0.65625,-3.21875,0,0,0,0,0,0,180,206.2884,180,180,0,180
837.5077,0.1679688,0.9365234,-0.4726563,5.21875,7.96875,1.4375,-0.5634766,0.08105469,1.339844,1.3125,0.65625,-3.21875,0,0,0,0,0,0,180,206.2884,180,180,0,180
837.5415,0.1679688,0.9365234,-0.4726563,5.21875,7.96875,1.4375,-0.5634766,0.08105469,1.339844,1.3125,0.65625,-3.21875,0,0,0,0,0,0,180,206.2884,180,180,0,180
837.5739,0.0859375,0.9560547,-0.5400391,-0.1875,6.21875,-0.5625,-0.5634766,0.08105469,1.339844,1.3125,0.65625,-3.21875,0,0,0,0,0,0,180,206.2884,180,180,0,180
837.6076,0.0859375,0.9560547,-0.5400391,-0.1875,6.21875,-0.5625,-0.5634766,0.08105469,1.339844,1.3125,0.65625,-3.21875,0,0,0,0,0,0,180,206.2884,180,180,0,180
837.6101,0.0859375,0.9560547,-0.5400391,-0.1875,6.21875,-0.5625,-0.5634766,0.08105469,1.339844,1.3125,0.65625,-3.21875,0,0,0,0,0,0,180,206.2884,180,180,0,180
837.6408,0.0859375,0.9560547,-0.5400391,-0.1875,6.21875,-0.5625,-0.5634766,0.08105469,1.339844,1.3125,0.65625,-3.21875,0,0,0,0,0,0,180,206.2884,180,180,0,180
837.6749,0.0859375,0.9560547,-0.5400391,-0.1875,6.21875,-0.5625,-0.625,0.2822266,1.150391,60.40625,4.25,78.375,0,0,0,0,0,0,180,206.2884,180,180,0,180
837.7098,-0.04101563,0.8974609,-0.2792969,2.96875,-1,6.9375,-0.625,0.2822266,1.150391,60.40625,4.25,78.375,0,0,0,0,0,0,180,206.2884,180,180,0,180
837.7411,-0.1699219,0.8388672,-0.4677734,-11.3125,-11.5625,0.90625,-0.625,0.2822266,1.150391,60.40625,4.25,78.375,0,0,0,0,0,0,180,206.2884,180,180,0,180
837.7755,-0.1699219,0.8388672,-0.4677734,-11.3125,-11.5625,0.90625,-0.625,0.2822266,1.150391,60.40625,4.25,78.375,0,0,0,0,0,0,180,206.2884,180,180,0,180
837.8087,-0.1699219,0.8388672,-0.4677734,-11.3125,-11.5625,0.90625,-0.625,0.2822266,1.150391,60.40625,4.25,78.375,0,0,0,0,0,0,180,206.2884,180,180,0,180
837.8414,-0.1699219,0.8388672,-0.4677734,-11.3125,-11.5625,0.90625,-0.625,0.2822266,1.150391,60.40625,4.25,78.375,0,0,0,0,0,0,180,206.2884,180,180,0,180
837.8752,-0.07421875,0.9257813,-0.2753906,7.8125,-22.21875,4.6875,-0.625,0.2822266,1.150391,60.40625,4.25,78.375,0,0,0,0,0,0,180,206.2884,180,180,0,180
837.9083,-0.07421875,0.9257813,-0.2753906,7.8125,-22.21875,4.6875,-0.625,0.2822266,1.150391,60.40625,4.25,78.375,0,0,0,0,0,0,180,206.2884,180,180,0,180
837.9413,-0.07421875,0.9257813,-0.2753906,7.8125,-22.21875,4.6875,-0.6386719,0.3916016,1.192383,54.09375,3.84375,92.4375,0,0,0,0,0,0,180,206.2884,180,180,0,180
837.9756,0.02636719,0.9472656,-0.2138672,9.5,-39.8125,-3.25,-0.6386719,0.3916016,1.192383,54.09375,3.84375,92.4375,0,0,0,0,0,0,180,206.2884,180,180,0,180
838.0085,0.02636719,0.9472656,-0.2138672,9.5,-39.8125,-3.25,-0.6386719,0.3916016,1.192383,54.09375,3.84375,92.4375,0,0,0,0,0,0,180,206.2884,180,180,0,180
838.0413,0.02636719,0.9472656,-0.2138672,9.5,-39.8125,-3.25,-0.6386719,0.3916016,1.192383,54.09375,3.84375,92.4375,0,0,0,0,0,0,180,206.2884,180,180,0,180
838.0753,-0.06054688,0.9570313,-0.2441406,-13.625,2.375,-7.65625,-0.6386719,0.3916016,1.192383,54.09375,3.84375,92.4375,0,0,0,0,0,0,180,206.2884,180,180,0,180
838.1093,-0.06054688,0.9570313,-0.2441406,-13.625,2.375,-7.65625,-0.6386719,0.3916016,1.192383,54.09375,3.84375,92.4375,0,0,0,0,0,0,180,206.2884,180,180,0,180
838.1416,-0.06054688,0.9570313,-0.2441406,-13.625,2.375,-7.65625,-0.6386719,0.3916016,1.192383,54.09375,3.84375,92.4375,0,0,0,0,0,0,180,206.2884,180,180,0,180
838.1755,0.1162109,0.9560547,-0.1523438,-58,39.71875,-26.4375,-0.6386719,0.3916016,1.192383,54.09375,3.84375,92.4375,0,0,0,0,0,0,180,206.2884,180,180,0,180
838.2092,0.1162109,0.9560547,-0.1523438,-58,39.71875,-26.4375,-0.6386719,0.3916016,1.192383,54.09375,3.84375,92.4375,0,0,0,0,0,0,180,206.2884,180,180,0,180
838.2418,0.3173828,0.9199219,-0.2763672,23.3125,21.34375,-15.6875,-0.6386719,0.3916016,1.192383,54.09375,3.84375,92.4375,0,0,0,0,0,0,180,206.2884,180,180,0,180
838.2759,0.3173828,0.9199219,-0.2763672,23.3125,21.34375,-15.6875,-0.6386719,0.3916016,1.192383,54.09375,3.84375,92.4375,0,0,0,0,0,0,180,206.2884,180,180,0,180
838.3096,0.3173828,0.9199219,-0.2763672,23.3125,21.34375,-15.6875,-0.6386719,0.3916016,1.192383,54.09375,3.84375,92.4375,0,0,0,0,0,0,180,206.2884,180,180,0,180
838.3426,0.03417969,1.283203,-0.6660156,-12.21875,22.8125,5.65625,-0.6386719,0.3916016,1.192383,54.09375,3.84375,92.4375,0,0,0,0,0,0,180,206.2884,180,180,0,180
838.3763,0.03417969,1.283203,-0.6660156,-12.21875,22.8125,5.65625,-0.6386719,0.3916016,1.192383,54.09375,3.84375,92.4375,0,0,0,0,0,0,180,206.2884,180,180,0,180
838.4104,0.03417969,1.283203,-0.6660156,-12.21875,22.8125,5.65625,-0.6386719,0.3916016,1.192383,54.09375,3.84375,92.4375,0,0,0,0,0,0,180,206.2884,180,180,0,180
838.4432,-0.08789063,0.7851563,-0.2099609,-7.09375,-5.25,16.09375,-0.6386719,0.3916016,1.192383,54.09375,3.84375,92.4375,0,0,0,0,0,0,180,206.2884,180,180,0,180
838.4768,-0.08789063,0.7851563,-0.2099609,-7.09375,-5.25,16.09375,-0.6386719,0.3916016,1.192383,54.09375,3.84375,92.4375,0,0,0,0,0,0,180,206.2884,180,180,0,180
838.5103,-0.08789063,0.7851563,-0.2099609,-7.09375,-5.25,16.09375,-0.6386719,0.3916016,1.192383,54.09375,3.84375,92.4375,0,0,0,0,0,0,180,206.2884,180,180,0,180
838.5428,-0.08789063,0.7851563,-0.2099609,-7.09375,-5.25,16.09375,-0.1367188,0.9140625,0.2607422,19.3125,31.65625,5.6875,0,0,0,0,0,0,180,206.2884,180,180,0,180
838.5775,0.1279297,1.317383,-0.3876953,-17.40625,-0.9375,1.9375,-0.1367188,0.9140625,0.2607422,19.3125,31.65625,5.6875,0,0,0,0,0,0,180,206.2884,180,180,0,180
838.6106,0.1279297,1.317383,-0.3876953,-17.40625,-0.9375,1.9375,-0.1367188,0.9140625,0.2607422,19.3125,31.65625,5.6875,0,0,0,0,0,0,180,206.2884,180,180,0,180
838.6433,-0.09863281,1.060547,-0.4873047,-10.5,-74.125,-10.5625,-0.1367188,0.9140625,0.2607422,19.3125,31.65625,5.6875,0,0,0,0,0,0,180,206.2884,180,180,0,180
838.6768,-0.09863281,1.060547,-0.4873047,-10.5,-74.125,-10.5625,-0.1367188,0.9140625,0.2607422,19.3125,31.65625,5.6875,0,0,0,0,0,0,180,206.2884,180,180,0,180
838.7107,-0.09863281,1.060547,-0.4873047,-10.5,-74.125,-10.5625,-0.1367188,0.9140625,0.2607422,19.3125,31.65625,5.6875,0,0,0,0,0,0,180,206.2884,180,180,0,180
838.7433,-0.05175781,0.6230469,-0.005859375,22.375,-29.25,15.125,-0.1367188,0.9140625,0.2607422,19.3125,31.65625,5.6875,0,0,0,0,0,0,180,206.2884,180,180,0,180
838.777,-0.05175781,0.6230469,-0.005859375,22.375,-29.25,15.125,-0.1367188,0.9140625,0.2607422,19.3125,31.65625,5.6875,0,0,0,0,0,0,180,206.2884,180,180,0,180
838.8104,-0.05175781,0.6230469,-0.005859375,22.375,-29.25,15.125,-0.1367188,0.9140625,0.2607422,19.3125,31.65625,5.6875,0,0,0,0,0,0,180,206.2884,180,180,0,180
838.8433,0.05566406,1.084961,-0.1542969,-3.375,-25.28125,-3.5625,-0.1367188,0.9140625,0.2607422,19.3125,31.65625,5.6875,0,0,0,0,0,0,180,206.2884,180,180,0,180
838.8779,0.05566406,1.084961,-0.1542969,-3.375,-25.28125,-3.5625,-0.1367188,0.9140625,0.2607422,19.3125,31.65625,5.6875,0,0,0,0,0,0,180,206.2884,180,180,0,180
838.9373,-0.2392578,0.9277344,-0.03515625,-37.25,5.78125,-14.25,-0.08789063,1.039063,0.6630859,-32.0625,37.40625,-23.40625,0,0,0,0,0,0,180,206.2884,180,180,0,180
838.9702,-0.2255859,0.8789063,-0.1591797,-31.9375,0.09375,-18.25,-0.08789063,1.039063,0.6630859,-32.0625,37.40625,-23.40625,0,0,0,0,0,0,180,206.2884,180,180,0,180
839.0045,-0.2255859,0.8789063,-0.1591797,-31.9375,0.09375,-18.25,-0.08789063,1.039063,0.6630859,-32.0625,37.40625,-23.40625,0,0,0,0,0,0,180,206.2884,180,180,0,180
839.0376,0.3027344,0.9794922,-0.8769531,-11.96875,54.90625,-26.75,-0.08789063,1.039063,0.6630859,-32.0625,37.40625,-23.40625,0,0,0,0,0,0,180,206.2884,180,180,0,180
839.0704,0.3027344,0.9794922,-0.8769531,-11.96875,54.90625,-26.75,-0.08789063,1.039063,0.6630859,-32.0625,37.40625,-23.40625,0,0,0,0,0,0,180,206.2884,180,180,0,180
839.1045,0.3027344,0.9794922,-0.8769531,-11.96875,54.90625,-26.75,-0.08789063,1.039063,0.6630859,-32.0625,37.40625,-23.40625,0,0,0,0,0,0,180,206.2884,180,180,0,180
839.1393,0.3027344,0.9794922,-0.8769531,-11.96875,54.90625,-26.75,-0.09277344,0.4814453,0.5185547,-27.5,5.46875,-20.59375,0,0,0,0,0,0,180,244.1735,180,180,0,180
839.1708,0.05859375,1.251953,-0.6572266,46,72.0625,17.25,-0.09277344,0.4814453,0.5185547,-27.5,5.46875,-20.59375,0,0,0,0,0,0,180,244.1735,180,180,0,180
839.1735,0.05859375,1.251953,-0.6572266,46,72.0625,17.25,-0.09277344,0.4814453,0.5185547,-27.5,5.46875,-20.59375,0,0,0,0,0,0,180,244.1735,180,180,0,180
839.205,0.05859375,1.251953,-0.6572266,46,72.0625,17.25,-0.09277344,0.4814453,0.5185547,-27.5,5.46875,-20.59375,0,0,0,0,0,0,180,244.1735,180,180,0,180
839.2374,-0.01757813,0.6865234,-0.1367188,-3.0625,33.5,4.1875,-0.09277344,0.4814453,0.5185547,-27.5,5.46875,-20.59375,0,0,0,0,0,0,180,244.1735,180,180,0,180
839.2714,-0.01757813,0.6865234,-0.1367188,-3.0625,33.5,4.1875,-0.09277344,0.4814453,0.5185547,-27.5,5.46875,-20.59375,0,0,0,0,0,0,180,244.1735,180,180,0,180
839.3055,-0.01757813,0.6865234,-0.1367188,-3.0625,33.5,4.1875,-0.09277344,0.4814453,0.5185547,-27.5,5.46875,-20.59375,0,0,0,0,0,0,180,244.1735,180,180,0,180
839.3375,-0.06054688,0.8388672,-0.1103516,-12.40625,-11.5625,0.34375,-0.09277344,0.4814453,0.5185547,-27.5,5.46875,-20.59375,0,0,0,0,0,0,180,244.1735,180,180,0,180
839.372,-0.06054688,0.8388672,-0.1103516,-12.40625,-11.5625,0.34375,-0.09277344,0.4814453,0.5185547,-27.5,5.46875,-20.59375,0,0,0,0,0,0,180,244.1735,180,180,0,180
839.4052,-0.06054688,0.8388672,-0.1103516,-12.40625,-11.5625,0.34375,-0.09277344,0.4814453,0.5185547,-27.5,5.46875,-20.59375,0,0,0,0,0,0,180,244.1735,180,180,0,180
839.4377,0.046875,0.8369141,-0.5527344,-14.84375,-73.125,-4.15625,-0.09277344,0.4814453,0.5185547,-27.5,5.46875,-20.59375,0,0,0,0,0,0,180,244.1735,180,180,0,180
839.4714,0.046875,0.8369141,-0.5527344,-14.84375,-73.125,-4.15625,-0.09277344,0.4814453,0.5185547,-27.5,5.46875,-20.59375,0,0,0,0,0,0,180,244.1735,180,180,0,180
839.5051,0.046875,0.8369141,-0.5527344,-14.84375,-73.125,-4.15625,-0.09277344,0.4814453,0.5185547,-27.5,5.46875,-20.59375,0,0,0,0,0,0,180,244.1735,180,180,0,180
839.5377,-0.09570313,1.06543,-0.01464844,44.84375,-32.96875,26.90625,-0.09277344,0.4814453,0.5185547,-27.5,5.46875,-20.59375,0,0,0,0,0,0,180,244.1735,180,180,0,180
839.5717,-0.09570313,1.06543,-0.01464844,44.84375,-32.96875,26.90625,-0.09277344,0.4814453,0.5185547,-27.5,5.46875,-20.59375,0,0,0,0,0,0,180,244.1735,180,180,0,180
839.6053,-0.09570313,1.06543,-0.01464844,44.84375,-32.96875,26.90625,-0.09277344,0.4814453,0.5185547,-27.5,5.46875,-20.59375,0,0,0,0,0,0,180,244.1735,180,180,0,180
839.6383,0.07421875,0.8046875,-0.06542969,0.65625,-26.6875,-5.3125,-0.09277344,0.4814453,0.5185547,-27.5,5.46875,-20.59375,0,0,0,0,0,0,180,244.1735,180,180,0,180
839.6725,0.07421875,0.8046875,-0.06542969,0.65625,-26.6875,-5.3125,-0.09277344,0.4814453,0.5185547,-27.5,5.46875,-20.59375,0,0,0,0,0,0,180,244.1735,180,180,0,180
839.7063,0.07421875,0.8046875,-0.06542969,0.65625,-26.6875,-5.3125,-0.09277344,0.4814453,0.5185547,-27.5,5.46875,-20.59375,0,0,0,0,0,0,180,244.1735,180,180,0,180
839.7393,0.07421875,0.8046875,-0.06542969,0.65625,-26.6875,-5.3125,-0.09277344,0.4814453,0.5185547,-27.5,5.46875,-20.59375,0,0,0,0,0,0,180,244.1735,180,180,0,180
839.7734,-0.08203125,0.7822266,-0.1992188,-85.53125,-19.125,-32.90625,-0.09277344,0.4814453,0.5185547,-27.5,5.46875,-20.59375,0,0,0,0,0,0,180,244.1735,180,180,0,180
839.8071,-0.08203125,0.7822266,-0.1992188,-85.53125,-19.125,-32.90625,-0.09277344,0.4814453,0.5185547,-27.5,5.46875,-20.59375,0,0,0,0,0,0,180,244.1735,180,180,0,180
839.8397,0.3974609,0.2988281,-0.4912109,-27.40625,77.25,-29.9375,-0.09277344,0.4814453,0.5185547,-27.5,5.46875,-20.59375,0,0,0,0,0,0,180,244.1735,180,180,0,180
839.8732,0.3974609,0.2988281,-0.4912109,-27.40625,77.25,-29.9375,-0.09277344,0.4814453,0.5185547,-27.5,5.46875,-20.59375,0,0,0,0,0,0,180,244.1735,180,180,0,180
839.907,0.0859375,1.141602,-0.1064453,1.4375,60.40625,-8.5625,-0.09277344,0.4814453,0.5185547,-27.5,5.46875,-20.59375,0,0,0,0,0,0,180,244.1735,180,180,0,180
839.9402,0.0859375,1.141602,-0.1064453,1.4375,60.40625,-8.5625,-0.09277344,0.4814453,0.5185547,-27.5,5.46875,-20.59375,0,0,0,0,0,0,180,244.1735,180,180,0,180
839.9738,0.0859375,1.141602,-0.1064453,1.4375,60.40625,-8.5625,-0.09277344,0.4814453,0.5185547,-27.5,5.46875,-20.59375,0,0,0,0,0,0,180,244.1735,180,180,0,180
840.0071,-0.06835938,0.7734375,-0.1396484,-7.09375,10.25,9.625,-0.09277344,0.4814453,0.5185547,-27.5,5.46875,-20.59375,0,0,0,0,0,0,180,244.1735,180,180,0,180
840.0403,-0.06835938,0.7734375,-0.1396484,-7.09375,10.25,9.625,-0.09277344,0.4814453,0.5185547,-27.5,5.46875,-20.59375,0,0,0,0,0,0,180,244.1735,180,180,0,180
840.0738,-0.06835938,0.7734375,-0.1396484,-7.09375,10.25,9.625,-0.09277344,0.4814453,0.5185547,-27.5,5.46875,-20.59375,0,0,0,0,0,0,180,244.1735,180,180,0,180
840.1072,-0.06835938,0.7734375,-0.1396484,-7.09375,10.25,9.625,-0.3730469,1.044922,0.640625,-0.9375,6.34375,18.46875,0,0,0,0,0,0,180,244.1735,180,180,0,180
840.1409,-0.1582031,0.8320313,0.01367188,-30.40625,-26.6875,-7.9375,-0.3730469,1.044922,0.640625,-0.9375,6.34375,18.46875,0,0,0,0,0,0,180,244.1735,180,180,0,180
840.1738,-0.1582031,0.8320313,0.01367188,-30.40625,-26.6875,-7.9375,-0.3730469,1.044922,0.640625,-0.9375,6.34375,18.46875,0,0,0,0,0,0,180,244.1735,180,180,0,180
840.2072,0.4404297,0.6738281,-0.7119141,4.5,-34.1875,7.0625,-0.3730469,1.044922,0.640625,-0.9375,6.34375,18.46875,0,0,0,0,0,0,180,244.1735,180,180,0,180
840.2403,0.4404297,0.6738281,-0.7119141,4.5,-34.1875,7.0625,-0.3730469,1.044922,0.640625,-0.9375,6.34375,18.46875,0,0,0,0,0,0,180,244.1735,180,180,0,180
840.2737,0.4404297,0.6738281,-0.7119141,4.5,-34.1875,7.0625,-0.3730469,1.044922,0.640625,-0.9375,6.34375,18.46875,0,0,0,0,0,0,180,244.1735,180,180,0,180
840.3079,-0.1328125,0.7060547,-0.01953125,-21.6875,-20.34375,-0.625,-0.3730469,1.044922,0.640625,-0.9375,6.34375,18.46875,0,0,0,0,0,0,180,244.1735,180,180,0,180
840.3407,-0.1328125,0.7060547,-0.01953125,-21.6875,-20.34375,-0.625,-0.3730469,1.044922,0.640625,-0.9375,6.34375,18.46875,0,0,0,0,0,0,180,244.1735,180,180,0,180
840.3744,-0.1328125,0.7060547,-0.01953125,-21.6875,-20.34375,-0.625,-0.3730469,1.044922,0.640625,-0.9375,6.34375,18.46875,0,0,0,0,0,0,180,244.1735,180,180,0,180
840.4078,-0.0234375,0.7832031,-0.2060547,13.03125,34.53125,-21,-0.3730469,1.044922,0.640625,-0.9375,6.34375,18.46875,0,0,0,0,0,0,180,244.1735,180,180,0,180
840.4412,-0.0234375,0.7832031,-0.2060547,13.03125,34.53125,-21,-0.3730469,1.044922,0.640625,-0.9375,6.34375,18.46875,0,0,0,0,0,0,180,244.1735,180,180,0,180
840.4743,-0.0234375,0.7832031,-0.2060547,13.03125,34.53125,-21,-0.3730469,1.044922,0.640625,-0.9375,6.34375,18.46875,0,0,0,0,0,0,180,244.1735,180,180,0,180
840.5078,-0.0234375,0.7832031,-0.2060547,13.03125,34.53125,-21,-0.3730469,1.044922,0.640625,-0.9375,6.34375,18.46875,0,0,0,0,0,0,180,244.1735,180,180,0,180
840.5409,-0.09082031,0.9287109,-0.05371094,13,79.5625,-14.90625,-0.3730469,1.044922,0.640625,-0.9375,6.34375,18.46875,0,0,0,0,0,0,180,244.1735,180,180,0,180
840.5742,-0.09082031,0.9287109,-0.05371094,13,79.5625,-14.90625,-0.3730469,1.044922,0.640625,-0.9375,6.34375,18.46875,0,0,0,0,0,0,180,244.1735,180,180,0,180
840.6078,-0.01757813,0.9541016,-0.1914063,-11.71875,94.46875,-28.46875,-0.3730469,1.044922,0.640625,-0.9375,6.34375,18.46875,0,0,0,0,0,0,180,244.1735,180,180,0,180
840.6407,-0.01757813,0.9541016,-0.1914063,-11.71875,94.46875,-28.46875,-0.3730469,1.044922,0.640625,-0.9375,6.34375,18.46875,0,0,0,0,0,0,180,244.1735,180,180,0,180
840.6741,-0.01757813,0.9541016,-0.1914063,-11.71875,94.46875,-28.46875,-0.3730469,1.044922,0.640625,-0.9375,6.34375,18.46875,0,0,0,0,0,0,180,244.1735,180,180,0,180
840.7075,0.2929688,0.8291016,-0.9765625,47.96875,71.8125,-25.09375,-0.3730469,1.044922,0.640625,-0.9375,6.34375,18.46875,0,0,0,0,0,0,180,244.1735,180,180,0,180
840.7412,0.2929688,0.8291016,-0.9765625,47.96875,71.8125,-25.09375,-0.3730469,1.044922,0.640625,-0.9375,6.34375,18.46875,0,0,0,0,0,0,180,244.1735,180,180,0,180
840.7749,0.2929688,0.8291016,-0.9765625,47.96875,71.8125,-25.09375,-0.3730469,1.044922,0.640625,-0.9375,6.34375,18.46875,0,0,0,0,0,0,175.4796,281.5102,180,180,0,180
840.8074,0.3730469,1.728516,-0.6435547,-6.71875,140.25,-34.5,-0.3730469,1.044922,0.640625,-0.9375,6.34375,18.46875,0,0,0,0,0,0,175.4796,281.5102,180,180,0,180
840.8406,0.3730469,1.728516,-0.6435547,-6.71875,140.25,-34.5,-0.3730469,1.044922,0.640625,-0.9375,6.34375,18.46875,0,0,0,0,0,0,175.4796,281.5102,180,180,0,180
840.8745,-0.05859375,0.96875,-0.1367188,14.875,91.53125,-14.65625,-0.3730469,1.044922,0.640625,-0.9375,6.34375,18.46875,0,0,0,0,0,0,175.4796,281.5102,180,180,0,180
840.9077,-0.05859375,0.96875,-0.1367188,14.875,91.53125,-14.65625,-0.3730469,1.044922,0.640625,-0.9375,6.34375,18.46875,0,0,0,0,0,0,175.4796,281.5102,180,180,0,180
840.9412,-0.05859375,0.96875,-0.1367188,14.875,91.53125,-14.65625,-0.3730469,1.044922,0.640625,-0.9375,6.34375,18.46875,0,0,0,0,0,0,175.4796,281.5102,180,180,0,180
840.9747,-0.03808594,0.7832031,-0.1660156,-6.84375,52.71875,-17.09375,-0.3730469,1.044922,0.640625,-0.9375,6.34375,18.46875,0,0,0,0,0,0,175.4796,281.5102,180,180,0,180
841.0091,-0.03808594,0.7832031,-0.1660156,-6.84375,52.71875,-17.09375,-0.3730469,1.044922,0.640625,-0.9375,6.34375,18.46875,0,0,0,0,0,0,175.4796,281.5102,180,180,0,180
841.0422,-0.03808594,0.7832031,-0.1660156,-6.84375,52.71875,-17.09375,-0.3730469,1.044922,0.640625,-0.9375,6.34375,18.46875,0,0,0,0,0,0,175.4796,281.5102,180,180,0,180
841.0757,-0.03808594,0.7832031,-0.1660156,-6.84375,52.71875,-17.09375,-0.3730469,1.044922,0.640625,-0.9375,6.34375,18.46875,0,0,0,0,0,0,175.4796,281.5102,180,180,0,180
841.1092,-0.1337891,0.8222656,-0.2529297,-3.5,29.15625,-30.53125,-0.3730469,1.044922,0.640625,-0.9375,6.34375,18.46875,0,0,0,0,0,0,175.4796,281.5102,180,180,0,180
841.142,-0.1337891,0.8222656,-0.2529297,-3.5,29.15625,-30.53125,-0.3730469,1.044922,0.640625,-0.9375,6.34375,18.46875,0,0,0,0,0,0,175.4796,281.5102,180,180,0,180
841.1759,-0.1337891,0.8222656,-0.2529297,-3.5,29.15625,-30.53125,-0.3730469,1.044922,0.640625,-0.9375,6.34375,18.46875,0,0,0,0,0,0,152.5578,315.8657,180,180,0,180
841.2091,-0.1337891,0.8222656,-0.2529297,-3.5,29.15625,-30.53125,-0.3730469,1.044922,0.640625,-0.9375,6.34375,18.46875,0,0,0,0,0,0,152.5578,315.8657,180,180,0,180
841.2422,-0.1337891,0.8222656,-0.2529297,-3.5,29.15625,-30.53125,-0.3730469,1.044922,0.640625,-0.9375,6.34375,18.46875,0,0,0,0,0,0,152.5578,315.8657,180,180,0,180
841.2758,-0.03417969,0.9423828,0.04101563,-11.90625,115.0938,-9.84375,-0.3730469,1.044922,0.640625,-0.9375,6.34375,18.46875,0,0,0,0,0,0,152.5578,315.8657,180,180,0,180
841.309,-0.03417969,0.9423828,0.04101563,-11.90625,115.0938,-9.84375,-0.3730469,1.044922,0.640625,-0.9375,6.34375,18.46875,0,0,0,0,0,0,152.5578,315.8657,180,180,0,180
841.3682,-0.06738281,1.113281,-0.3007813,20.625,92.34375,-31.21875,-0.3730469,1.044922,0.640625,-0.9375,6.34375,18.46875,0,0,0,0,0,0,152.5578,315.8657,180,180,0,180
841.4011,0.1064453,0.9863281,-0.2363281,2.1875,111.4375,-47.8125,-0.3730469,1.044922,0.640625,-0.9375,6.34375,18.46875,0,0,0,0,0,0,152.5578,315.8657,180,180,0,180
841.4348,0.1064453,0.9863281,-0.2363281,2.1875,111.4375,-47.8125,-0.3730469,1.044922,0.640625,-0.9375,6.34375,18.46875,0,0,0,0,0,0,152.5578,315.8657,180,180,0,180
841.4681,0.1064453,0.9863281,-0.2363281,2.1875,111.4375,-47.8125,-0.3730469,1.044922,0.640625,-0.9375,6.34375,18.46875,0,0,0,0,0,0,152.5578,315.8657,180,180,0,180
841.5017,-0.04296875,0.9833984,-0.05371094,-1,106,-29.9375,-0.3730469,1.044922,0.640625,-0.9375,6.34375,18.46875,0,0,0,0,0,0,163.6651,315.2087,180,180,0,180
841.5349,-0.04296875,0.9833984,-0.05371094,-1,106,-29.9375,-0.3730469,1.044922,0.640625,-0.9375,6.34375,18.46875,0,0,0,0,0,0,163.6651,315.2087,180,180,0,180
841.5685,-0.04296875,0.9833984,-0.05371094,-1,106,-29.9375,-0.3730469,1.044922,0.640625,-0.9375,6.34375,18.46875,0,0,0,0,0,0,163.6651,315.2087,180,180,0,180
841.6018,0.4443359,0.8613281,-0.5097656,21.53125,87.15625,-20.84375,-0.3730469,1.044922,0.640625,-0.9375,6.34375,18.46875,0,0,0,0,0,0,163.6651,315.2087,180,180,0,180
841.635,0.4443359,0.8613281,-0.5097656,21.53125,87.15625,-20.84375,-0.3730469,1.044922,0.640625,-0.9375,6.34375,18.46875,0,0,0,0,0,0,163.6651,315.2087,180,180,0,180
841.6685,0.140625,0.9785156,-0.4462891,2.125,106,-27.90625,-0.3730469,1.044922,0.640625,-0.9375,6.34375,18.46875,0,0,0,0,0,0,163.6651,315.2087,180,180,0,180
841.702,0.140625,0.9785156,-0.4462891,2.125,106,-27.90625,-0.3730469,1.044922,0.640625,-0.9375,6.34375,18.46875,0,0,0,0,0,0,163.6651,315.2087,180,180,0,180
841.7352,0.140625,0.9785156,-0.4462891,2.125,106,-27.90625,-0.3730469,1.044922,0.640625,-0.9375,6.34375,18.46875,0,0,0,0,0,0,163.6651,315.2087,180,180,0,180
841.7683,0.140625,0.9785156,-0.4462891,2.125,106,-27.90625,-0.3730469,1.044922,0.640625,-0.9375,6.34375,18.46875,0,0,0,0,0,0,163.6651,315.2087,180,180,0,180
841.8022,0.01171875,1.040039,-0.1943359,13.59375,106.6875,-16.25,-0.3730469,1.044922,0.640625,-0.9375,6.34375,18.46875,0,0,0,0,0,0,163.6651,315.2087,180,180,0,180
841.8354,0.01171875,1.040039,-0.1943359,13.59375,106.6875,-16.25,-0.3730469,1.044922,0.640625,-0.9375,6.34375,18.46875,0,0,0,0,0,0,163.6651,315.2087,180,180,0,180
841.8687,0.2529297,1.052734,-0.2470703,-3.4375,57.71875,-16.375,-0.3730469,1.044922,0.640625,-0.9375,6.34375,18.46875,0,0,0,0,0,0,163.6651,315.2087,180,180,0,180
841.9026,0.2529297,1.052734,-0.2470703,-3.4375,57.71875,-16.375,-0.3730469,1.044922,0.640625,-0.9375,6.34375,18.46875,0,0,0,0,0,0,163.6651,315.2087,180,180,0,180
841.9357,0.09570313,1.316406,0.004882813,-46.09375,17.9375,-23.21875,-0.3730469,1.044922,0.640625,-0.9375,6.34375,18.46875,0,0,0,0,0,0,163.6651,315.2087,180,180,0,180
841.9691,0.09570313,1.316406,0.004882813,-46.09375,17.9375,-23.21875,-0.3730469,1.044922,0.640625,-0.9375,6.34375,18.46875,0,0,0,0,0,0,163.6651,315.2087,180,180,0,180
842.0025,0.09570313,1.316406,0.004882813,-46.09375,17.9375,-23.21875,-0.3730469,1.044922,0.640625,-0.9375,6.34375,18.46875,0,0,0,0,0,0,163.6651,315.2087,180,180,0,180
842.0358,0.5849609,0.3046875,-0.3974609,-23.875,1.375,-6,-0.3730469,1.044922,0.640625,-0.9375,6.34375,18.46875,0,0,0,0,0,0,123.7825,342.961,180,180,0,180
842.0694,0.5849609,0.3046875,-0.3974609,-23.875,1.375,-6,-0.3730469,1.044922,0.640625,-0.9375,6.34375,18.46875,0,0,0,0,0,0,123.7825,342.961,180,180,0,180
842.1027,0.5849609,0.3046875,-0.3974609,-23.875,1.375,-6,-0.3730469,1.044922,0.640625,-0.9375,6.34375,18.46875,0,0,0,0,0,0,123.7825,342.961,180,180,0,180
842.1358,0.1347656,1.195313,-0.125,17.0625,65.09375,-3.4375,-0.3730469,1.044922,0.640625,-0.9375,6.34375,18.46875,0,0,0,0,0,0,123.7825,342.961,180,180,0,180
842.1693,0.1347656,1.195313,-0.125,17.0625,65.09375,-3.4375,-0.3730469,1.044922,0.640625,-0.9375,6.34375,18.46875,0,0,0,0,0,0,123.7825,342.961,180,180,0,180
842.2025,0.1347656,1.195313,-0.125,17.0625,65.09375,-3.4375,-0.3730469,1.044922,0.640625,-0.9375,6.34375,18.46875,0,0,0,0,0,0,123.7825,342.961,180,180,0,180
842.2361,0,1.05957,-0.005859375,15,43.5625,-31.75,-0.3730469,1.044922,0.640625,-0.9375,6.34375,18.46875,0,0,0,0,0,0,123.7825,342.961,180,180,0,180
842.2693,0,1.05957,-0.005859375,15,43.5625,-31.75,-0.3730469,1.044922,0.640625,-0.9375,6.34375,18.46875,0,0,0,0,0,0,123.7825,342.961,180,180,0,180
842.3027,-0.1582031,0.9482422,-0.1396484,7.75,36,-34.6875,-0.3730469,1.044922,0.640625,-0.9375,6.34375,18.46875,0,0,0,0,0,0,123.7825,342.961,180,180,0,180
842.336,-0.1582031,0.9482422,-0.1396484,7.75,36,-34.6875,-0.3730469,1.044922,0.640625,-0.9375,6.34375,18.46875,0,0,0,0,0,0,123.7825,342.961,180,180,0,180
842.3693,-0.1582031,0.9482422,-0.1396484,7.75,36,-34.6875,-0.3730469,1.044922,0.640625,-0.9375,6.34375,18.46875,0,0,0,0,0,0,123.7825,342.961,180,180,0,180
842.4027,0.296875,0.9355469,-0.5986328,-23.40625,26.71875,-11.6875,-0.3730469,1.044922,0.640625,-0.9375,6.34375,18.46875,0,0,0,0,0,0,123.7825,342.961,180,180,0,180
842.4362,0.296875,0.9355469,-0.5986328,-23.40625,26.71875,-11.6875,-0.3730469,1.044922,0.640625,-0.9375,6.34375,18.46875,0,0,0,0,0,0,123.7825,342.961,180,180,0,180
842.4693,0.296875,0.9355469,-0.5986328,-23.40625,26.71875,-11.6875,-0.3730469,1.044922,0.640625,-0.9375,6.34375,18.46875,0,0,0,0,0,0,123.7825,342.961,180,180,0,180
842.5027,0.296875,0.9355469,-0.5986328,-23.40625,26.71875,-11.6875,-0.3730469,1.044922,0.640625,-0.9375,6.34375,18.46875,0,0,0,0,0,0,123.7825,342.961,180,180,0,180
842.5363,0.04101563,0.4257813,-0.1865234,-0.6875,58.46875,-12.46875,-0.3730469,1.044922,0.640625,-0.9375,6.34375,18.46875,0,0,0,0,0,0,123.7825,342.961,180,180,0,180
842.5695,0.04101563,0.4257813,-0.1865234,-0.6875,58.46875,-12.46875,-0.3730469,1.044922,0.640625,-0.9375,6.34375,18.46875,0,0,0,0,0,0,123.7825,342.961,180,180,0,180
842.6027,-0.1621094,0.8486328,-0.1699219,-10.03125,65.53125,-6.0625,-0.3730469,1.044922,0.640625,-0.9375,6.34375,18.46875,0,0,0,0,0,0,153.7629,313.835,144.8739,180,0,180
842.6362,-0.1621094,0.8486328,-0.1699219,-10.03125,65.53125,-6.0625,-0.3730469,1.044922,0.640625,-0.9375,6.34375,18.46875,0,0,0,0,0,0,153.7629,313.835,144.8739,180,0,180
842.6696,-0.1621094,0.8486328,-0.1699219,-10.03125,65.53125,-6.0625,-0.3730469,1.044922,0.640625,-0.9375,6.34375,18.46875,0,0,0,0,0,0,153.7629,313.835,144.8739,180,0,180
842.7027,-0.01464844,1.34082,-0.001953125,2.84375,17.1875,-0.125,-0.3730469,1.044922,0.640625,-0.9375,6.34375,18.46875,0,0,0,0,0,0,153.7629,313.835,144.8739,180,0,180
842.7361,-0.01464844,1.34082,-0.001953125,2.84375,17.1875,-0.125,-0.3730469,1.044922,0.640625,-0.9375,6.34375,18.46875,0,0,0,0,0,0,153.7629,313.835,144.8739,180,0,180
842.7697,-0.01464844,1.34082,-0.001953125,2.84375,17.1875,-0.125,-0.3730469,1.044922,0.640625,-0.9375,6.34375,18.46875,0,0,0,0,0,0,153.7629,313.835,144.8739,180,0,180
842.8029,0.09472656,0.7949219,0.04199219,-24.25,-14.40625,-9.125,-0.3730469,1.044922,0.640625,-0.9375,6.34375,18.46875,0,0,0,0,0,0,153.7629,313.835,144.8739,180,0,180
842.837,0.09472656,0.7949219,0.04199219,-24.25,-14.40625,-9.125,-0.3730469,1.044922,0.640625,-0.9375,6.34375,18.46875,0,0,0,0,0,0,153.7629,313.835,144.8739,180,0,180
842.8698,-0.2441406,1.030273,-0.2470703,0.03125,-23.8125,13.46875,-0.3730469,1.044922,0.640625,-0.9375,6.34375,18.46875,0,0,0,0,0,0,153.7629,313.835,144.8739,180,0,180
842.9031,-0.2441406,1.030273,-0.2470703,0.03125,-23.8125,13.46875,-0.3730469,1.044922,0.640625,-0.9375,6.34375,18.46875,0,0,0,0,0,0,153.7629,313.835,144.8739,180,0,180
842.9368,-0.2441406,1.030273,-0.2470703,0.03125,-23.8125,13.46875,-0.3730469,1.044922,0.640625,-0.9375,6.34375,18.46875,0,0,0,0,0,0,153.7629,313.835,144.8739,180,0,180
842.9701,-0.2441406,1.030273,-0.2470703,0.03125,-23.8125,13.46875,-0.3730469,1.044922,0.640625,-0.9375,6.34375,18.46875,0,0,0,0,0,0,153.7629,313.835,144.8739,180,0,180
843.0037,0.09960938,0.9707031,-0.5097656,-8.125,-38.28125,-1.46875,-0.3730469,1.044922,0.640625,-0.9375,6.34375,18.46875,0,0,0,0,0,0,153.7629,313.835,144.8739,180,0,180
843.0372,0.09960938,0.9707031,-0.5097656,-8.125,-38.28125,-1.46875,-0.3730469,1.044922,0.640625,-0.9375,6.34375,18.46875,0,0,0,0,0,0,153.7629,313.835,144.8739,180,0,180
843.0704,0.09960938,0.9707031,-0.5097656,-8.125,-38.28125,-1.46875,-0.3730469,1.044922,0.640625,-0.9375,6.34375,18.46875,0,0,0,0,0,0,153.7629,313.835,144.8739,180,0,180
843.1048,-0.15625,0.9208984,-0.1474609,-24.78125,-5.625,-9.34375,-0.3730469,1.044922,0.640625,-0.9375,6.34375,18.46875,0,0,0,0,0,0,153.7629,313.835,144.8739,180,0,180
843.1379,-0.15625,0.9208984,-0.1474609,-24.78125,-5.625,-9.34375,-0.3730469,1.044922,0.640625,-0.9375,6.34375,18.46875,0,0,0,0,0,0,153.7629,313.835,144.8739,180,0,180
843.1715,0.3046875,0.8359375,-0.1787109,-37.3125,39,-14.96875,0.9101563,1.679688,-0.1367188,-181.7813,-3.5,-120.0313,0,0,0,0,0,0,153.7629,313.835,144.8739,180,0,180
843.2048,0.3046875,0.8359375,-0.1787109,-37.3125,39,-14.96875,0.9101563,1.679688,-0.1367188,-181.7813,-3.5,-120.0313,0,0,0,0,0,0,180,285.7432,94.95586,180,0,180
843.2391,0.3046875,0.8359375,-0.1787109,-37.3125,39,-14.96875,0.9101563,1.679688,-0.1367188,-181.7813,-3.5,-120.0313,0,0,0,0,0,0,180,285.7432,94.95586,180,0,180
843.2718,-0.2050781,1.111328,-0.046875,-59.53125,-3.75,-34.375,0.9101563,1.679688,-0.1367188,-181.7813,-3.5,-120.0313,0,0,0,0,0,0,180,285.7432,94.95586,180,0,180
843.3054,-0.2050781,1.111328,-0.046875,-59.53125,-3.75,-34.375,0.9101563,1.679688,-0.1367188,-181.7813,-3.5,-120.0313,0,0,0,0,0,0,180,285.7432,94.95586,180,0,180
843.3393,-0.2050781,1.111328,-0.046875,-59.53125,-3.75,-34.375,0.9101563,1.679688,-0.1367188,-181.7813,-3.5,-120.0313,0,0,0,0,0,0,180,285.7432,94.95586,180,0,180
843.3723,-0.1328125,1.263672,-0.0703125,-33.53125,28.0625,-1.25,0.9101563,1.679688,-0.1367188,-181.7813,-3.5,-120.0313,0,0,0,0,0,0,180,285.7432,94.95586,180,0,180
843.406,-0.1328125,1.263672,-0.0703125,-33.53125,28.0625,-1.25,0.9101563,1.679688,-0.1367188,-181.7813,-3.5,-120.0313,0,0,0,0,0,0,180,285.7432,94.95586,180,0,180
843.4394,-0.1328125,1.263672,-0.0703125,-33.53125,28.0625,-1.25,0.9101563,1.679688,-0.1367188,-181.7813,-3.5,-120.0313,0,0,0,0,0,0,180,285.7432,94.95586,180,0,180
843.4727,-0.1328125,1.263672,-0.0703125,-33.53125,28.0625,-1.25,0.9101563,1.679688,-0.1367188,-181.7813,-3.5,-120.0313,0,0,0,0,0,0,180,285.7432,94.95586,180,0,180
843.5058,0.04101563,1.067383,-0.2519531,-18.6875,-2.75,-5.6875,0.9101563,1.679688,-0.1367188,-181.7813,-3.5,-120.0313,0,0,0,0,0,0,180,285.7432,94.95586,180,0,180
843.5402,0.04101563,1.067383,-0.2519531,-18.6875,-2.75,-5.6875,0.9101563,1.679688,-0.1367188,-181.7813,-3.5,-120.0313,0,0,0,0,0,0,180,285.7432,94.95586,180,0,180
843.5733,-0.1708984,0.7275391,-0.2773438,-5.5625,-29.96875,-13.03125,0.9101563,1.679688,-0.1367188,-181.7813,-3.5,-120.0313,0,0,0,0,0,0,180,285.7432,94.95586,180,0,180
843.6064,-0.1708984,0.7275391,-0.2773438,-5.5625,-29.96875,-13.03125,0.9101563,1.679688,-0.1367188,-181.7813,-3.5,-120.0313,0,0,0,0,0,0,180,285.7432,94.95586,180,0,180
843.6402,-0.1708984,0.7275391,-0.2773438,-5.5625,-29.96875,-13.03125,0.9101563,1.679688,-0.1367188,-181.7813,-3.5,-120.0313,0,0,0,0,0,0,180,285.7432,94.95586,180,0,180
843.6931,0.0234375,0.6992188,0.2294922,-27,-29.625,4.25,0.9101563,1.679688,-0.1367188,-181.7813,-3.5,-120.0313,0,0,0,0,0,0,178.278,279.7073,92.2917,180,0,180
843.6951,0.0234375,0.6992188,0.2294922,-27,-29.625,4.25,0.9101563,1.679688,-0.1367188,-181.7813,-3.5,-120.0313,0,0,0,0,0,0,178.278,279.7073,92.2917,180,0,180
843.7267,0.0234375,0.6992188,0.2294922,-27,-29.625,4.25,0.9101563,1.679688,-0.1367188,-181.7813,-3.5,-120.0313,0,0,0,0,0,0,178.278,279.7073,92.2917,180,0,180
843.7603,0.046875,0.71875,-0.004882813,-19.84375,-24.5625,-20.71875,0.9101563,1.679688,-0.1367188,-181.7813,-3.5,-120.0313,0,0,0,0,0,0,178.278,279.7073,92.2917,180,0,180
843.7935,0.046875,0.71875,-0.004882813,-19.84375,-24.5625,-20.71875,0.9101563,1.679688,-0.1367188,-181.7813,-3.5,-120.0313,0,0,0,0,0,0,178.278,279.7073,92.2917,180,0,180
843.8272,0.046875,0.71875,-0.004882813,-19.84375,-24.5625,-20.71875,0.9101563,1.679688,-0.1367188,-181.7813,-3.5,-120.0313,0,0,0,0,0,0,178.278,279.7073,92.2917,180,0,180
843.8602,-0.1767578,0.4863281,-0.08300781,-44.3125,11.40625,-19.78125,0.9101563,1.679688,-0.1367188,-181.7813,-3.5,-120.0313,0,0,0,0,0,0,180,287.2158,85.74208,180,0,180
843.8938,-0.1767578,0.4863281,-0.08300781,-44.3125,11.40625,-19.78125,0.9101563,1.679688,-0.1367188,-181.7813,-3.5,-120.0313,0,0,0,0,0,0,180,287.2158,85.74208,180,0,180
843.9271,-0.1767578,0.4863281,-0.08300781,-44.3125,11.40625,-19.78125,0.9101563,1.679688,-0.1367188,-181.7813,-3.5,-120.0313,0,0,0,0,0,0,180,287.2158,85.74208,180,0,180
843.9603,0.3603516,1.355469,-0.4296875,41.1875,92.40625,-38.40625,0.9101563,1.679688,-0.1367188,-181.7813,-3.5,-120.0313,0,0,0,0,0,0,180,287.2158,85.74208,180,0,180
843.9935,0.3603516,1.355469,-0.4296875,41.1875,92.40625,-38.40625,0.9101563,1.679688,-0.1367188,-181.7813,-3.5,-120.0313,0,0,0,0,0,0,180,287.2158,85.74208,180,0,180
844.0275,0.3603516,1.355469,-0.4296875,41.1875,92.40625,-38.40625,0.9101563,1.679688,-0.1367188,-181.7813,-3.5,-120.0313,0,0,0,0,0,0,180,287.2158,85.74208,180,0,180
844.0604,0.3603516,1.355469,-0.4296875,41.1875,92.40625,-38.40625,0.9101563,1.679688,-0.1367188,-181.7813,-3.5,-120.0313,0,0,0,0,0,0,180,287.2158,85.74208,180,0,180
844.0936,-0.05761719,1.586914,-0.2597656,1.5,104.2188,-14.46875,0.9101563,1.679688,-0.1367188,-181.7813,-3.5,-120.0313,0,0,0,0,0,0,180,294.2261,82.61442,180,0,180
844.1271,-0.05761719,1.586914,-0.2597656,1.5,104.2188,-14.46875,0.9101563,1.679688,-0.1367188,-181.7813,-3.5,-120.0313,0,0,0,0,0,0,180,294.2261,82.61442,180,0,180
844.1602,0.08789063,1.020508,-0.1103516,9.03125,24.875,4.3125,0.9101563,1.679688,-0.1367188,-181.7813,-3.5,-120.0313,0,0,0,0,0,0,180,294.2261,82.61442,180,0,180
844.1938,0.08789063,1.020508,-0.1103516,9.03125,24.875,4.3125,0.9101563,1.679688,-0.1367188,-181.7813,-3.5,-120.0313,0,0,0,0,0,0,180,294.2261,82.61442,180,0,180
844.2278,0.08789063,1.020508,-0.1103516,9.03125,24.875,4.3125,0.9101563,1.679688,-0.1367188,-181.7813,-3.5,-120.0313,0,0,0,0,0,0,180,294.2261,82.61442,180,0,180
844.2608,0.1591797,0.6894531,-0.09375,-27,-18.5625,-16.75,0.9101563,1.679688,-0.1367188,-181.7813,-3.5,-120.0313,0,0,0,0,0,0,180,294.2261,82.61442,180,0,180
844.2944,0.1591797,0.6894531,-0.09375,-27,-18.5625,-16.75,0.9101563,1.679688,-0.1367188,-181.7813,-3.5,-120.0313,0,0,0,0,0,0,180,294.2261,82.61442,180,0,180
844.3274,0.1591797,0.6894531,-0.09375,-27,-18.5625,-16.75,0.9101563,1.679688,-0.1367188,-181.7813,-3.5,-120.0313,0,0,0,0,0,0,180,294.2261,82.61442,180,0,180
844.3611,-0.1796875,1.495117,-0.3242188,8.65625,26.03125,21.84375,0.9101563,1.679688,-0.1367188,-181.7813,-3.5,-120.0313,0,0,0,0,0,0,180,294.2261,82.61442,180,0,180
844.3943,-0.1796875,1.495117,-0.3242188,8.65625,26.03125,21.84375,0.9101563,1.679688,-0.1367188,-181.7813,-3.5,-120.0313,0,0,0,0,0,0,180,294.2261,82.61442,180,0,180
844.4282,-0.1796875,1.495117,-0.3242188,8.65625,26.03125,21.84375,0.9101563,1.679688,-0.1367188,-181.7813,-3.5,-120.0313,0,0,0,0,0,0,180,294.2261,82.61442,180,0,180
844.4608,0.1298828,0.84375,-0.3027344,-7.9375,-2.28125,-12.40625,0.9101563,1.679688,-0.1367188,-181.7813,-3.5,-120.0313,0,0,0,0,0,0,180,294.2261,82.61442,180,0,180
844.4942,0.1298828,0.84375,-0.3027344,-7.9375,-2.28125,-12.40625,0.9101563,1.679688,-0.1367188,-181.7813,-3.5,-120.0313,0,0,0,0,0,0,180,294.2261,82.61442,180,0,180
844.5281,0.1298828,0.84375,-0.3027344,-7.9375,-2.28125,-12.40625,0.1279297,1.69043,0.1777344,-161.2188,-24.78125,-41.78125,0,0,0,0,0,0,180,294.2261,82.61442,180,0,180
844.5609,0.05175781,0.9433594,-0.1201172,2,43.5625,-12.34375,0.1279297,1.69043,0.1777344,-161.2188,-24.78125,-41.78125,0,0,0,0,0,0,180,294.2261,82.61442,180,0,180
844.5944,0.05175781,0.9433594,-0.1201172,2,43.5625,-12.34375,0.1279297,1.69043,0.1777344,-161.2188,-24.78125,-41.78125,0,0,0,0,0,0,180,294.2261,82.61442,180,0,180
844.628,0.05175781,0.9433594,-0.1201172,2,43.5625,-12.34375,0.1279297,1.69043,0.1777344,-161.2188,-24.78125,-41.78125,0,0,0,0,0,0,180,294.2261,82.61442,180,0,180
844.6611,0.3564453,0.5927734,-0.2773438,4.875,96.53125,-25.09375,0.1279297,1.69043,0.1777344,-161.2188,-24.78125,-41.78125,0,0,0,0,0,0,180,294.2261,82.61442,180,0,180
844.6944,0.3564453,0.5927734,-0.2773438,4.875,96.53125,-25.09375,0.1279297,1.69043,0.1777344,-161.2188,-24.78125,-41.78125,0,0,0,0,0,0,180,294.2261,82.61442,180,0,180
844.728,0.3564453,0.5927734,-0.2773438,4.875,96.53125,-25.09375,0.1279297,1.69043,0.1777344,-161.2188,-24.78125,-41.78125,0,0,0,0,0,0,180,294.2261,82.61442,180,0,180
844.7613,0.1162109,1.664063,-0.2529297,-3.4375,15.25,-16.6875,0.1279297,1.69043,0.1777344,-161.2188,-24.78125,-41.78125,0,0,0,0,0,0,180,294.2261,82.61442,180,0,180
844.7943,0.1162109,1.664063,-0.2529297,-3.4375,15.25,-16.6875,0.1279297,1.69043,0.1777344,-161.2188,-24.78125,-41.78125,0,0,0,0,0,0,180,294.2261,82.61442,180,0,180
844.8284,0.1337891,0.7929688,-0.02636719,-12.96875,108.125,-27.3125,0.1279297,1.69043,0.1777344,-161.2188,-24.78125,-41.78125,0,0,0,0,0,0,180,294.2261,82.61442,180,0,180
844.8616,0.1337891,0.7929688,-0.02636719,-12.96875,108.125,-27.3125,0.1279297,1.69043,0.1777344,-161.2188,-24.78125,-41.78125,0,0,0,0,0,0,180,294.2261,82.61442,180,0,180
844.895,0.1337891,0.7929688,-0.02636719,-12.96875,108.125,-27.3125,0.1279297,1.69043,0.1777344,-161.2188,-24.78125,-41.78125,0,0,0,0,0,0,180,294.2261,82.61442,180,0,180
844.9283,0.1054688,0.9863281,-0.05664063,3.53125,100.5,-25.53125,0.1279297,1.69043,0.1777344,-161.2188,-24.78125,-41.78125,0,0,0,0,0,0,180,334.8903,89.35913,180,0,180
844.9616,0.1054688,0.9863281,-0.05664063,3.53125,100.5,-25.53125,0.1279297,1.69043,0.1777344,-161.2188,-24.78125,-41.78125,0,0,0,0,0,0,180,334.8903,89.35913,180,0,180
844.995,0.1054688,0.9863281,-0.05664063,3.53125,100.5,-25.53125,0.1279297,1.69043,0.1777344,-161.2188,-24.78125,-41.78125,0,0,0,0,0,0,180,334.8903,89.35913,180,0,180
845.0286,-0.004882813,1.049805,-0.2792969,9.125,90.9375,-44.875,0.1279297,1.69043,0.1777344,-161.2188,-24.78125,-41.78125,0,0,0,0,0,0,180,334.8903,89.35913,180,0,180
845.0621,-0.004882813,1.049805,-0.2792969,9.125,90.9375,-44.875,-0.7724609,1.308594,1.120117,99.8125,-87.09375,93.03125,0,0,0,0,0,0,180,334.8903,89.35913,180,0,180
845.0953,-0.004882813,1.049805,-0.2792969,9.125,90.9375,-44.875,-0.7724609,1.308594,1.120117,99.8125,-87.09375,93.03125,0,0,0,0,0,0,180,334.8903,89.35913,180,0,180
845.1289,0.2666016,0.9824219,-0.2802734,-4.46875,72.3125,-15.03125,-0.7724609,1.308594,1.120117,99.8125,-87.09375,93.03125,0,0,0,0,0,0,180,334.8903,89.35913,180,0,180
845.162,0.2666016,0.9824219,-0.2802734,-4.46875,72.3125,-15.03125,-0.7724609,1.308594,1.120117,99.8125,-87.09375,93.03125,0,0,0,0,0,0,180,334.8903,89.35913,180,0,180
845.1955,0.2666016,0.9824219,-0.2802734,-4.46875,72.3125,-15.03125,-0.7724609,1.308594,1.120117,99.8125,-87.09375,93.03125,0,0,0,0,0,0,180,334.8903,89.35913,180,0,180
845.2296,0.1689453,1.395508,-0.6826172,25.6875,80.3125,-14.78125,-0.7724609,1.308594,1.120117,99.8125,-87.09375,93.03125,0,0,0,0,0,0,180,334.8903,89.35913,180,0,180
845.2624,0.1689453,1.395508,-0.6826172,25.6875,80.3125,-14.78125,-0.7724609,1.308594,1.120117,99.8125,-87.09375,93.03125,0,0,0,0,0,0,180,334.8903,89.35913,180,0,180
845.2958,0.1689453,1.395508,-0.6826172,25.6875,80.3125,-14.78125,-0.7724609,1.308594,1.120117,99.8125,-87.09375,93.03125,0,0,0,0,0,0,180,334.8903,89.35913,180,0,180
845.3298,0.0390625,1.083008,-0.3828125,12.6875,94.90625,-28.09375,-0.7724609,1.308594,1.120117,99.8125,-87.09375,93.03125,0,0,0,0,0,0,180,334.8903,89.35913,180,0,180
845.3626,0.0390625,1.083008,-0.3828125,12.6875,94.90625,-28.09375,-0.7724609,1.308594,1.120117,99.8125,-87.09375,93.03125,0,0,0,0,0,0,180,334.8903,89.35913,180,0,180
845.396,0.04980469,1.060547,-0.2431641,11.40625,100.5,-36.28125,-0.7724609,1.308594,1.120117,99.8125,-87.09375,93.03125,0,0,0,0,0,0,180,334.8903,89.35913,180,0,180
845.4294,0.04980469,1.060547,-0.2431641,11.40625,100.5,-36.28125,-0.7724609,1.308594,1.120117,99.8125,-87.09375,93.03125,0,0,0,0,0,0,180,334.8903,89.35913,180,0,180
845.4626,0.04980469,1.060547,-0.2431641,11.40625,100.5,-36.28125,-0.7724609,1.308594,1.120117,99.8125,-87.09375,93.03125,0,0,0,0,0,0,180,334.8903,89.35913,180,0,180
845.4961,0.04980469,1.060547,-0.2431641,11.40625,100.5,-36.28125,-0.08984375,0.2841797,-0.01074219,107.5,214.5938,23.09375,0,0,0,0,0,0,180,334.8903,89.35913,180,0,180
845.5296,-0.1279297,0.9296875,-0.1904297,-4.21875,116.375,-47.75,-0.08984375,0.2841797,-0.01074219,107.5,214.5938,23.09375,0,0,0,0,0,0,180,7.370963,111.2492,180,0,180
845.5628,-0.1279297,0.9296875,-0.1904297,-4.21875,116.375,-47.75,-0.08984375,0.2841797,-0.01074219,107.5,214.5938,23.09375,0,0,0,0,0,0,180,7.370963,111.2492,180,0,180
845.5961,-0.1279297,0.9296875,-0.1904297,-4.21875,116.375,-47.75,-0.08984375,0.2841797,-0.01074219,107.5,214.5938,23.09375,0,0,0,0,0,0,180,7.370963,111.2492,180,0,180
845.6299,-0.1738281,0.9853516,-0.1835938,-8.375,95.875,-39.5625,-0.08984375,0.2841797,-0.01074219,107.5,214.5938,23.09375,0,0,0,0,0,0,180,7.370963,111.2492,180,0,180
845.663,-0.1738281,0.9853516,-0.1835938,-8.375,95.875,-39.5625,-0.08984375,0.2841797,-0.01074219,107.5,214.5938,23.09375,0,0,0,0,0,0,180,7.370963,111.2492,180,0,180
845.6965,-0.1113281,0.9199219,-0.4394531,29.90625,93.25,-20.59375,-0.08984375,0.2841797,-0.01074219,107.5,214.5938,23.09375,0,0,0,0,0,0,180,7.370963,111.2492,180,0,180
845.7299,-0.1113281,0.9199219,-0.4394531,29.90625,93.25,-20.59375,-0.08984375,0.2841797,-0.01074219,107.5,214.5938,23.09375,0,0,0,0,0,0,180,7.370963,111.2492,180,0,180
845.7629,-0.1113281,0.9199219,-0.4394531,29.90625,93.25,-20.59375,-0.08984375,0.2841797,-0.01074219,107.5,214.5938,23.09375,0,0,0,0,0,0,180,7.370963,111.2492,180,0,180
845.797,0.02734375,0.9814453,-0.4638672,19.03125,80.25,-9.40625,-0.08984375,0.2841797,-0.01074219,107.5,214.5938,23.09375,0,0,0,0,0,0,180,7.370963,111.2492,180,0,180
845.8299,0.02734375,0.9814453,-0.4638672,19.03125,80.25,-9.40625,-0.08984375,0.2841797,-0.01074219,107.5,214.5938,23.09375,0,0,0,0,0,0,180,7.370963,111.2492,180,0,180
845.8629,0.02734375,0.9814453,-0.4638672,19.03125,80.25,-9.40625,-0.08984375,0.2841797,-0.01074219,107.5,214.5938,23.09375,0,0,0,0,0,0,180,7.370963,111.2492,180,0,180
845.8969,0.3876953,0.6464844,-0.1298828,44.96875,48.09375,12.6875,-0.08984375,0.2841797,-0.01074219,107.5,214.5938,23.09375,0,0,0,0,0,0,180,7.370963,111.2492,180,0,180
845.9302,0.3876953,0.6464844,-0.1298828,44.96875,48.09375,12.6875,-0.08984375,0.2841797,-0.01074219,107.5,214.5938,23.09375,0,0,0,0,0,0,180,7.370963,111.2492,180,0,180
845.9634,0.3876953,0.6464844,-0.1298828,44.96875,48.09375,12.6875,-0.2822266,1.121094,0.4804688,-10.59375,115.2813,-20.125,0,0,0,0,0,0,180,7.370963,111.2492,180,0,180
845.9971,0.3613281,1.048828,-0.2666016,37.03125,45.6875,7.75,-0.2822266,1.121094,0.4804688,-10.59375,115.2813,-20.125,0,0,0,0,0,0,180,7.370963,111.2492,180,0,180
846.0306,0.3613281,1.048828,-0.2666016,37.03125,45.6875,7.75,-0.2822266,1.121094,0.4804688,-10.59375,115.2813,-20.125,0,0,0,0,0,0,180,7.370963,111.2492,180,0,180
846.0878,0.3759766,0.765625,-0.2871094,43.6875,30.25,5.84375,-0.2822266,1.121094,0.4804688,-10.59375,115.2813,-20.125,0,0,0,0,0,0,180,7.370963,111.2492,180,0,180
846.0898,0.3759766,0.765625,-0.2871094,43.6875,30.25,5.84375,-0.2822266,1.121094,0.4804688,-10.59375,115.2813,-20.125,0,0,0,0,0,0,180,7.370963,111.2492,180,0,180
846.1213,0.3759766,0.765625,-0.2871094,43.6875,30.25,5.84375,-0.2822266,1.121094,0.4804688,-10.59375,115.2813,-20.125,0,0,0,0,0,0,180,7.370963,111.2492,180,0,180
846.1544,0.3759766,0.765625,-0.2871094,43.6875,30.25,5.84375,-0.2822266,1.121094,0.4804688,-10.59375,115.2813,-20.125,0,0,0,0,0,0,180,7.370963,111.2492,180,0,180
846.1882,0.005859375,0.4882813,-0.3662109,48.5,-17.90625,5.125,-0.2822266,1.121094,0.4804688,-10.59375,115.2813,-20.125,0,0,0,0,0,0,180,7.370963,111.2492,180,0,180
846.2218,0.005859375,0.4882813,-0.3662109,48.5,-17.90625,5.125,-0.2822266,1.121094,0.4804688,-10.59375,115.2813,-20.125,0,0,0,0,0,0,180,7.370963,111.2492,180,0,180
846.2545,0.005859375,0.4882813,-0.3662109,48.5,-17.90625,5.125,-0.2822266,1.121094,0.4804688,-10.59375,115.2813,-20.125,0,0,0,0,0,0,180,7.370963,111.2492,180,0,180
846.2883,0.5234375,1.110352,-0.9199219,59.25,5.71875,-8.75,-0.2822266,1.121094,0.4804688,-10.59375,115.2813,-20.125,0,0,0,0,0,0,180,7.370963,111.2492,180,0,180
846.3219,0.5234375,1.110352,-0.9199219,59.25,5.71875,-8.75,-0.2822266,1.121094,0.4804688,-10.59375,115.2813,-20.125,0,0,0,0,0,0,180,7.370963,111.2492,180,0,180
846.3551,0.1064453,0.6943359,-0.7529297,39.40625,1.03125,-9.40625,-0.2822266,1.121094,0.4804688,-10.59375,115.2813,-20.125,0,0,0,0,0,0,180,7.370963,111.2492,180,0,180
846.3886,0.1064453,0.6943359,-0.7529297,39.40625,1.03125,-9.40625,-0.2822266,1.121094,0.4804688,-10.59375,115.2813,-20.125,0,0,0,0,0,0,180,268.3714,180,180,0,180
846.4225,0.1064453,0.6943359,-0.7529297,39.40625,1.03125,-9.40625,-0.2822266,1.121094,0.4804688,-10.59375,115.2813,-20.125,0,0,0,0,0,0,180,268.3714,180,180,0,180
846.4555,0.1064453,0.6943359,-0.7529297,39.40625,1.03125,-9.40625,-0.2822266,1.121094,0.4804688,-10.59375,115.2813,-20.125,0,0,0,0,0,0,180,268.3714,180,180,0,180
846.489,0,0.7558594,-0.7480469,10.375,8.78125,-7.03125,-0.2822266,1.121094,0.4804688,-10.59375,115.2813,-20.125,0,0,0,0,0,0,180,268.3714,180,180,0,180
846.5228,0,0.7558594,-0.7480469,10.375,8.78125,-7.03125,-0.2822266,1.121094,0.4804688,-10.59375,115.2813,-20.125,0,0,0,0,0,0,180,268.3714,180,180,0,180
846.5557,0,0.7558594,-0.7480469,10.375,8.78125,-7.03125,-0.2822266,1.121094,0.4804688,-10.59375,115.2813,-20.125,0,0,0,0,0,0,180,268.3714,180,180,0,180
846.5893,0.1689453,0.7548828,-0.9023438,-14.90625,16.46875,-8.875,-0.2822266,1.121094,0.4804688,-10.59375,115.2813,-20.125,0,0,0,0,0,0,180,268.3714,180,180,0,180
846.623,0.1689453,0.7548828,-0.9023438,-14.90625,16.46875,-8.875,-0.2822266,1.121094,0.4804688,-10.59375,115.2813,-20.125,0,0,0,0,0,0,180,268.3714,180,180,0,180
846.6558,0.3300781,0.6816406,-0.9277344,-48.65625,10.96875,-26.8125,-0.2822266,1.121094,0.4804688,-10.59375,115.2813,-20.125,0,0,0,0,0,0,180,268.3714,180,180,0,180
846.6893,0.3300781,0.6816406,-0.9277344,-48.65625,10.96875,-26.8125,-0.2822266,1.121094,0.4804688,-10.59375,115.2813,-20.125,0,0,0,0,0,0,180,268.3714,180,180,0,180
846.7234,0.3300781,0.6816406,-0.9277344,-48.65625,10.96875,-26.8125,-0.2822266,1.121094,0.4804688,-10.59375,115.2813,-20.125,0,0,0,0,0,0,180,268.3714,180,180,0,180
846.7565,0.1767578,1.070313,-0.7587891,-74.84375,13.71875,-39.375,-0.2822266,1.121094,0.4804688,-10.59375,115.2813,-20.125,0,0,0,0,0,0,180,268.3714,180,180,0,180
846.7905,0.1767578,1.070313,-0.7587891,-74.84375,13.71875,-39.375,-0.2822266,1.121094,0.4804688,-10.59375,115.2813,-20.125,0,0,0,0,0,0,180,268.3714,180,180,0,180
846.824,0.1767578,1.070313,-0.7587891,-74.84375,13.71875,-39.375,-0.2822266,1.121094,0.4804688,-10.59375,115.2813,-20.125,0,0,0,0,0,0,180,268.3714,180,180,0,180
846.8569,-0.05957031,0.6914063,-0.3847656,-63,17.5,-32.59375,-0.2822266,1.121094,0.4804688,-10.59375,115.2813,-20.125,0,0,0,0,0,0,180,268.3714,180,180,0,180
846.8904,-0.05957031,0.6914063,-0.3847656,-63,17.5,-32.59375,-0.2822266,1.121094,0.4804688,-10.59375,115.2813,-20.125,0,0,0,0,0,0,180,268.3714,180,180,0,180
846.9242,-0.05957031,0.6914063,-0.3847656,-63,17.5,-32.59375,-0.2822266,1.121094,0.4804688,-10.59375,115.2813,-20.125,0,0,0,0,0,0,180,268.3714,180,180,0,180
846.9568,0.1064453,1.116211,-0.1005859,-68.625,4.625,-33.34375,-0.2822266,1.121094,0.4804688,-10.59375,115.2813,-20.125,0,0,0,0,0,0,180,278.9138,180,180,0,180
846.9904,0.1064453,1.116211,-0.1005859,-68.625,4.625,-33.34375,-0.2822266,1.121094,0.4804688,-10.59375,115.2813,-20.125,0,0,0,0,0,0,180,278.9138,180,180,0,180
847.0239,0.1064453,1.116211,-0.1005859,-68.625,4.625,-33.34375,-0.2822266,1.121094,0.4804688,-10.59375,115.2813,-20.125,0,0,0,0,0,0,180,278.9138,180,180,0,180
847.0573,0.1064453,1.116211,-0.1005859,-68.625,4.625,-33.34375,-0.2822266,1.121094,0.4804688,-10.59375,115.2813,-20.125,0,0,0,0,0,0,180,278.9138,180,180,0,180
847.0904,-0.02734375,0.9052734,-0.09082031,-106.2813,-5.625,-39.03125,-0.2822266,1.121094,0.4804688,-10.59375,115.2813,-20.125,0,0,0,0,0,0,180,278.9138,180,180,0,180
847.124,-0.02734375,0.9052734,-0.09082031,-106.2813,-5.625,-39.03125,-0.2822266,1.121094,0.4804688,-10.59375,115.2813,-20.125,0,0,0,0,0,0,180,278.9138,180,180,0,180
847.157,-0.09667969,0.8789063,-0.0703125,-49.5,-7.71875,-25.71875,-0.2822266,1.121094,0.4804688,-10.59375,115.2813,-20.125,0,0,0,0,0,0,180,278.9138,180,180,0,180
847.1907,-0.09667969,0.8789063,-0.0703125,-49.5,-7.71875,-25.71875,-0.2822266,1.121094,0.4804688,-10.59375,115.2813,-20.125,0,0,0,0,0,0,180,278.9138,180,180,0,180
847.224,-0.2539063,1.049805,0.001953125,-46.03125,3.03125,-24.6875,-0.2822266,1.121094,0.4804688,-10.59375,115.2813,-20.125,0,0,0,0,0,0,180,278.9138,180,180,0,180
847.2571,-0.2539063,1.049805,0.001953125,-46.03125,3.03125,-24.6875,-0.2822266,1.121094,0.4804688,-10.59375,115.2813,-20.125,0,0,0,0,0,0,180,278.9138,180,180,0,180
847.2906,-0.2539063,1.049805,0.001953125,-46.03125,3.03125,-24.6875,-0.3466797,0.6552734,0.9277344,-84.5,23.65625,-44.59375,0,0,0,0,0,0,180,278.9138,180,180,0,180
847.3242,-0.2626953,0.7617188,0.1416016,-7.21875,-2.75,-8.1875,-0.3466797,0.6552734,0.9277344,-84.5,23.65625,-44.59375,0,0,0,0,0,0,180,261.7067,180,180,0,180
847.3571,-0.2626953,0.7617188,0.1416016,-7.21875,-2.75,-8.1875,-0.3466797,0.6552734,0.9277344,-84.5,23.65625,-44.59375,0,0,0,0,0,0,180,261.7067,180,180,0,180
847.3906,-0.2626953,0.7617188,0.1416016,-7.21875,-2.75,-8.1875,-0.3466797,0.6552734,0.9277344,-84.5,23.65625,-44.59375,0,0,0,0,0,0,180,261.7067,180,180,0,180
847.4244,-0.2626953,0.7617188,0.1416016,-7.21875,-2.75,-8.1875,-0.3466797,0.6552734,0.9277344,-84.5,23.65625,-44.59375,0,0,0,0,0,0,180,261.7067,180,180,0,180
847.4573,-0.1572266,1.050781,-0.0234375,5.65625,-4.03125,3.28125,-0.3466797,0.6552734,0.9277344,-84.5,23.65625,-44.59375,0,0,0,0,0,0,180,261.7067,180,180,0,180
847.491,-0.1572266,1.050781,-0.0234375,5.65625,-4.03125,3.28125,-0.3466797,0.6552734,0.9277344,-84.5,23.65625,-44.59375,0,0,0,0,0,0,180,261.7067,180,180,0,180
847.524,-0.2304688,0.9550781,-0.06347656,6.5,-4.59375,7.625,-0.3466797,0.6552734,0.9277344,-84.5,23.65625,-44.59375,0,0,0,0,0,0,180,261.7067,180,180,0,180
847.5571,-0.2304688,0.9550781,-0.06347656,6.5,-4.59375,7.625,-0.3466797,0.6552734,0.9277344,-84.5,23.65625,-44.59375,0,0,0,0,0,0,180,261.7067,180,180,0,180
847.5911,-0.2304688,0.9550781,-0.06347656,6.5,-4.59375,7.625,-0.3466797,0.6552734,0.9277344,-84.5,23.65625,-44.59375,0,0,0,0,0,0,180,261.7067,180,180,0,180
847.6243,0.08886719,1.125,-0.02636719,-2.6875,-0.625,-0.625,-0.3466797,0.6552734,0.9277344,-84.5,23.65625,-44.59375,0,0,0,0,0,0,180,261.7067,180,180,0,180
847.6572,0.08886719,1.125,-0.02636719,-2.6875,-0.625,-0.625,-0.3466797,0.6552734,0.9277344,-84.5,23.65625,-44.59375,0,0,0,0,0,0,180,261.7067,180,180,0,180
847.691,0.08886719,1.125,-0.02636719,-2.6875,-0.625,-0.625,-0.3466797,0.6552734,0.9277344,-84.5,23.65625,-44.59375,0,0,0,0,0,0,180,261.7067,180,180,0,180
847.7243,0.08886719,1.125,-0.02636719,-2.6875,-0.625,-0.625,-0.3466797,0.6552734,0.9277344,-84.5,23.65625,-44.59375,0,0,0,0,0,0,180,261.7067,180,180,0,180
847.7572,-0.03808594,0.8886719,-0.02148438,-11.0625,3.28125,-0.0625,-0.3466797,0.6552734,0.9277344,-84.5,23.65625,-44.59375,0,0,0,0,0,0,180,261.7067,180,180,0,180
847.7909,-0.1992188,0.9853516,0.09765625,-9.65625,-0.1875,1.9375,-0.3466797,0.6552734,0.9277344,-84.5,23.65625,-44.59375,0,0,0,0,0,0,180,261.7067,180,180,0,180
847.8248,-0.1992188,0.9853516,0.09765625,-9.65625,-0.1875,1.9375,-0.3466797,0.6552734,0.9277344,-84.5,23.65625,-44.59375,0,0,0,0,0,0,180,261.7067,180,180,0,180
847.8574,-0.1992188,0.9853516,0.09765625,-9.65625,-0.1875,1.9375,-0.3466797,0.6552734,0.9277344,-84.5,23.65625,-44.59375,0,0,0,0,0,0,180,261.7067,180,180,0,180
847.891,-0.1992188,0.9853516,0.09765625,-9.65625,-0.1875,1.9375,-0.3466797,0.6552734,0.9277344,-84.5,23.65625,-44.59375,0,0,0,0,0,0,180,261.7067,180,180,0,180
847.9244,-0.1630859,1.029297,-0.05175781,-7.59375,0.28125,0.59375,-0.3466797,0.6552734,0.9277344,-84.5,23.65625,-44.59375,0,0,0,0,0,0,180,261.7067,180,180,0,180
847.9575,-0.1630859,1.029297,-0.05175781,-7.59375,0.28125,0.59375,-0.3466797,0.6552734,0.9277344,-84.5,23.65625,-44.59375,0,0,0,0,0,0,180,261.7067,180,180,0,180
847.9912,-0.1630859,1.029297,-0.05175781,-7.59375,0.28125,0.59375,-0.3466797,0.6552734,0.9277344,-84.5,23.65625,-44.59375,0,0,0,0,0,0,180,261.7067,180,180,0,180
848.0248,-0.1289063,0.8173828,0.05078125,-6.1875,1.5625,0.46875,-0.3466797,0.6552734,0.9277344,-84.5,23.65625,-44.59375,0,0,0,0,0,0,180,261.7067,180,180,0,180
848.0578,-0.1289063,0.8173828,0.05078125,-6.1875,1.5625,0.46875,-0.3466797,0.6552734,0.9277344,-84.5,23.65625,-44.59375,0,0,0,0,0,0,180,261.7067,180,180,0,180
848.0915,0.01855469,1.041992,0.04492188,-0.5625,4.5,-0.25,-0.3466797,0.6552734,0.9277344,-84.5,23.65625,-44.59375,0,0,0,0,0,0,180,261.7067,180,180,0,180
848.1249,0.01855469,1.041992,0.04492188,-0.5625,4.5,-0.25,-0.3466797,0.6552734,0.9277344,-84.5,23.65625,-44.59375,0,0,0,0,0,0,180,261.7067,180,180,0,180
848.1583,0.01855469,1.041992,0.04492188,-0.5625,4.5,-0.25,-0.3466797,0.6552734,0.9277344,-84.5,23.65625,-44.59375,0,0,0,0,0,0,180,261.7067,180,180,0,180
848.1919,0.01855469,1.041992,0.04492188,-0.5625,4.5,-0.25,-0.3466797,0.6552734,0.9277344,-84.5,23.65625,-44.59375,0,0,0,0,0,0,180,261.7067,180,180,0,180
848.2257,-0.01367188,0.8369141,-0.01269531,-4.71875,-0.5,-2.28125,-0.3466797,0.6552734,0.9277344,-84.5,23.65625,-44.59375,0,0,0,0,0,0,180,190.8254,180,180,0,180
848.259,-0.01367188,0.8369141,-0.01269531,-4.71875,-0.5,-2.28125,-0.3466797,0.6552734,0.9277344,-84.5,23.65625,-44.59375,0,0,0,0,0,0,180,190.8254,180,180,0,180
848.2927,-0.1074219,1.015625,-0.05664063,0.78125,5.71875,-2.875,-0.3466797,0.6552734,0.9277344,-84.5,23.65625,-44.59375,0,0,0,0,0,0,180,190.8254,180,180,0,180
848.3264,-0.1074219,1.015625,-0.05664063,0.78125,5.71875,-2.875,-0.3466797,0.6552734,0.9277344,-84.5,23.65625,-44.59375,0,0,0,0,0,0,180,190.8254,180,180,0,180
848.3593,-0.1074219,1.015625,-0.05664063,0.78125,5.71875,-2.875,-0.3466797,0.6552734,0.9277344,-84.5,23.65625,-44.59375,0,0,0,0,0,0,180,190.8254,180,180,0,180
848.3928,-0.2617188,0.9726563,-0.015625,-5.3125,0.28125,-1.3125,-0.3466797,0.6552734,0.9277344,-84.5,23.65625,-44.59375,0,0,0,0,0,0,180,190.8254,180,180,0,180
848.427,-0.2617188,0.9726563,-0.015625,-5.3125,0.28125,-1.3125,-0.3466797,0.6552734,0.9277344,-84.5,23.65625,-44.59375,0,0,0,0,0,0,180,190.8254,180,180,0,180
848.4603,-0.2617188,0.9726563,-0.015625,-5.3125,0.28125,-1.3125,-0.3466797,0.6552734,0.9277344,-84.5,23.65625,-44.59375,0,0,0,0,0,0,180,190.8254,180,180,0,180
848.5151,-0.09960938,0.9677734,0.06835938,2.84375,6.28125,-0.1875,-0.3466797,0.6552734,0.9277344,-84.5,23.65625,-44.59375,0,0,0,0,0,0,180,190.8254,180,180,0,180
848.5177,-0.09960938,0.9677734,0.06835938,2.84375,6.28125,-0.1875,-0.3466797,0.6552734,0.9277344,-84.5,23.65625,-44.59375,0,0,0,0,0,0,180,190.8254,180,180,0,180
848.5486,-0.09960938,0.9677734,0.06835938,2.84375,6.28125,-0.1875,-0.5986328,0.1845703,1.03418,7,3.15625,5.5,0,0,0,0,0,0,180,190.8254,180,180,0,180
848.5818,-0.09960938,0.9677734,0.06835938,2.84375,6.28125,-0.1875,-0.5986328,0.1845703,1.03418,7,3.15625,5.5,0,0,0,0,0,0,180,190.8254,180,180,0,180
848.616,-0.09570313,1.154297,0.03515625,0.90625,1.625,-2.09375,-0.5986328,0.1845703,1.03418,7,3.15625,5.5,0,0,0,0,0,0,180,190.8254,180,180,0,180
848.6497,-0.09570313,1.154297,0.03515625,0.90625,1.625,-2.09375,-0.5986328,0.1845703,1.03418,7,3.15625,5.5,0,0,0,0,0,0,180,190.8254,180,180,0,180
848.6829,-0.09570313,1.154297,0.03515625,0.90625,1.625,-2.09375,-0.5986328,0.1845703,1.03418,7,3.15625,5.5,0,0,0,0,0,0,180,190.8254,180,180,0,180
848.7172,-0.2138672,0.9169922,0.1044922,-2.59375,-1.46875,0.96875,-0.5986328,0.1845703,1.03418,7,3.15625,5.5,0,0,0,0,0,0,180,190.8254,180,180,0,180
848.7499,-0.0703125,1.145508,0.0009765625,1.09375,-1.3125,1.3125,-0.5986328,0.1845703,1.03418,7,3.15625,5.5,0,0,0,0,0,0,180,190.8254,180,180,0,180
848.783,-0.1259766,0.9814453,-0.06347656,2.96875,-0.875,0.71875,-0.5986328,0.1845703,1.03418,7,3.15625,5.5,0,0,0,0,0,0,180,190.8254,180,180,0,180
848.8164,-0.1259766,0.9814453,-0.06347656,2.96875,-0.875,0.71875,-0.5986328,0.1845703,1.03418,7,3.15625,5.5,0,0,0,0,0,0,180,190.8254,180,180,0,180
848.8499,-0.1259766,0.9814453,-0.06347656,2.96875,-0.875,0.71875,-0.5986328,0.1845703,1.03418,7,3.15625,5.5,0,0,0,0,0,0,180,190.8254,180,180,0,180
848.8836,-0.1523438,0.9335938,-0.09179688,-0.125,0.59375,-1.125,-0.5986328,0.1845703,1.03418,7,3.15625,5.5,0,0,0,0,0,0,180,190.8254,180,180,0,180
848.9171,-0.1523438,0.9335938,-0.09179688,-0.125,0.59375,-1.125,-0.5986328,0.1845703,1.03418,7,3.15625,5.5,0,0,0,0,0,0,180,190.8254,180,180,0,180
848.9504,-0.1523438,0.9335938,-0.09179688,-0.125,0.59375,-1.125,-0.5986328,0.1845703,1.03418,7,3.15625,5.5,0,0,0,0,0,0,180,190.8254,180,180,0,180
848.9835,-0.1523438,0.9335938,-0.09179688,-0.125,0.59375,-1.125,-0.5820313,0.1181641,1.109375,0.5625,2.75,2.28125,0,0,0,0,0,0,180,190.8254,180,180,0,180
849.0176,-0.1630859,1.016602,0.08398438,0.40625,-0.5,0,-0.5820313,0.1181641,1.109375,0.5625,2.75,2.28125,0,0,0,0,0,0,180,195.7039,180,180,0,180
849.0502,-0.1630859,1.016602,0.08398438,0.40625,-0.5,0,-0.5820313,0.1181641,1.109375,0.5625,2.75,2.28125,0,0,0,0,0,0,180,195.7039,180,180,0,180
849.0836,-0.1455078,1.006836,0.01757813,0.53125,0.96875,0.21875,-0.5820313,0.1181641,1.109375,0.5625,2.75,2.28125,0,0,0,0,0,0,180,195.7039,180,180,0,180
849.1177,-0.1455078,1.006836,0.01757813,0.53125,0.96875,0.21875,-0.5820313,0.1181641,1.109375,0.5625,2.75,2.28125,0,0,0,0,0,0,180,195.7039,180,180,0,180
849.1503,-0.1455078,1.006836,0.01757813,0.53125,0.96875,0.21875,-0.5820313,0.1181641,1.109375,0.5625,2.75,2.28125,0,0,0,0,0,0,180,195.7039,180,180,0,180
849.1838,-0.1679688,0.9414063,-0.07519531,-3.375,-0.625,1.15625,-0.5820313,0.1181641,1.109375,0.5625,2.75,2.28125,0,0,0,0,0,0,180,195.7039,180,180,0,180
849.2177,-0.1679688,0.9414063,-0.07519531,-3.375,-0.625,1.15625,-0.5820313,0.1181641,1.109375,0.5625,2.75,2.28125,0,0,0,0,0,0,180,195.7039,180,180,0,180
849.2509,-0.1679688,0.9414063,-0.07519531,-3.375,-0.625,1.15625,-0.5820313,0.1181641,1.109375,0.5625,2.75,2.28125,0,0,0,0,0,0,180,195.7039,180,180,0,180
849.2837,-0.08105469,0.9238281,0.05078125,-0.9375,-0.5,1.3125,-0.5820313,0.1181641,1.109375,0.5625,2.75,2.28125,0,0,0,0,0,0,180,195.7039,180,180,0,180
849.318,-0.08105469,0.9238281,0.05078125,-0.9375,-0.5,1.3125,-0.5820313,0.1181641,1.109375,0.5625,2.75,2.28125,0,0,0,0,0,0,180,195.7039,180,180,0,180
849.3504,-0.08105469,0.9238281,0.05078125,-0.9375,-0.5,1.3125,-0.5820313,0.1181641,1.109375,0.5625,2.75,2.28125,0,0,0,0,0,0,180,195.7039,180,180,0,180
849.3839,-0.02734375,1.09082,-0.01464844,-1.71875,-2.625,0.65625,-0.5820313,0.1181641,1.109375,0.5625,2.75,2.28125,0,0,0,0,0,0,180,195.7039,180,180,0,180
849.418,-0.02734375,1.09082,-0.01464844,-1.71875,-2.625,0.65625,-0.5820313,0.1181641,1.109375,0.5625,2.75,2.28125,0,0,0,0,0,0,180,195.7039,180,180,0,180
849.4504,-0.02734375,1.09082,-0.01464844,-1.71875,-2.625,0.65625,-0.5820313,0.1181641,1.109375,0.5625,2.75,2.28125,0,0,0,0,0,0,180,195.7039,180,180,0,180
849.4839,-0.1806641,1.181641,0.1201172,0.65625,-0.8125,0.21875,-0.5820313,0.1181641,1.109375,0.5625,2.75,2.28125,0,0,0,0,0,0,180,195.7039,180,180,0,180
849.5182,-0.1806641,1.181641,0.1201172,0.65625,-0.8125,0.21875,-0.5820313,0.1181641,1.109375,0.5625,2.75,2.28125,0,0,0,0,0,0,180,195.7039,180,180,0,180
849.5506,-0.1806641,1.181641,0.1201172,0.65625,-0.8125,0.21875,-0.5820313,0.1181641,1.109375,0.5625,2.75,2.28125,0,0,0,0,0,0,180,195.7039,180,180,0,180
849.584,-0.04589844,1.008789,-0.0703125,-0.375,-2.8125,0.90625,-0.5820313,0.1181641,1.109375,0.5625,2.75,2.28125,0,0,0,0,0,0,180,195.7039,180,180,0,180
849.6183,-0.04589844,1.008789,-0.0703125,-0.375,-2.8125,0.90625,-0.5820313,0.1181641,1.109375,0.5625,2.75,2.28125,0,0,0,0,0,0,180,195.7039,180,180,0,180
849.6505,-0.03613281,0.9033203,0.08691406,1.5625,-1.125,0.15625,-0.5214844,-0.02636719,0.9541016,0.53125,-3.4375,1.0625,0,0,0,0,0,0,180,195.7039,180,180,0,180
849.6838,-0.03613281,0.9033203,0.08691406,1.5625,-1.125,0.15625,-0.5214844,-0.02636719,0.9541016,0.53125,-3.4375,1.0625,0,0,0,0,0,0,180,194.7869,180,180,0,180
849.718,-0.03613281,0.9033203,0.08691406,1.5625,-1.125,0.15625,-0.5214844,-0.02636719,0.9541016,0.53125,-3.4375,1.0625,0,0,0,0,0,0,180,194.7869,180,180,0,180
849.7507,0.03222656,0.9033203,-0.03613281,-0.5,-2.09375,-1.53125,-0.5214844,-0.02636719,0.9541016,0.53125,-3.4375,1.0625,0,0,0,0,0,0,180,194.7869,180,180,0,180
849.784,0.03222656,0.9033203,-0.03613281,-0.5,-2.09375,-1.53125,-0.5214844,-0.02636719,0.9541016,0.53125,-3.4375,1.0625,0,0,0,0,0,0,180,194.7869,180,180,0,180
849.8184,0.03222656,0.9033203,-0.03613281,-0.5,-2.09375,-1.53125,-0.5214844,-0.02636719,0.9541016,0.53125,-3.4375,1.0625,0,0,0,0,0,0,180,194.7869,180,180,0,180
849.8511,-0.08496094,0.9306641,0.04296875,-1.34375,-1.125,-0.25,-0.5214844,-0.02636719,0.9541016,0.53125,-3.4375,1.0625,0,0,0,0,0,0,180,194.7869,180,180,0,180
849.8848,-0.08496094,0.9306641,0.04296875,-1.34375,-1.125,-0.25,-0.5214844,-0.02636719,0.9541016,0.53125,-3.4375,1.0625,0,0,0,0,0,0,180,194.7869,180,180,0,180
849.9182,-0.08496094,0.9306641,0.04296875,-1.34375,-1.125,-0.25,-0.5214844,-0.02636719,0.9541016,0.53125,-3.4375,1.0625,0,0,0,0,0,0,180,194.7869,180,180,0,180
849.951,-0.09375,1.089844,0.09863281,-1.3125,-1.53125,-0.125,-0.5214844,-0.02636719,0.9541016,0.53125,-3.4375,1.0625,0,0,0,0,0,0,180,194.7869,180,180,0,180
849.9844,-0.09375,1.089844,0.09863281,-1.3125,-1.53125,-0.125,-0.5214844,-0.02636719,0.9541016,0.53125,-3.4375,1.0625,0,0,0,0,0,0,180,195.2509,180,180,0,180
850.0184,-0.09375,1.089844,0.09863281,-1.3125,-1.53125,-0.125,-0.5214844,-0.02636719,0.9541016,0.53125,-3.4375,1.0625,0,0,0,0,0,0,180,195.2509,180,180,0,180
850.0515,-0.09375,1.089844,0.09863281,-1.3125,-1.53125,-0.125,-0.5214844,-0.02636719,0.9541016,0.53125,-3.4375,1.0625,0,0,0,0,0,0,180,195.2509,180,180,0,180
850.0848,-0.07128906,1.094727,-0.02246094,-0.9375,-0.75,0.03125,-0.5214844,-0.02636719,0.9541016,0.53125,-3.4375,1.0625,0,0,0,0,0,0,180,195.2509,180,180,0,180
850.1187,-0.07128906,1.094727,-0.02246094,-0.9375,-0.75,0.03125,-0.5214844,-0.02636719,0.9541016,0.53125,-3.4375,1.0625,0,0,0,0,0,0,180,195.2509,180,180,0,180
850.1512,-0.1464844,0.9033203,-0.02148438,-4.28125,-0.1875,0.03125,-0.5214844,-0.02636719,0.9541016,0.53125,-3.4375,1.0625,0,0,0,0,0,0,180,195.2509,180,180,0,180
850.1846,-0.1464844,0.9033203,-0.02148438,-4.28125,-0.1875,0.03125,-0.5214844,-0.02636719,0.9541016,0.53125,-3.4375,1.0625,0,0,0,0,0,0,180,195.2509,180,180,0,180
850.2189,-0.1464844,0.9033203,-0.02148438,-4.28125,-0.1875,0.03125,-0.5214844,-0.02636719,0.9541016,0.53125,-3.4375,1.0625,0,0,0,0,0,0,180,195.2509,180,180,0,180
850.2516,-0.2285156,0.9365234,-0.01171875,-1.71875,1.21875,-0.9375,-0.5214844,-0.02636719,0.9541016,0.53125,-3.4375,1.0625,0,0,0,0,0,0,180,195.2509,180,180,0,180
850.2845,-0.2285156,0.9365234,-0.01171875,-1.71875,1.21875,-0.9375,-0.5214844,-0.02636719,0.9541016,0.53125,-3.4375,1.0625,0,0,0,0,0,0,180,195.2509,180,180,0,180
850.3191,-0.2285156,0.9365234,-0.01171875,-1.71875,1.21875,-0.9375,-0.5214844,-0.02636719,0.9541016,0.53125,-3.4375,1.0625,0,0,0,0,0,0,180,195.2509,180,180,0,180
850.352,-0.1035156,0.953125,-0.07910156,-3.625,1.21875,-0.875,-0.5214844,-0.02636719,0.9541016,0.53125,-3.4375,1.0625,0,0,0,0,0,0,180,195.2509,180,180,0,180
850.3852,-0.1035156,0.953125,-0.07910156,-3.625,1.21875,-0.875,-0.5214844,-0.02636719,0.9541016,0.53125,-3.4375,1.0625,0,0,0,0,0,0,180,195.2509,180,180,0,180
850.4191,-0.1035156,0.953125,-0.07910156,-3.625,1.21875,-0.875,-0.5214844,-0.02636719,0.9541016,0.53125,-3.4375,1.0625,0,0,0,0,0,0,180,195.2509,180,180,0,180
850.4525,-0.02441406,0.9833984,-0.1474609,-1.25,0.84375,-0.5625,-0.5214844,-0.02636719,0.9541016,0.53125,-3.4375,1.0625,0,0,0,0,0,0,180,195.2509,180,180,0,180
850.4856,-0.02441406,0.9833984,-0.1474609,-1.25,0.84375,-0.5625,-0.5214844,-0.02636719,0.9541016,0.53125,-3.4375,1.0625,0,0,0,0,0,0,180,195.2509,180,180,0,180
850.52,-0.1289063,0.9228516,0.009765625,-2.75,1.28125,-0.875,-0.5214844,-0.02636719,0.9541016,0.53125,-3.4375,1.0625,0,0,0,0,0,0,180,195.2509,180,180,0,180
850.5526,-0.1289063,0.9228516,0.009765625,-2.75,1.28125,-0.875,-0.5214844,-0.02636719,0.9541016,0.53125,-3.4375,1.0625,0,0,0,0,0,0,180,195.2509,180,180,0,180
850.586,-0.1289063,0.9228516,0.009765625,-2.75,1.28125,-0.875,-0.5214844,-0.02636719,0.9541016,0.53125,-3.4375,1.0625,0,0,0,0,0,0,180,195.2509,180,180,0,180
850.6199,-0.1289063,0.9228516,0.009765625,-2.75,1.28125,-0.875,-0.6083984,0.04296875,0.9150391,1.375,-0.5,0.09375,0,0,0,0,0,0,180,195.2509,180,180,0,180
850.653,-0.2089844,0.9238281,0.03710938,-4.03125,0.53125,-1.78125,-0.6083984,0.04296875,0.9150391,1.375,-0.5,0.09375,0,0,0,0,0,0,180,195.2509,180,180,0,180
850.6861,-0.2089844,0.9238281,0.03710938,-4.03125,0.53125,-1.78125,-0.6083984,0.04296875,0.9150391,1.375,-0.5,0.09375,0,0,0,0,0,0,180,195.2509,180,180,0,180
850.7205,-0.2089844,0.9238281,0.03710938,-4.03125,0.53125,-1.78125,-0.6083984,0.04296875,0.9150391,1.375,-0.5,0.09375,0,0,0,0,0,0,180,195.2509,180,180,0,180
850.7534,-0.1796875,1.103516,-0.046875,-3.1875,1.28125,-1.3125,-0.6083984,0.04296875,0.9150391,1.375,-0.5,0.09375,0,0,0,0,0,0,180,195.2509,180,180,0,180
850.787,-0.1796875,1.103516,-0.046875,-3.1875,1.28125,-1.3125,-0.6083984,0.04296875,0.9150391,1.375,-0.5,0.09375,0,0,0,0,0,0,180,195.2509,180,180,0,180
850.8212,-0.06152344,0.9707031,0.07226563,-3.75,1.5,-1.0625,-0.6083984,0.04296875,0.9150391,1.375,-0.5,0.09375,0,0,0,0,0,0,180,195.5365,180,180,0,180
850.8537,-0.06152344,0.9707031,0.07226563,-3.75,1.5,-1.0625,-0.6083984,0.04296875,0.9150391,1.375,-0.5,0.09375,0,0,0,0,0,0,180,195.5365,180,180,0,180
850.9153,0.02929688,1.151367,0.02636719,-0.6875,2.5625,-0.875,-0.6083984,0.04296875,0.9150391,1.375,-0.5,0.09375,0,0,0,0,0,0,180,195.5365,180,180,0,180
850.9182,0.02929688,1.151367,0.02636719,-0.6875,2.5625,-0.875,-0.6083984,0.04296875,0.9150391,1.375,-0.5,0.09375,0,0,0,0,0,0,180,195.5365,180,180,0,180
850.9485,0.02929688,1.151367,0.02636719,-0.6875,2.5625,-0.875,-0.6083984,0.04296875,0.9150391,1.375,-0.5,0.09375,0,0,0,0,0,0,180,195.5365,180,180,0,180
850.982,0.02929688,1.151367,0.02636719,-0.6875,2.5625,-0.875,-0.6083984,0.04296875,0.9150391,1.375,-0.5,0.09375,0,0,0,0,0,0,180,195.5365,180,180,0,180
851.0165,-0.1601563,0.8242188,0.08789063,-4.78125,1.03125,0.21875,-0.6083984,0.04296875,0.9150391,1.375,-0.5,0.09375,0,0,0,0,0,0,180,195.3002,180,180,0,180
851.0487,-0.1601563,0.8242188,0.08789063,-4.78125,1.03125,0.21875,-0.6083984,0.04296875,0.9150391,1.375,-0.5,0.09375,0,0,0,0,0,0,180,195.3002,180,180,0,180
851.0826,-0.1601563,0.8242188,0.08789063,-4.78125,1.03125,0.21875,-0.6083984,0.04296875,0.9150391,1.375,-0.5,0.09375,0,0,0,0,0,0,180,195.3002,180,180,0,180
851.1165,-0.1601563,0.8242188,0.08789063,-4.78125,1.03125,0.21875,-0.5703125,0.05664063,0.9433594,-0.40625,0.28125,0.4375,0,0,0,0,0,0,180,195.5799,180,180,0,180
851.1494,-0.008789063,0.9599609,0.04003906,-1.1875,2.96875,-0.8125,-0.5703125,0.05664063,0.9433594,-0.40625,0.28125,0.4375,0,0,0,0,0,0,180,195.5799,180,180,0,180
851.1834,-0.008789063,0.9599609,0.04003906,-1.1875,2.96875,-0.8125,-0.5703125,0.05664063,0.9433594,-0.40625,0.28125,0.4375,0,0,0,0,0,0,180,195.5799,180,180,0,180
851.2172,-0.09179688,1.019531,0.00390625,-0.375,-0.25,-0.625,-0.5703125,0.05664063,0.9433594,-0.40625,0.28125,0.4375,0,0,0,0,0,0,180,195.5799,180,180,0,180
851.2494,-0.09179688,1.019531,0.00390625,-0.375,-0.25,-0.625,-0.5703125,0.05664063,0.9433594,-0.40625,0.28125,0.4375,0,0,0,0,0,0,180,195.5799,180,180,0,180
851.2838,-0.09179688,1.019531,0.00390625,-0.375,-0.25,-0.625,-0.5703125,0.05664063,0.9433594,-0.40625,0.28125,0.4375,0,0,0,0,0,0,180,195.5799,180,180,0,180
851.3174,-0.09179688,1.019531,0.00390625,-0.375,-0.25,-0.625,-0.5703125,0.05664063,0.9433594,-0.40625,0.28125,0.4375,0,0,0,0,0,0,180,195.5799,180,180,0,180
851.3494,-0.04003906,0.9619141,0.03027344,0.78125,0.21875,1.4375,-0.5703125,0.05664063,0.9433594,-0.40625,0.28125,0.4375,0,0,0,0,0,0,180,195.5799,180,180,0,180
851.3835,-0.04003906,0.9619141,0.03027344,0.78125,0.21875,1.4375,-0.5703125,0.05664063,0.9433594,-0.40625,0.28125,0.4375,0,0,0,0,0,0,180,195.5799,180,180,0,180
851.4168,-0.04003906,0.9619141,0.03027344,0.78125,0.21875,1.4375,-0.5703125,0.05664063,0.9433594,-0.40625,0.28125,0.4375,0,0,0,0,0,0,180,195.5799,180,180,0,180
851.4494,-0.00390625,1.060547,-0.1630859,-0.5,-0.4375,-0.1875,-0.5703125,0.05664063,0.9433594,-0.40625,0.28125,0.4375,0,0,0,0,0,0,180,195.5799,180,180,0,180
851.4833,-0.00390625,1.060547,-0.1630859,-0.5,-0.4375,-0.1875,-0.5703125,0.05664063,0.9433594,-0.40625,0.28125,0.4375,0,0,0,0,0,0,180,195.5799,180,180,0,180
851.517,-0.2470703,0.8925781,-0.01074219,1.375,0.40625,-0.0625,-0.5703125,0.05664063,0.9433594,-0.40625,0.28125,0.4375,0,0,0,0,0,0,180,195.5799,180,180,0,180
851.5496,-0.2470703,0.8925781,-0.01074219,1.375,0.40625,-0.0625,-0.5703125,0.05664063,0.9433594,-0.40625,0.28125,0.4375,0,0,0,0,0,0,180,195.5799,180,180,0,180
851.584,-0.2470703,0.8925781,-0.01074219,1.375,0.40625,-0.0625,-0.5703125,0.05664063,0.9433594,-0.40625,0.28125,0.4375,0,0,0,0,0,0,180,195.5799,180,180,0,180
851.6178,-0.1289063,0.9199219,-0.0625,0.28125,0.65625,-1,-0.5703125,0.05664063,0.9433594,-0.40625,0.28125,0.4375,0,0,0,0,0,0,180,195.5799,180,180,0,180
851.65,-0.1289063,0.9199219,-0.0625,0.28125,0.65625,-1,-0.5703125,0.05664063,0.9433594,-0.40625,0.28125,0.4375,0,0,0,0,0,0,180,195.5799,180,180,0,180
851.6838,-0.1289063,0.9199219,-0.0625,0.28125,0.65625,-1,-0.5703125,0.05664063,0.9433594,-0.40625,0.28125,0.4375,0,0,0,0,0,0,180,195.5799,180,180,0,180
851.7178,-0.1289063,0.9199219,-0.0625,0.28125,0.65625,-1,-0.5703125,0.05664063,0.9433594,-0.40625,0.28125,0.4375,0,0,0,0,0,0,180,195.5799,180,180,0,180
851.7501,0.002929688,0.9707031,0.008789063,0.40625,0.40625,-1,-0.5703125,0.05664063,0.9433594,-0.40625,0.28125,0.4375,0,0,0,0,0,0,180,195.5799,180,180,0,180
851.7834,-0.03710938,0.8544922,-0.0390625,-0.25,0.28125,-0.4375,-0.5703125,0.05664063,0.9433594,-0.40625,0.28125,0.4375,0,0,0,0,0,0,180,195.5799,180,180,0,180
851.8185,-0.03710938,0.8544922,-0.0390625,-0.25,0.28125,-0.4375,-0.5703125,0.05664063,0.9433594,-0.40625,0.28125,0.4375,0,0,0,0,0,0,180,195.5799,180,180,0,180
851.8497,-0.03710938,0.8544922,-0.0390625,-0.25,0.28125,-0.4375,-0.5703125,0.05664063,0.9433594,-0.40625,0.28125,0.4375,0,0,0,0,0,0,180,195.5799,180,180,0,180
851.884,-0.03710938,0.8544922,-0.0390625,-0.25,0.28125,-0.4375,-0.5703125,0.05664063,0.9433594,-0.40625,0.28125,0.4375,0,0,0,0,0,0,180,195.5799,180,180,0,180
851.9177,-0.02246094,0.9355469,-0.06933594,-0.9375,-1.34375,0.46875,-0.5703125,0.05664063,0.9433594,-0.40625,0.28125,0.4375,0,0,0,0,0,0,180,195.5799,180,180,0,180
851.95,-0.02246094,0.9355469,-0.06933594,-0.9375,-1.34375,0.46875,-0.5703125,0.05664063,0.9433594,-0.40625,0.28125,0.4375,0,0,0,0,0,0,180,195.5799,180,180,0,180
