615.8258,-0.02929688,0.9550781,-0.02441406,-1.1875,-1.25,0,-0.04199219,0.2548828,0.9814453,0.40625,-0.3125,-0.3125,-0.1005859,0.9785156,-0.3955078,0.03125,-0.0625,-0.0625,114.4424,301.0228,163.9074,77.70945,119.6243,171.8794
615.8829,-0.001953125,0.96875,0.02832031,-2.34375,-0.1875,0.90625,0.0009765625,0.3310547,0.9648438,-1.34375,-0.5625,0.28125,0.1044922,0.9501953,-0.2744141,0.03125,-1.0625,-0.1875,114.4424,301.0228,163.9074,77.70945,119.6243,171.8794
615.8837,-0.001953125,0.96875,0.02832031,-2.34375,-0.1875,0.90625,0.0009765625,0.3310547,0.9648438,-1.34375,-0.5625,0.28125,0.1044922,0.9501953,-0.2744141,0.03125,-1.0625,-0.1875,114.4424,301.0228,163.9074,77.70945,119.6243,171.8794
615.8843,-0.001953125,0.96875,0.02832031,-2.34375,-0.1875,0.90625,0.0009765625,0.3310547,0.9648438,-1.34375,-0.5625,0.28125,0.1044922,0.9501953,-0.2744141,0.03125,-1.0625,-0.1875,114.4424,301.0228,163.9074,77.70945,119.6243,171.8794
615.8854,-0.001953125,0.96875,0.02832031,-2.34375,-0.1875,0.90625,0.0009765625,0.3310547,0.9648438,-1.34375,-0.5625,0.28125,0.1044922,0.9501953,-0.2744141,0.03125,-1.0625,-0.1875,114.4424,301.0228,163.9074,77.70945,119.6243,171.8794
615.9084,-0.001953125,0.96875,0.02832031,-2.34375,-0.1875,0.90625,0.0009765625,0.3310547,0.9648438,-1.34375,-0.5625,0.28125,-0.1083984,0.9375,-0.3466797,0.40625,0.53125,-0.25,113.9944,301.0654,163.3321,76.6684,120.98,171.639
615.9413,-0.001953125,0.96875,0.02832031,-2.34375,-0.1875,0.90625,0.0009765625,0.3310547,0.9648438,-1.34375,-0.5625,0.28125,-0.1083984,0.9375,-0.3466797,0.40625,0.53125,-0.25,113.9944,301.0654,163.3321,76.6684,120.98,171.639
615.9743,-0.001953125,0.96875,0.02832031,-2.34375,-0.1875,0.90625,0.0009765625,0.3310547,0.9648438,-1.34375,-0.5625,0.28125,-0.1083984,0.9375,-0.3466797,0.40625,0.53125,-0.25,113.9944,301.0654,163.3321,76.6684,120.98,171.639
616.0075,-0.001953125,0.96875,0.02832031,-2.34375,-0.1875,0.90625,0.0009765625,0.3310547,0.9648438,-1.34375,-0.5625,0.28125,-0.03125,0.953125,-0.5419922,-0.375,-0.625,-0.5,113.9944,301.0654,163.3321,76.6684,120.98,171.639
616.041,-0.001953125,0.96875,0.02832031,-2.34375,-0.1875,0.90625,0.0009765625,0.3310547,0.9648438,-1.34375,-0.5625,0.28125,-0.03125,0.953125,-0.5419922,-0.375,-0.625,-0.5,113.9944,301.0654,163.3321,77.14891,120.1993,171.5742
616.0746,-0.06152344,0.8789063,0.08007813,-1.59375,-0.625,0.21875,0.0009765625,0.3310547,0.9648438,-1.34375,-0.5625,0.28125,-0.03125,0.953125,-0.5419922,-0.375,-0.625,-0.5,113.5673,301.2184,162.8285,77.14891,120.1993,171.5742
616.1082,-0.06152344,0.8789063,0.08007813,-1.59375,-0.625,0.21875,0.1279297,0.3574219,0.8964844,-0.125,-0.5625,0.53125,-0.03125,0.953125,-0.5419922,-0.375,-0.625,-0.5,113.5673,301.2184,162.8285,76.01343,121.469,171.1157
616.1412,-0.1318359,0.9775391,-0.01757813,-1.84375,-0.5625,0.15625,0.1279297,0.3574219,0.8964844,-0.125,-0.5625,0.53125,0.009765625,0.8339844,-0.3447266,0.09375,0.65625,0.09375,113.5673,301.2184,162.8285,76.01343,121.469,171.1157
616.176,-0.1318359,0.9775391,-0.01757813,-1.84375,-0.5625,0.15625,0.1279297,0.3574219,0.8964844,-0.125,-0.5625,0.53125,0.009765625,0.8339844,-0.3447266,0.09375,0.65625,0.09375,113.6317,302.0903,162.4174,76.01343,121.469,171.1157
616.2078,-0.1318359,0.9775391,-0.01757813,-1.84375,-0.5625,0.15625,0.1279297,0.3574219,0.8964844,-0.125,-0.5625,0.53125,0.03808594,0.8662109,-0.28125,-0.625,0.28125,-0.6875,113.6317,302.0903,162.4174,75.59409,121.7743,170.7891
616.2411,-0.1318359,0.9775391,-0.01757813,-1.84375,-0.5625,0.15625,0.1279297,0.3574219,0.8964844,-0.125,-0.5625,0.53125,0.03808594,0.8662109,-0.28125,-0.625,0.28125,-0.6875,113.6317,302.0903,162.4174,75.59409,121.7743,170.7891
616.2746,-0.1318359,0.9775391,-0.01757813,-1.84375,-0.5625,0.15625,0.1279297,0.3574219,0.8964844,-0.125,-0.5625,0.53125,0.03808594,0.8662109,-0.28125,-0.625,0.28125,-0.6875,113.6317,302.0903,162.4174,75.37029,122.164,170.8617
616.3079,-0.1318359,0.9775391,-0.01757813,-1.84375,-0.5625,0.15625,0.1279297,0.3574219,0.8964844,-0.125,-0.5625,0.53125,0.03808594,0.8662109,-0.28125,-0.625,0.28125,-0.6875,113.6317,302.0903,162.4174,75.37029,122.164,170.8617
616.3411,-0.0859375,0.8808594,0.1181641,1.8125,0.15625,0.28125,0.02832031,0.5146484,0.9560547,-0.875,-0.25,0.03125,-0.03320313,0.8769531,-0.2724609,0,-0.3125,-0.4375,113.6317,302.0903,162.4174,75.37029,122.164,170.8617
616.3748,-0.0859375,0.8808594,0.1181641,1.8125,0.15625,0.28125,0.02832031,0.5146484,0.9560547,-0.875,-0.25,0.03125,-0.03320313,0.8769531,-0.2724609,0,-0.3125,-0.4375,113.6317,302.0903,162.4174,75.27042,122.6436,171.2283
616.4078,-0.0859375,0.8808594,0.1181641,1.8125,0.15625,0.28125,0.02832031,0.5146484,0.9560547,-0.875,-0.25,0.03125,0.1347656,0.8203125,-0.3603516,0,0.21875,0.03125,113.6317,302.0903,162.4174,75.27042,122.6436,171.2283
616.4609,-0.05761719,0.8759766,-0.01367188,-0.25,-1.78125,0.65625,0.02832031,0.5146484,0.9560547,-0.875,-0.25,0.03125,0.1347656,0.8203125,-0.3603516,0,0.21875,0.03125,113.6317,302.0903,162.4174,75.27042,122.6436,171.2283
616.463,-0.05761719,0.8759766,-0.01367188,-0.25,-1.78125,0.65625,0.02832031,0.5146484,0.9560547,-0.875,-0.25,0.03125,0.1347656,0.8203125,-0.3603516,0,0.21875,0.03125,113.7646,301.3249,162.7355,75.27042,122.6436,171.2283
616.4912,-0.05761719,0.8759766,-0.01367188,-0.25,-1.78125,0.65625,0.1455078,0.2695313,0.8974609,0.03125,0.21875,0,0.1347656,0.8203125,-0.3603516,0,0.21875,0.03125,113.7646,301.3249,162.7355,75.27042,122.6436,171.2283
616.5244,-0.05761719,0.8759766,-0.01367188,-0.25,-1.78125,0.65625,0.1455078,0.2695313,0.8974609,0.03125,0.21875,0,-0.125,0.9277344,-0.4472656,0.46875,1.15625,-0.0625,114.2656,302.5859,162.5269,75.28633,123.0353,171.6559
616.5587,-0.05761719,0.8759766,-0.01367188,-0.25,-1.78125,0.65625,0.1455078,0.2695313,0.8974609,0.03125,0.21875,0,-0.125,0.9277344,-0.4472656,0.46875,1.15625,-0.0625,114.2656,302.5859,162.5269,75.75771,121.513,170.7547
616.5909,-0.05761719,0.8759766,-0.01367188,-0.25,-1.78125,0.65625,0.03222656,0.4453125,0.9560547,-0.3125,0.15625,0.65625,-0.125,0.9277344,-0.4472656,0.46875,1.15625,-0.0625,114.2656,302.5859,162.5269,75.75771,121.513,170.7547
616.6248,-0.05761719,0.8759766,-0.01367188,-0.25,-1.78125,0.65625,0.03222656,0.4453125,0.9560547,-0.3125,0.15625,0.65625,0.03320313,0.9472656,-0.3066406,0.21875,-1.59375,0.21875,114.2656,302.5859,162.5269,75.75771,121.513,170.7547
616.6583,-0.05761719,0.8759766,-0.01367188,-0.25,-1.78125,0.65625,0.03222656,0.4453125,0.9560547,-0.3125,0.15625,0.65625,0.03320313,0.9472656,-0.3066406,0.21875,-1.59375,0.21875,114.2656,302.5859,162.5269,75.24705,122.4127,170.9387
616.6913,0.02246094,0.9960938,0.07519531,-1.125,0.65625,-0.5,0.03222656,0.4453125,0.9560547,-0.3125,0.15625,0.65625,0.03515625,0.7412109,-0.3613281,-0.125,1.03125,-0.25,114.2656,302.5859,162.5269,75.24705,122.4127,170.9387
616.7246,0.02246094,0.9960938,0.07519531,-1.125,0.65625,-0.5,0.03222656,0.4453125,0.9560547,-0.3125,0.15625,0.65625,0.03515625,0.7412109,-0.3613281,-0.125,1.03125,-0.25,114.5049,301.6821,163.1857,74.66606,122.8747,170.5313
616.7586,0.02246094,0.9960938,0.07519531,-1.125,0.65625,-0.5,0.03222656,0.4453125,0.9560547,-0.3125,0.15625,0.65625,0.03515625,0.7412109,-0.3613281,-0.125,1.03125,-0.25,114.5049,301.6821,163.1857,74.66606,122.8747,170.5313
616.791,0.02246094,0.9960938,0.07519531,-1.125,0.65625,-0.5,0.03222656,0.4453125,0.9560547,-0.3125,0.15625,0.65625,-0.2685547,0.7597656,-0.3300781,-0.0625,-1.125,0.84375,114.5049,301.6821,163.1857,74.66606,122.8747,170.5313
616.8243,-0.04394531,0.9638672,0.1845703,2.25,-0.875,0.90625,0.1767578,0.3994141,1.100586,-0.8125,-0.4375,-0.875,-0.2685547,0.7597656,-0.3300781,-0.0625,-1.125,0.84375,114.5049,301.6821,163.1857,74.66606,122.8747,170.5313
616.8581,-0.04394531,0.9638672,0.1845703,2.25,-0.875,0.90625,0.1767578,0.3994141,1.100586,-0.8125,-0.4375,-0.875,-0.2685547,0.7597656,-0.3300781,-0.0625,-1.125,0.84375,114.5049,301.6821,163.1857,74.97546,122.8309,170.94
616.8918,-0.1367188,1.015625,0.06640625,0.96875,-0.375,0.46875,0,0.2578125,0.9199219,0.34375,0.46875,-0.6875,-0.002929688,0.9453125,-0.3828125,0.21875,-0.375,-0.4375,114.5049,301.6821,163.1857,74.97546,122.8309,170.94
616.9244,-0.1367188,1.015625,0.06640625,0.96875,-0.375,0.46875,0,0.2578125,0.9199219,0.34375,0.46875,-0.6875,-0.002929688,0.9453125,-0.3828125,0.21875,-0.375,-0.4375,114.5049,301.6821,163.1857,75.52937,121.9897,170.9006
616.9584,-0.1367188,1.015625,0.06640625,0.96875,-0.375,0.46875,0,0.2578125,0.9199219,0.34375,0.46875,-0.6875,-0.002929688,0.9453125,-0.3828125,0.21875,-0.375,-0.4375,114.5049,301.6821,163.1857,75.52937,121.9897,170.9006
616.9908,-0.1367188,1.015625,0.06640625,0.96875,-0.375,0.46875,0,0.2578125,0.9199219,0.34375,0.46875,-0.6875,-0.002929688,0.9453125,-0.3828125,0.21875,-0.375,-0.4375,114.5049,301.6821,163.1857,75.52937,121.9897,170.9006
617.0245,-0.1367188,1.015625,0.06640625,0.96875,-0.375,0.46875,-0.1103516,0.4023438,0.9902344,-1.3125,-0.4375,-0.625,-0.005859375,0.9765625,-0.3701172,0,0.46875,0.09375,114.6761,301.131,163.5777,76.06638,121.7601,171.5039
617.0579,-0.1367188,1.015625,0.06640625,0.96875,-0.375,0.46875,-0.1103516,0.4023438,0.9902344,-1.3125,-0.4375,-0.625,-0.005859375,0.9765625,-0.3701172,0,0.46875,0.09375,114.6761,301.131,163.5777,76.06638,121.7601,171.5039
617.091,-0.04199219,1.016602,0.06738281,2.71875,-0.4375,-0.125,-0.1103516,0.4023438,0.9902344,-1.3125,-0.4375,-0.625,-0.0009765625,0.9550781,-0.5185547,0.03125,-0.5625,-0.9375,114.6761,301.131,163.5777,76.06638,121.7601,171.5039
617.1242,-0.04199219,1.016602,0.06738281,2.71875,-0.4375,-0.125,-0.1103516,0.4023438,0.9902344,-1.3125,-0.4375,-0.625,-0.0009765625,0.9550781,-0.5185547,0.03125,-0.5625,-0.9375,114.6761,301.131,163.5777,76.07787,122.0901,171.8243
617.1578,-0.04199219,1.016602,0.06738281,2.71875,-0.4375,-0.125,0.01074219,0.2841797,0.9267578,0,-0.5625,-0.4375,-0.0009765625,0.9550781,-0.5185547,0.03125,-0.5625,-0.9375,114.6761,301.131,163.5777,76.07787,122.0901,171.8243
617.1909,-0.04199219,1.016602,0.06738281,2.71875,-0.4375,-0.125,0.01074219,0.2841797,0.9267578,0,-0.5625,-0.4375,0.1074219,0.7988281,-0.3466797,0.09375,0,0.28125,114.6761,301.131,163.5777,76.07787,122.0901,171.8243
617.2243,0.03417969,0.9345703,-0.0009765625,-0.625,-0.25,0.65625,0.01074219,0.2841797,0.9267578,0,-0.5625,-0.4375,0.1074219,0.7988281,-0.3466797,0.09375,0,0.28125,114.6761,301.131,163.5777,75.88901,122.3971,171.8501
617.2578,0.03417969,0.9345703,-0.0009765625,-0.625,-0.25,0.65625,0.01074219,0.2841797,0.9267578,0,-0.5625,-0.4375,0.05273438,0.8222656,-0.3994141,0.09375,-0.5,0.53125,114.6761,301.131,163.5777,75.88901,122.3971,171.8501
617.2906,0.03417969,0.9345703,-0.0009765625,-0.625,-0.25,0.65625,-0.07519531,0.3066406,1.135742,0.03125,1.6875,-0.8125,0.05273438,0.8222656,-0.3994141,0.09375,-0.5,0.53125,114.6761,301.131,163.5777,75.88901,122.3971,171.8501
617.3237,0.03417969,0.9345703,-0.0009765625,-0.625,-0.25,0.65625,-0.07519531,0.3066406,1.135742,0.03125,1.6875,-0.8125,0.05273438,0.8222656,-0.3994141,0.09375,-0.5,0.53125,114.8837,300.6169,163.9307,75.73261,122.6251,171.8456
617.3585,0.03417969,0.9345703,-0.0009765625,-0.625,-0.25,0.65625,-0.07519531,0.3066406,1.135742,0.03125,1.6875,-0.8125,0.08300781,0.9755859,-0.3027344,-0.875,0.03125,-0.0625,114.8837,300.6169,163.9307,75.73261,122.6251,171.8456
617.3908,0.03417969,0.9345703,-0.0009765625,-0.625,-0.25,0.65625,-0.07519531,0.3066406,1.135742,0.03125,1.6875,-0.8125,0.08300781,0.9755859,-0.3027344,-0.875,0.03125,-0.0625,114.8837,300.6169,163.9307,75.73261,122.6251,171.8456
617.4237,0.03417969,0.9345703,-0.0009765625,-0.625,-0.25,0.65625,0.09375,0.2753906,0.8662109,-0.8125,0.53125,-0.5625,0.08300781,0.9755859,-0.3027344,-0.875,0.03125,-0.0625,114.8837,300.6169,163.9307,75.89022,123.4115,172.9124
617.4572,0.03417969,0.9345703,-0.0009765625,-0.625,-0.25,0.65625,0.09375,0.2753906,0.8662109,-0.8125,0.53125,-0.5625,0.08300781,0.9755859,-0.3027344,-0.875,0.03125,-0.0625,114.8837,300.6169,163.9307,75.89022,123.4115,172.9124
617.4904,-0.08984375,0.8691406,0.15625,-1.65625,-0.4375,0.03125,0.09375,0.2753906,0.8662109,-0.8125,0.53125,-0.5625,0.08300781,0.9755859,-0.3027344,-0.875,0.03125,-0.0625,114.8837,300.6169,163.9307,75.89022,123.4115,172.9124
617.5239,-0.046875,0.9755859,0,0,0.03125,-0.25,0.09375,0.2753906,0.8662109,-0.8125,0.53125,-0.5625,-0.1035156,0.9794922,-0.4248047,0,0.96875,-0.3125,115.2611,301.694,163.4346,76.12817,122.9586,172.7635
617.5578,-0.046875,0.9755859,0,0,0.03125,-0.25,0.09375,0.2753906,0.8662109,-0.8125,0.53125,-0.5625,-0.03222656,0.9414063,-0.3496094,0.03125,0.71875,0.21875,115.2611,301.694,163.4346,76.12817,122.9586,172.7635
617.5903,-0.046875,0.9755859,0,0,0.03125,-0.25,0.09375,0.2753906,0.8662109,-0.8125,0.53125,-0.5625,-0.03222656,0.9414063,-0.3496094,0.03125,0.71875,0.21875,115.2611,301.694,163.4346,76.12817,122.9586,172.7635
617.6237,-0.046875,0.9755859,0,0,0.03125,-0.25,-0.0234375,0.3212891,1.009766,0.46875,0.21875,-0.5625,-0.03222656,0.9414063,-0.3496094,0.03125,0.71875,0.21875,115.2611,301.694,163.4346,76.60846,121.6465,172.2162
617.6575,-0.046875,0.9755859,0,0,0.03125,-0.25,-0.0234375,0.3212891,1.009766,0.46875,0.21875,-0.5625,-0.05371094,0.9648438,-0.5361328,-0.75,-0.9375,0.65625,115.198,301.6725,163.4083,76.60846,121.6465,172.2162
617.6902,-0.046875,0.9755859,0,0,0.03125,-0.25,-0.0234375,0.3212891,1.009766,0.46875,0.21875,-0.5625,-0.05371094,0.9648438,-0.5361328,-0.75,-0.9375,0.65625,115.198,301.6725,163.4083,76.60846,121.6465,172.2162
617.7238,-0.046875,0.9755859,0,0,0.03125,-0.25,-0.0234375,0.3212891,1.009766,0.46875,0.21875,-0.5625,-0.05371094,0.9648438,-0.5361328,-0.75,-0.9375,0.65625,115.198,301.6725,163.4083,76.31748,121.8056,171.922
617.7574,-0.046875,0.9755859,0,0,0.03125,-0.25,0.06835938,0.5498047,0.9296875,0,0.09375,-0.4375,0.02148438,0.8251953,-0.4384766,0.09375,0.78125,0.59375,115.198,301.6725,163.4083,76.31748,121.8056,171.922
617.7905,-0.0234375,0.9912109,0.1035156,-1.71875,0.96875,-0.0625,0.06835938,0.5498047,0.9296875,0,0.09375,-0.4375,0.02148438,0.8251953,-0.4384766,0.09375,0.78125,0.59375,115.198,301.6725,163.4083,76.31748,121.8056,171.922
617.8232,-0.0234375,0.9912109,0.1035156,-1.71875,0.96875,-0.0625,0.06835938,0.5498047,0.9296875,0,0.09375,-0.4375,0.02148438,0.8251953,-0.4384766,0.09375,0.78125,0.59375,115.198,301.6725,163.4083,75.76144,123.1231,172.4013
617.8572,-0.04003906,0.9033203,-0.02441406,0.03125,-0.9375,0.21875,0.06835938,0.5498047,0.9296875,0,0.09375,-0.4375,-0.02148438,0.8144531,-0.4365234,0.09375,0.09375,-0.9375,115.198,301.6725,163.4083,75.76144,123.1231,172.4013
617.8897,-0.04003906,0.9033203,-0.02441406,0.03125,-0.9375,0.21875,0.06835938,0.5498047,0.9296875,0,0.09375,-0.4375,-0.02148438,0.8144531,-0.4365234,0.09375,0.09375,-0.9375,115.198,301.6725,163.4083,75.76144,123.1231,172.4013
617.9235,-0.04003906,0.9033203,-0.02441406,0.03125,-0.9375,0.21875,0.06835938,0.5498047,0.9296875,0,0.09375,-0.4375,-0.02148438,0.8144531,-0.4365234,0.09375,0.09375,-0.9375,115.8292,302.4039,163.4476,75.70578,123.1629,172.3551
617.9571,-0.04003906,0.9033203,-0.02441406,0.03125,-0.9375,0.21875,0.06835938,0.5498047,0.9296875,0,0.09375,-0.4375,0.05175781,0.9013672,-0.3251953,-0.1875,1.21875,-0.0625,115.8292,302.4039,163.4476,75.70578,123.1629,172.3551
617.9896,-0.04003906,0.9033203,-0.02441406,0.03125,-0.9375,0.21875,0.06835938,0.5498047,0.9296875,0,0.09375,-0.4375,0.05175781,0.9013672,-0.3251953,-0.1875,1.21875,-0.0625,115.8292,302.4039,163.4476,75.70578,123.1629,172.3551
618.0239,-0.04003906,0.9033203,-0.02441406,0.03125,-0.9375,0.21875,0.06835938,0.5498047,0.9296875,0,0.09375,-0.4375,0.05175781,0.9013672,-0.3251953,-0.1875,1.21875,-0.0625,115.8292,302.4039,163.4476,77.2885,120.7245,172.3398
618.0573,-0.04003906,0.9033203,-0.02441406,0.03125,-0.9375,0.21875,0.06835938,0.5498047,0.9296875,0,0.09375,-0.4375,0.05859375,0.8818359,-0.4619141,0,0.90625,-0.375,115.8292,302.4039,163.4476,77.2885,120.7245,172.3398
618.09,-0.04003906,0.9033203,-0.02441406,0.03125,-0.9375,0.21875,0.06835938,0.5498047,0.9296875,0,0.09375,-0.4375,0.05859375,0.8818359,-0.4619141,0,0.90625,-0.375,115.8292,302.4039,163.4476,77.2885,120.7245,172.3398
618.1231,-0.1347656,0.8798828,0.1035156,-1.96875,-0.125,0.09375,0.06835938,0.5498047,0.9296875,0,0.09375,-0.4375,0.05859375,0.8818359,-0.4619141,0,0.90625,-0.375,115.372,300.4951,164.1459,77.23949,120.4362,171.9496
618.1569,-0.1347656,0.8798828,0.1035156,-1.96875,-0.125,0.09375,0.06835938,0.5498047,0.9296875,0,0.09375,-0.4375,-0.06542969,0.8603516,-0.3095703,-0.0625,-0.625,0.84375,114.9637,300.4222,163.7789,75.9768,122.8097,172.4014
618.1899,-0.1347656,0.8798828,0.1035156,-1.96875,-0.125,0.09375,0.06835938,0.5498047,0.9296875,0,0.09375,-0.4375,-0.06542969,0.8603516,-0.3095703,-0.0625,-0.625,0.84375,114.9637,300.4222,163.7789,75.9768,122.8097,172.4014
618.2233,-0.03710938,0.9443359,0.05859375,-2.15625,1.03125,0.46875,0.06835938,0.5498047,0.9296875,0,0.09375,-0.4375,0.02734375,0.8583984,-0.3769531,0.03125,0.09375,0.28125,114.9637,300.4222,163.7789,75.9768,122.8097,172.4014
618.2569,-0.03710938,0.9443359,0.05859375,-2.15625,1.03125,0.46875,0.03613281,0.4550781,1.089844,-1.125,-0.625,-0.75,0.02734375,0.8583984,-0.3769531,0.03125,0.09375,0.28125,114.9637,300.4222,163.7789,75.88133,122.8887,172.3328
618.2894,-0.03710938,0.9443359,0.05859375,-2.15625,1.03125,0.46875,0.03613281,0.4550781,1.089844,-1.125,-0.625,-0.75,0.02734375,0.8583984,-0.3769531,0.03125,0.09375,0.28125,114.9637,300.4222,163.7789,75.88133,122.8887,172.3328
618.3234,-0.03710938,0.9443359,0.05859375,-2.15625,1.03125,0.46875,0.03613281,0.4550781,1.089844,-1.125,-0.625,-0.75,-0.03320313,0.6806641,-0.4003906,-0.0625,0.40625,-0.6875,114.9637,300.4222,163.7789,75.88133,122.8887,172.3328
618.3572,-0.03710938,0.9443359,0.05859375,-2.15625,1.03125,0.46875,0.03613281,0.4550781,1.089844,-1.125,-0.625,-0.75,-0.03320313,0.6806641,-0.4003906,-0.0625,0.40625,-0.6875,114.9637,300.4222,163.7789,75.88133,122.8887,172.3328
618.3892,-0.03710938,0.9443359,0.05859375,-2.15625,1.03125,0.46875,0.03613281,0.4550781,1.089844,-1.125,-0.625,-0.75,-0.03320313,0.6806641,-0.4003906,-0.0625,0.40625,-0.6875,114.9637,300.4222,163.7789,75.88133,122.8887,172.3328
618.4234,-0.03710938,0.9443359,0.05859375,-2.15625,1.03125,0.46875,0.03613281,0.4550781,1.089844,-1.125,-0.625,-0.75,-0.03320313,0.6806641,-0.4003906,-0.0625,0.40625,-0.6875,114.9637,300.4222,163.7789,75.79194,123.421,172.7127
618.4564,-0.05273438,0.9814453,0.02539063,-1,-0.3125,0.15625,0.1738281,0.4296875,0.8847656,0.28125,0.03125,-0.875,0.04101563,0.9208984,-0.1494141,-0.6875,0.09375,-0.3125,114.9194,299.8241,163.9557,75.79194,123.421,172.7127
618.4894,-0.05273438,0.9814453,0.02539063,-1,-0.3125,0.15625,0.1738281,0.4296875,0.8847656,0.28125,0.03125,-0.875,0.04101563,0.9208984,-0.1494141,-0.6875,0.09375,-0.3125,114.9194,299.8241,163.9557,75.79194,123.421,172.7127
618.5231,-0.05273438,0.9814453,0.02539063,-1,-0.3125,0.15625,0.1738281,0.4296875,0.8847656,0.28125,0.03125,-0.875,-0.04589844,0.8232422,-0.3339844,-0.4375,1.75,0.34375,114.9194,299.8241,163.9557,76.2411,122.6268,172.5913
618.5563,-0.1113281,0.9199219,0.09277344,-2.09375,0.46875,0.84375,0.1738281,0.4296875,0.8847656,0.28125,0.03125,-0.875,-0.04589844,0.8232422,-0.3339844,-0.4375,1.75,0.34375,114.9194,299.8241,163.9557,76.2411,122.6268,172.5913
618.5895,-0.1113281,0.9199219,0.09277344,-2.09375,0.46875,0.84375,0.1738281,0.4296875,0.8847656,0.28125,0.03125,-0.875,-0.04589844,0.8232422,-0.3339844,-0.4375,1.75,0.34375,114.9194,299.8241,163.9557,76.2411,122.6268,172.5913
618.6229,-0.1113281,0.9199219,0.09277344,-2.09375,0.46875,0.84375,0.1738281,0.4296875,0.8847656,0.28125,0.03125,-0.875,0.02050781,0.953125,-0.4052734,-0.25,4,-1.34375,114.8711,300.4063,163.582,75.90655,122.6139,172.0382
618.6569,-0.1113281,0.9199219,0.09277344,-2.09375,0.46875,0.84375,0.06054688,0.3125,0.9697266,-1.3125,-0.0625,0.46875,0.02050781,0.953125,-0.4052734,-0.25,4,-1.34375,114.8711,300.4063,163.582,75.90655,122.6139,172.0382
618.6894,-0.1113281,0.9199219,0.09277344,-2.09375,0.46875,0.84375,0.06054688,0.3125,0.9697266,-1.3125,-0.0625,0.46875,0.02050781,0.953125,-0.4052734,-0.25,4,-1.34375,114.8711,300.4063,163.582,75.90655,122.6139,172.0382
618.7231,-0.09472656,0.9179688,0.01855469,-1.78125,0.28125,0,-0.08984375,0.4121094,1.041016,0.59375,0.40625,-0.6875,-0.04296875,1.010742,-0.4003906,-1.46875,0.34375,-1.0625,115.1154,301.0576,163.4426,76.32398,121.997,171.9939
618.7562,-0.09472656,0.9179688,0.01855469,-1.78125,0.28125,0,-0.08984375,0.4121094,1.041016,0.59375,0.40625,-0.6875,-0.04296875,1.010742,-0.4003906,-1.46875,0.34375,-1.0625,115.1154,301.0576,163.4426,76.51251,121.4937,171.7021
618.7891,-0.09472656,0.9179688,0.01855469,-1.78125,0.28125,0,-0.08984375,0.4121094,1.041016,0.59375,0.40625,-0.6875,0.0234375,0.9306641,-0.2578125,0.96875,-0.0625,1.5,115.1154,301.0576,163.4426,76.51251,121.4937,171.7021
618.8226,-0.09472656,0.9179688,0.01855469,-1.78125,0.28125,0,-0.08984375,0.4121094,1.041016,0.59375,0.40625,-0.6875,0.0234375,0.9306641,-0.2578125,0.96875,-0.0625,1.5,115.1154,301.0576,163.4426,76.51251,121.4937,171.7021
618.8563,-0.09472656,0.9179688,0.01855469,-1.78125,0.28125,0,-0.08984375,0.4121094,1.041016,0.59375,0.40625,-0.6875,0.0234375,0.9306641,-0.2578125,0.96875,-0.0625,1.5,114.9547,301.5462,162.9619,76.92881,120.7041,171.5449
618.8891,-0.09472656,0.9179688,0.01855469,-1.78125,0.28125,0,-0.08984375,0.4121094,1.041016,0.59375,0.40625,-0.6875,0.0234375,0.9306641,-0.2578125,0.96875,-0.0625,1.5,114.9547,301.5462,162.9619,76.92881,120.7041,171.5449
618.9223,-0.09472656,0.9179688,0.01855469,-1.78125,0.28125,0,-0.08984375,0.4121094,1.041016,0.59375,0.40625,-0.6875,-0.0546875,0.9736328,-0.4072266,2,-2.03125,1.21875,114.663,300.8496,163.0048,76.92881,120.7041,171.5449
618.9565,-0.09472656,0.9179688,0.01855469,-1.78125,0.28125,0,-0.08984375,0.4121094,1.041016,0.59375,0.40625,-0.6875,-0.0546875,0.9736328,-0.4072266,2,-2.03125,1.21875,114.663,300.8496,163.0048,75.40417,122.4948,171.055
618.989,-0.09472656,0.9179688,0.01855469,-1.78125,0.28125,0,-0.08984375,0.4121094,1.041016,0.59375,0.40625,-0.6875,-0.0546875,0.9736328,-0.4072266,2,-2.03125,1.21875,114.663,300.8496,163.0048,75.40417,122.4948,171.055
619.0228,-0.09472656,0.9179688,0.01855469,-1.78125,0.28125,0,-0.08984375,0.4121094,1.041016,0.59375,0.40625,-0.6875,-0.07421875,0.9560547,-0.2939453,2.59375,0.53125,-0.1875,114.5574,299.8183,163.4758,75.40417,122.4948,171.055
619.0563,-0.09472656,0.9179688,0.01855469,-1.78125,0.28125,0,0.09570313,0.2128906,0.9707031,-1.53125,-0.5625,0.09375,-0.07421875,0.9560547,-0.2939453,2.59375,0.53125,-0.1875,114.5574,299.8183,163.4758,75.40417,122.4948,171.055
619.089,-0.09472656,0.9179688,0.01855469,-1.78125,0.28125,0,0.09570313,0.2128906,0.9707031,-1.53125,-0.5625,0.09375,0.1132813,0.8867188,-0.4208984,0.59375,0.78125,0.90625,114.5574,299.8183,163.4758,75.40417,122.4948,171.055
619.1226,-0.09472656,0.9179688,0.01855469,-1.78125,0.28125,0,0.1416016,0.2910156,0.9775391,0,0.71875,-0.75,0.1132813,0.8867188,-0.4208984,0.59375,0.78125,0.90625,114.4378,300.1374,163.1784,75.02135,123.502,171.5335
619.1561,-0.09472656,0.9179688,0.01855469,-1.78125,0.28125,0,0.1416016,0.2910156,0.9775391,0,0.71875,-0.75,0.1132813,0.8867188,-0.4208984,0.59375,0.78125,0.90625,114.4378,300.1374,163.1784,74.62239,125.1784,172.5908
619.1891,-0.09472656,0.9179688,0.01855469,-1.78125,0.28125,0,0.1416016,0.2910156,0.9775391,0,0.71875,-0.75,-0.05273438,0.8046875,-0.5166016,-1.3125,2.59375,0.84375,114.4378,300.1374,163.1784,74.62239,125.1784,172.5908
619.2224,-0.1181641,0.8955078,0.2011719,4.625,0.96875,-0.5625,0.1416016,0.2910156,0.9775391,0,0.71875,-0.75,-0.05273438,0.8046875,-0.5166016,-1.3125,2.59375,0.84375,114.4378,300.1374,163.1784,74.62239,125.1784,172.5908
619.2565,-0.1181641,0.8955078,0.2011719,4.625,0.96875,-0.5625,0.1416016,0.2910156,0.9775391,0,0.71875,-0.75,-0.05273438,0.8046875,-0.5166016,-1.3125,2.59375,0.84375,114.4378,300.1374,163.1784,73.94309,126.3167,172.6545
619.289,-0.1181641,0.8955078,0.2011719,4.625,0.96875,-0.5625,0.1416016,0.2910156,0.9775391,0,0.71875,-0.75,-0.05273438,0.8046875,-0.5166016,-1.3125,2.59375,0.84375,114.4378,300.1374,163.1784,73.94309,126.3167,172.6545
619.3223,-0.1181641,0.8955078,0.2011719,4.625,0.96875,-0.5625,0.1416016,0.2910156,0.9775391,0,0.71875,-0.75,-0.02636719,0.9414063,-0.4140625,-3.8125,3.53125,-1.3125,114.4378,300.1374,163.1784,73.94309,126.3167,172.6545
619.3568,-0.1181641,0.8955078,0.2011719,4.625,0.96875,-0.5625,0.1416016,0.2910156,0.9775391,0,0.71875,-0.75,-0.02636719,0.9414063,-0.4140625,-3.8125,3.53125,-1.3125,114.9435,301.0239,162.9266,74.45603,126.294,173.2053
619.3889,-0.04785156,0.8955078,0.08984375,13.65625,0.65625,-2.59375,0.1416016,0.2910156,0.9775391,0,0.71875,-0.75,0.09277344,0.9482422,-0.390625,-3.75,13.65625,-4.15625,114.9435,301.0239,162.9266,74.45603,126.294,173.2053
619.4222,-0.04785156,0.8955078,0.08984375,13.65625,0.65625,-2.59375,-0.06835938,0.3984375,0.8896484,0.09375,1.625,-1.59375,0.09277344,0.9482422,-0.390625,-3.75,13.65625,-4.15625,114.9435,301.0239,162.9266,75.70111,125.3257,173.7444
619.456,-0.04785156,0.8955078,0.08984375,13.65625,0.65625,-2.59375,-0.06835938,0.3984375,0.8896484,0.09375,1.625,-1.59375,0.09277344,0.9482422,-0.390625,-3.75,13.65625,-4.15625,114.5955,299.8659,163.4975,75.70111,125.3257,173.7444
619.4888,-0.04785156,0.8955078,0.08984375,13.65625,0.65625,-2.59375,-0.06835938,0.3984375,0.8896484,0.09375,1.625,-1.59375,0.08691406,0.7675781,-0.2197266,0.65625,13.96875,-2.40625,114.5955,299.8659,163.4975,75.70111,125.3257,173.7444
619.522,-0.1367188,1.052734,0.01464844,11.09375,-0.4375,-1.34375,-0.06835938,0.3984375,0.8896484,0.09375,1.625,-1.59375,0.08691406,0.7675781,-0.2197266,0.65625,13.96875,-2.40625,114.5955,299.8659,163.4975,75.48815,128.2941,175.1505
619.556,-0.1367188,1.052734,0.01464844,11.09375,-0.4375,-1.34375,-0.06835938,0.3984375,0.8896484,0.09375,1.625,-1.59375,0.08691406,0.7675781,-0.2197266,0.65625,13.96875,-2.40625,114.6244,299.5403,163.7878,75.48815,128.2941,175.1505
619.5888,-0.1367188,1.052734,0.01464844,11.09375,-0.4375,-1.34375,-0.06835938,0.3984375,0.8896484,0.09375,1.625,-1.59375,0.1357422,0.7519531,-0.2460938,19.34375,11.8125,-4.78125,114.6244,299.5403,163.7878,75.48815,128.2941,175.1505
619.6222,-0.1367188,1.052734,0.01464844,11.09375,-0.4375,-1.34375,-0.06835938,0.3984375,0.8896484,0.09375,1.625,-1.59375,0.1357422,0.7519531,-0.2460938,19.34375,11.8125,-4.78125,114.8171,300.4327,163.6404,75.48815,128.2941,175.1505
619.656,-0.1367188,1.052734,0.01464844,11.09375,-0.4375,-1.34375,-0.1503906,0.3720703,0.7705078,0.59375,-0.4375,0.21875,0.1357422,0.7519531,-0.2460938,19.34375,11.8125,-4.78125,114.8171,300.4327,163.6404,73.82458,133.8752,176.3973
619.6886,-0.1367188,1.052734,0.01464844,11.09375,-0.4375,-1.34375,-0.1503906,0.3720703,0.7705078,0.59375,-0.4375,0.21875,0.2783203,0.9169922,-0.3173828,19.03125,-8.1875,-3.125,114.8171,300.4327,163.6404,73.82458,133.8752,176.3973
619.722,-0.1367188,1.052734,0.01464844,11.09375,-0.4375,-1.34375,-0.1503906,0.3720703,0.7705078,0.59375,-0.4375,0.21875,0.2783203,0.9169922,-0.3173828,19.03125,-8.1875,-3.125,114.8171,300.4327,163.6404,71.82194,139.8224,177.6515
619.7559,-0.1367188,1.052734,0.01464844,11.09375,-0.4375,-1.34375,-0.1503906,0.3720703,0.7705078,0.59375,-0.4375,0.21875,-0.03027344,0.8095703,-0.4238281,19.625,1.09375,-14.40625,114.8171,300.4327,163.6404,71.82194,139.8224,177.6515
619.7886,-0.1367188,1.052734,0.01464844,11.09375,-0.4375,-1.34375,-0.1503906,0.3720703,0.7705078,0.59375,-0.4375,0.21875,-0.03027344,0.8095703,-0.4238281,19.625,1.09375,-14.40625,114.8171,300.4327,163.6404,71.82194,139.8224,177.6515
619.8221,-0.1367188,1.052734,0.01464844,11.09375,-0.4375,-1.34375,-0.1503906,0.3720703,0.7705078,0.59375,-0.4375,0.21875,-0.03027344,0.8095703,-0.4238281,19.625,1.09375,-14.40625,114.8171,300.4327,163.6404,66.85176,146.3356,175.917
619.8556,-0.1367188,1.052734,0.01464844,11.09375,-0.4375,-1.34375,-0.1503906,0.3720703,0.7705078,0.59375,-0.4375,0.21875,-0.03027344,0.8095703,-0.4238281,19.625,1.09375,-14.40625,114.8171,300.4327,163.6404,66.85176,146.3356,175.917
619.8887,-0.0009765625,0.9580078,-0.03710938,32.9375,2.78125,-4.40625,-0.1503906,0.3720703,0.7705078,0.59375,-0.4375,0.21875,0.01464844,0.9228516,-0.4785156,15.96875,-6.90625,-7.53125,114.8171,300.4327,163.6404,66.85176,146.3356,175.917
619.9221,-0.09570313,0.9296875,0.01367188,28.5,2.375,-9.15625,-0.1503906,0.3720703,0.7705078,0.59375,-0.4375,0.21875,0.01464844,0.9228516,-0.4785156,15.96875,-6.90625,-7.53125,115.2565,299.9836,163.5022,63.75609,147.3504,174.8582
619.9556,-0.09570313,0.9296875,0.01367188,28.5,2.375,-9.15625,-0.1503906,0.3720703,0.7705078,0.59375,-0.4375,0.21875,0.01464844,0.9228516,-0.4785156,15.96875,-6.90625,-7.53125,115.2565,299.9836,163.5022,63.75609,147.3504,174.8582
619.9886,-0.09570313,0.9296875,0.01367188,28.5,2.375,-9.15625,-0.1503906,0.3720703,0.7705078,0.59375,-0.4375,0.21875,0.0703125,0.7929688,-0.4853516,1.375,4.1875,-10.15625,115.2565,299.9836,163.5022,63.75609,147.3504,174.8582
620.0219,-0.09570313,0.9296875,0.01367188,28.5,2.375,-9.15625,-0.1503906,0.3720703,0.7705078,0.59375,-0.4375,0.21875,0.0703125,0.7929688,-0.4853516,1.375,4.1875,-10.15625,115.2565,299.9836,163.5022,64.26619,148.1607,174.8647
620.0557,-0.09570313,0.9296875,0.01367188,28.5,2.375,-9.15625,-0.1503906,0.3720703,0.7705078,0.59375,-0.4375,0.21875,0.0703125,0.7929688,-0.4853516,1.375,4.1875,-10.15625,115.4498,299.5278,163.4154,64.26619,148.1607,174.8647
620.1137,-0.09570313,0.9296875,0.01367188,28.5,2.375,-9.15625,-0.1386719,0.2910156,0.9345703,6.28125,1.6875,7.125,-0.2333984,1.105469,-0.2783203,8.59375,-39.125,-14.53125,115.4498,299.5278,163.4154,64.26619,148.1607,174.8647
620.1384,-0.09570313,0.9296875,0.01367188,28.5,2.375,-9.15625,-0.1386719,0.2910156,0.9345703,6.28125,1.6875,7.125,0.004882813,1.126953,0.03125,49.96875,14.28125,7.375,115.4498,299.5278,163.4154,68.89201,135.3534,171.6884
620.1718,-0.1279297,0.8818359,-0.3330078,106.5625,18.125,-27.0625,-0.0625,0.09472656,0.9521484,10.65625,4.375,3.40625,0.004882813,1.126953,0.03125,49.96875,14.28125,7.375,116.1561,299.5913,163.2437,68.89201,135.3534,171.6884
620.2049,-0.1279297,0.8818359,-0.3330078,106.5625,18.125,-27.0625,-0.0625,0.09472656,0.9521484,10.65625,4.375,3.40625,0.004882813,1.126953,0.03125,49.96875,14.28125,7.375,116.1561,299.5913,163.2437,68.89201,135.3534,171.6884
620.2385,-0.2539063,0.9033203,-0.5214844,143.7188,26.34375,-29.5,-0.0625,0.09472656,0.9521484,10.65625,4.375,3.40625,-0.4541016,1.147461,0.07421875,-124.7813,-31.5,59.0625,116.1561,299.5913,163.2437,74.19575,124.8479,170.8177
620.2721,-0.2539063,0.9033203,-0.5214844,143.7188,26.34375,-29.5,-0.0625,0.09472656,0.9521484,10.65625,4.375,3.40625,-0.4541016,1.147461,0.07421875,-124.7813,-31.5,59.0625,116.1561,299.5913,163.2437,74.19575,124.8479,170.8177
620.3051,-0.2539063,0.9033203,-0.5214844,143.7188,26.34375,-29.5,-0.0625,0.09472656,0.9521484,10.65625,4.375,3.40625,-0.4541016,1.147461,0.07421875,-124.7813,-31.5,59.0625,116.1561,299.5913,163.2437,74.19575,124.8479,170.8177
620.338,-0.2539063,0.9033203,-0.5214844,143.7188,26.34375,-29.5,-0.0625,0.09472656,0.9521484,10.65625,4.375,3.40625,-0.4541016,1.147461,0.07421875,-124.7813,-31.5,59.0625,116.1561,299.5913,163.2437,98.37105,78.383,162.9144
620.372,-0.1533203,0.7294922,-0.9912109,21.46875,6.21875,-16.1875,-0.0625,0.09472656,0.9521484,10.65625,4.375,3.40625,0.04589844,0.8378906,-0.21875,-188.0625,-54.28125,51.3125,116.1561,299.5913,163.2437,98.37105,78.383,162.9144
620.4047,-0.1533203,0.7294922,-0.9912109,21.46875,6.21875,-16.1875,-0.09570313,0.6220703,0.9150391,82.625,-36.46875,0.09375,0.04589844,0.8378906,-0.21875,-188.0625,-54.28125,51.3125,116.1561,299.5913,163.2437,98.37105,78.383,162.9144
620.4384,-0.1533203,0.7294922,-0.9912109,21.46875,6.21875,-16.1875,-0.09570313,0.6220703,0.9150391,82.625,-36.46875,0.09375,0.3779297,0.3486328,-0.5546875,11.40625,-2.53125,19.28125,116.1561,299.5913,163.2437,98.37105,78.383,162.9144
620.4712,-0.1533203,0.7294922,-0.9912109,21.46875,6.21875,-16.1875,-0.09570313,0.6220703,0.9150391,82.625,-36.46875,0.09375,0.3779297,0.3486328,-0.5546875,11.40625,-2.53125,19.28125,116.1561,299.5913,163.2437,111.3448,63.23261,159.1134
620.5046,-0.1533203,0.7294922,-0.9912109,21.46875,6.21875,-16.1875,-0.09570313,0.6220703,0.9150391,82.625,-36.46875,0.09375,0.3779297,0.3486328,-0.5546875,11.40625,-2.53125,19.28125,116.1561,299.5913,163.2437,111.3448,63.23261,159.1134
620.5378,-0.1533203,0.7294922,-0.9912109,21.46875,6.21875,-16.1875,-0.09570313,0.6220703,0.9150391,82.625,-36.46875,0.09375,-1.625,1.999023,-0.53125,81.28125,292.4688,-51.71875,116.1561,299.5913,163.2437,103.8802,77.63695,165.7908
620.5714,-0.1533203,0.7294922,-0.9912109,21.46875,6.21875,-16.1875,-0.09570313,0.6220703,0.9150391,82.625,-36.46875,0.09375,-1.625,1.999023,-0.53125,81.28125,292.4688,-51.71875,116.1561,299.5913,163.2437,103.8802,77.63695,165.7908
620.6044,-0.1533203,0.7294922,-0.9912109,21.46875,6.21875,-16.1875,-0.09570313,0.6220703,0.9150391,82.625,-36.46875,0.09375,-1.625,1.999023,-0.53125,81.28125,292.4688,-51.71875,141.9258,313.5492,177.2637,103.8802,77.63695,165.7908
620.6378,-0.2226563,0.8779297,-0.6679688,-52.9375,-8.8125,9.125,-0.09570313,0.6220703,0.9150391,82.625,-36.46875,0.09375,-1.625,1.999023,-0.53125,81.28125,292.4688,-51.71875,141.9258,313.5492,177.2637,117.3457,31.4453,182.2111
620.6712,-0.3935547,0.4121094,-0.3935547,-76.0625,6.8125,35.4375,-0.09570313,0.6220703,0.9150391,82.625,-36.46875,0.09375,1.00293,0.7626953,-0.6220703,48.3125,-141.1875,33.5,141.9258,313.5492,177.2637,117.3457,31.4453,182.2111
620.7041,-0.3935547,0.4121094,-0.3935547,-76.0625,6.8125,35.4375,-0.09570313,0.6220703,0.9150391,82.625,-36.46875,0.09375,-0.06738281,0.9091797,-0.1347656,32.34375,-77.71875,15.84375,141.9258,313.5492,177.2637,117.3457,31.4453,182.2111
620.7378,-0.3935547,0.4121094,-0.3935547,-76.0625,6.8125,35.4375,-0.09570313,0.6220703,0.9150391,82.625,-36.46875,0.09375,-0.06738281,0.9091797,-0.1347656,32.34375,-77.71875,15.84375,141.9258,313.5492,177.2637,111.7415,37.34618,186.149
620.7711,-0.578125,0.5214844,-0.3769531,-47.5625,-37.375,29.78125,-0.09570313,0.6220703,0.9150391,82.625,-36.46875,0.09375,-0.06738281,0.9091797,-0.1347656,32.34375,-77.71875,15.84375,141.9258,313.5492,177.2637,111.7415,37.34618,186.149
620.8041,-0.578125,0.5214844,-0.3769531,-47.5625,-37.375,29.78125,-0.09570313,0.6220703,0.9150391,82.625,-36.46875,0.09375,-0.06738281,0.9091797,-0.1347656,32.34375,-77.71875,15.84375,141.9258,313.5492,177.2637,109.8765,44.80973,186.3291
620.8376,-0.578125,0.5214844,-0.3769531,-47.5625,-37.375,29.78125,-0.09570313,0.6220703,0.9150391,82.625,-36.46875,0.09375,0.01953125,0.8759766,-0.2529297,51.375,-6.5,0.65625,141.9258,313.5492,177.2637,109.8765,44.80973,186.3291
620.8713,-0.1855469,0.5761719,-0.2480469,-36.15625,-62.5625,42.03125,-0.2402344,0.3886719,0.390625,-18.6875,-103.1563,-18.5,0.01953125,0.8759766,-0.2529297,51.375,-6.5,0.65625,141.9258,313.5492,177.2637,109.8765,44.80973,186.3291
620.9038,-0.1855469,0.5761719,-0.2480469,-36.15625,-62.5625,42.03125,-0.2402344,0.3886719,0.390625,-18.6875,-103.1563,-18.5,0.01953125,0.8759766,-0.2529297,51.375,-6.5,0.65625,141.9258,313.5492,177.2637,109.8765,44.80973,186.3291
620.9376,-0.1855469,0.5761719,-0.2480469,-36.15625,-62.5625,42.03125,-0.2402344,0.3886719,0.390625,-18.6875,-103.1563,-18.5,0.2480469,1.129883,0.1445313,105.6875,-25.46875,-9.34375,141.9258,313.5492,177.2637,106.3346,36.07917,186.6484
620.9711,-0.1855469,0.5761719,-0.2480469,-36.15625,-62.5625,42.03125,-0.2402344,0.3886719,0.390625,-18.6875,-103.1563,-18.5,0.2480469,1.129883,0.1445313,105.6875,-25.46875,-9.34375,142.6746,302.3596,181.3094,106.3346,36.07917,186.6484
621.0039,-0.1855469,0.5761719,-0.2480469,-36.15625,-62.5625,42.03125,0.05566406,0.6650391,1.010742,-1.46875,-88.09375,17.0625,0.2480469,1.129883,0.1445313,105.6875,-25.46875,-9.34375,142.6746,302.3596,181.3094,106.3346,36.07917,186.6484
621.038,-0.1855469,0.5761719,-0.2480469,-36.15625,-62.5625,42.03125,0.05566406,0.6650391,1.010742,-1.46875,-88.09375,17.0625,-0.8417969,1.999023,-0.1289063,217.2813,-182.8125,-3.75,142.6746,302.3596,181.3094,102.891,39.06531,190.75
621.0712,-0.1015625,1.121094,-0.1386719,-34.125,6.9375,29.03125,0.05566406,0.6650391,1.010742,-1.46875,-88.09375,17.0625,-0.8417969,1.999023,-0.1289063,217.2813,-182.8125,-3.75,142.6746,302.3596,181.3094,102.891,39.06531,190.75
621.1039,-0.1015625,1.121094,-0.1386719,-34.125,6.9375,29.03125,0.05566406,0.6650391,1.010742,-1.46875,-88.09375,17.0625,-0.8417969,1.999023,-0.1289063,217.2813,-182.8125,-3.75,142.6746,302.3596,181.3094,90.84366,108.7551,181.4399
621.1374,-0.1015625,1.121094,-0.1386719,-34.125,6.9375,29.03125,0.1523438,1.352539,0.5595703,144.5625,22.03125,29.71875,0.6464844,1.527344,-0.6533203,-59.53125,19.21875,4,140.5383,315.4225,172.1167,90.84366,108.7551,181.4399
621.1706,0.06445313,0.9130859,-0.8671875,-36.8125,26,-7.46875,0.1523438,1.352539,0.5595703,144.5625,22.03125,29.71875,0.6464844,1.527344,-0.6533203,-59.53125,19.21875,4,140.5383,315.4225,172.1167,90.84366,108.7551,181.4399
621.2039,0.06445313,0.9130859,-0.8671875,-36.8125,26,-7.46875,0.1523438,1.352539,0.5595703,144.5625,22.03125,29.71875,0.6464844,1.527344,-0.6533203,-59.53125,19.21875,4,140.5383,315.4225,172.1167,90.71854,100.58,173.8592
621.2372,0.06445313,0.9130859,-0.8671875,-36.8125,26,-7.46875,0.1523438,1.352539,0.5595703,144.5625,22.03125,29.71875,-0.4082031,0.2597656,-1.108398,-300.25,19.6875,47.03125,140.5383,315.4225,172.1167,90.71854,100.58,173.8592
621.2706,0.06445313,0.9130859,-0.8671875,-36.8125,26,-7.46875,0.1523438,1.352539,0.5595703,144.5625,22.03125,29.71875,-0.4082031,0.2597656,-1.108398,-300.25,19.6875,47.03125,151.0497,305.9188,179.4536,90.71854,100.58,173.8592
621.3038,-0.1132813,0.8867188,0.04394531,15.90625,-26.375,-2.03125,0.1523438,1.352539,0.5595703,144.5625,22.03125,29.71875,-0.4082031,0.2597656,-1.108398,-300.25,19.6875,47.03125,151.0497,305.9188,179.4536,118.2937,50.33712,180.0934
621.3374,-0.1132813,0.8867188,0.04394531,15.90625,-26.375,-2.03125,0.2763672,0.5654297,0.2402344,79.75,-93.53125,-47.25,-0.2216797,1.035156,-1.101563,-387.0313,35.9375,97.8125,151.0497,305.9188,179.4536,118.2937,50.33712,180.0934
621.3706,0.03808594,0.5253906,-0.2324219,-11.3125,21.90625,9.9375,0.2763672,0.5654297,0.2402344,79.75,-93.53125,-47.25,-0.2216797,1.035156,-1.101563,-387.0313,35.9375,97.8125,151.0497,305.9188,179.4536,118.2937,50.33712,180.0934
621.4034,0.03808594,0.5253906,-0.2324219,-11.3125,21.90625,9.9375,-0.359375,1.1875,0.05761719,119.75,21.78125,-36.5,-0.2216797,1.035156,-1.101563,-387.0313,35.9375,97.8125,183.5257,325.8543,188.8379,178.4284,18.40717,182.3614
621.4372,0.03808594,0.5253906,-0.2324219,-11.3125,21.90625,9.9375,-0.359375,1.1875,0.05761719,119.75,21.78125,-36.5,0.1689453,0.1689453,-1.401367,117.2813,95.5,-3.1875,183.5257,325.8543,188.8379,178.4284,18.40717,182.3614
621.4703,0.03808594,0.5253906,-0.2324219,-11.3125,21.90625,9.9375,-0.359375,1.1875,0.05761719,119.75,21.78125,-36.5,0.1689453,0.1689453,-1.401367,117.2813,95.5,-3.1875,183.5257,325.8543,188.8379,178.4284,18.40717,182.3614
621.5037,0.03808594,0.5253906,-0.2324219,-11.3125,21.90625,9.9375,-0.359375,1.1875,0.05761719,119.75,21.78125,-36.5,0.1689453,0.1689453,-1.401367,117.2813,95.5,-3.1875,183.5257,325.8543,188.8379,178.4284,18.40717,182.3614
621.5367,0.03808594,0.5253906,-0.2324219,-11.3125,21.90625,9.9375,-0.359375,1.1875,0.05761719,119.75,21.78125,-36.5,1.485352,0.6708984,-1.435547,177.7813,-32.71875,19.28125,183.5257,325.8543,188.8379,167.6145,12.37391,186.4456
621.5707,0.03808594,0.5253906,-0.2324219,-11.3125,21.90625,9.9375,-0.359375,1.1875,0.05761719,119.75,21.78125,-36.5,1.485352,0.6708984,-1.435547,177.7813,-32.71875,19.28125,183.5257,325.8543,188.8379,167.6145,12.37391,186.4456
621.6036,0.03808594,0.5253906,-0.2324219,-11.3125,21.90625,9.9375,-0.359375,1.1875,0.05761719,119.75,21.78125,-36.5,1.485352,0.6708984,-1.435547,177.7813,-32.71875,19.28125,191.0611,336.1599,197.1126,157.235,350.5034,187.2443
621.637,-0.1347656,0.8671875,-0.2705078,-17.78125,54.96875,37.21875,-0.359375,1.1875,0.05761719,119.75,21.78125,-36.5,0.3203125,0.8378906,-0.6269531,72.4375,128.5313,-11.71875,173.5948,324.1211,192.125,157.235,350.5034,187.2443
621.6703,-0.1347656,0.8671875,-0.2705078,-17.78125,54.96875,37.21875,-0.359375,1.1875,0.05761719,119.75,21.78125,-36.5,0.3203125,0.8378906,-0.6269531,72.4375,128.5313,-11.71875,173.5948,324.1211,192.125,131.7741,350.2282,191.2545
621.7034,-0.1347656,0.8671875,-0.2705078,-17.78125,54.96875,37.21875,-0.359375,1.1875,0.05761719,119.75,21.78125,-36.5,0.421875,1.035156,-0.1386719,36.1875,-131.5313,14.75,173.5948,324.1211,192.125,131.7741,350.2282,191.2545
621.7369,-0.1347656,0.8671875,-0.2705078,-17.78125,54.96875,37.21875,-0.359375,1.1875,0.05761719,119.75,21.78125,-36.5,0.421875,1.035156,-0.1386719,36.1875,-131.5313,14.75,173.5948,324.1211,192.125,131.7741,350.2282,191.2545
621.7699,-0.1347656,0.8671875,-0.2705078,-17.78125,54.96875,37.21875,-0.359375,1.1875,0.05761719,119.75,21.78125,-36.5,0.421875,1.035156,-0.1386719,36.1875,-131.5313,14.75,173.5948,324.1211,192.125,130.2191,355.4621,188.9684
621.8032,-0.1347656,0.8671875,-0.2705078,-17.78125,54.96875,37.21875,-0.359375,1.1875,0.05761719,119.75,21.78125,-36.5,-0.1708984,0.9296875,0.05371094,80.0625,-51.90625,3.78125,173.5948,324.1211,192.125,130.2191,355.4621,188.9684
621.8364,0.06835938,0.1914063,-0.1210938,1.3125,18,-14.25,-0.359375,1.1875,0.05761719,119.75,21.78125,-36.5,-0.1708984,0.9296875,0.05371094,80.0625,-51.90625,3.78125,173.5948,324.1211,192.125,130.2191,355.4621,188.9684
621.8704,0.06835938,0.1914063,-0.1210938,1.3125,18,-14.25,-0.1748047,0.1162109,-0.1689453,16.65625,57.71875,9.75,-0.1708984,0.9296875,0.05371094,80.0625,-51.90625,3.78125,173.5948,324.1211,192.125,130.2191,355.4621,188.9684
621.9033,0.06835938,0.1914063,-0.1210938,1.3125,18,-14.25,-0.1748047,0.1162109,-0.1689453,16.65625,57.71875,9.75,-0.1708984,0.9296875,0.05371094,80.0625,-51.90625,3.78125,173.5948,324.1211,192.125,127.0526,357.8817,186.656
621.9369,-0.3603516,1.865234,0.0009765625,-40.59375,38.125,14.75,-0.1748047,0.1162109,-0.1689453,16.65625,57.71875,9.75,-0.1328125,1.27832,0.3925781,186.5,-4.34375,-25.34375,154.6464,313.8153,179.8804,127.0526,357.8817,186.656
621.9699,-0.3603516,1.865234,0.0009765625,-40.59375,38.125,14.75,-0.1748047,0.1162109,-0.1689453,16.65625,57.71875,9.75,-0.1328125,1.27832,0.3925781,186.5,-4.34375,-25.34375,154.6464,313.8153,179.8804,100.5326,36.73083,180.1351
622.0032,-0.3603516,1.865234,0.0009765625,-40.59375,38.125,14.75,-0.1748047,0.1162109,-0.1689453,16.65625,57.71875,9.75,1.661133,1.999023,-1.708008,154.2813,-272.5313,-13.9375,154.6464,313.8153,179.8804,100.5326,36.73083,180.1351
622.0363,-0.3603516,1.865234,0.0009765625,-40.59375,38.125,14.75,-0.1748047,0.1162109,-0.1689453,16.65625,57.71875,9.75,1.661133,1.999023,-1.708008,154.2813,-272.5313,-13.9375,153.0538,312.2754,179.3471,100.5326,36.73083,180.1351
622.07,-0.3603516,1.865234,0.0009765625,-40.59375,38.125,14.75,0.8916016,1.999023,1.333008,35.25,97.46875,-43.28125,1.661133,1.999023,-1.708008,154.2813,-272.5313,-13.9375,153.0538,312.2754,179.3471,100.5326,36.73083,180.1351
622.1031,-0.3603516,1.865234,0.0009765625,-40.59375,38.125,14.75,0.8916016,1.999023,1.333008,35.25,97.46875,-43.28125,-0.1933594,0.6191406,-0.7607422,-205.5938,40.375,18.125,153.0538,312.2754,179.3471,90.52457,102.4312,174.3431
622.1365,0.06347656,0.8916016,0.06054688,-11.5625,47.53125,-21.8125,-0.6816406,1.952148,-0.5478516,214.5313,65.28125,59.1875,-0.1933594,0.6191406,-0.7607422,-205.5938,40.375,18.125,153.0538,312.2754,179.3471,90.52457,102.4312,174.3431
622.1698,0.06347656,0.8916016,0.06054688,-11.5625,47.53125,-21.8125,-0.6816406,1.952148,-0.5478516,214.5313,65.28125,59.1875,-0.1933594,0.6191406,-0.7607422,-205.5938,40.375,18.125,153.0538,312.2754,179.3471,90.52457,102.4312,174.3431
622.2027,0.06347656,0.8916016,0.06054688,-11.5625,47.53125,-21.8125,-0.6816406,1.952148,-0.5478516,214.5313,65.28125,59.1875,0.1113281,0.1132813,-1.37207,-416.75,22.1875,35.6875,153.0538,312.2754,179.3471,103.9644,60.68983,179.5234
622.2366,0.06347656,0.8916016,0.06054688,-11.5625,47.53125,-21.8125,-0.6816406,1.952148,-0.5478516,214.5313,65.28125,59.1875,0.1113281,0.1132813,-1.37207,-416.75,22.1875,35.6875,153.0538,312.2754,179.3471,103.9644,60.68983,179.5234
622.2697,0.06347656,0.8916016,0.06054688,-11.5625,47.53125,-21.8125,-0.6816406,1.952148,-0.5478516,214.5313,65.28125,59.1875,0.1113281,0.1132813,-1.37207,-416.75,22.1875,35.6875,153.0538,312.2754,179.3471,125.6145,32.361,180.663
622.303,-0.1425781,0.3349609,0.0078125,29.78125,-29.6875,6.15625,-0.6816406,1.952148,-0.5478516,214.5313,65.28125,59.1875,-0.2558594,-0.1484375,-0.8222656,-182.0313,165.875,-24.84375,153.0538,312.2754,179.3471,125.6145,32.361,180.663
622.3361,-0.1425781,0.3349609,0.0078125,29.78125,-29.6875,6.15625,-0.6816406,1.952148,-0.5478516,214.5313,65.28125,59.1875,-0.2558594,-0.1484375,-0.8222656,-182.0313,165.875,-24.84375,153.0538,312.2754,179.3471,125.6145,32.361,180.663
622.3696,-0.1425781,0.3349609,0.0078125,29.78125,-29.6875,6.15625,-0.07617188,0.5498047,-0.07421875,82.5625,-54.46875,-7.40625,-0.2558594,-0.1484375,-0.8222656,-182.0313,165.875,-24.84375,197.4281,328.1715,197.7299,182.155,356.6661,186.0966
622.4028,-0.1425781,0.3349609,0.0078125,29.78125,-29.6875,6.15625,-0.07617188,0.5498047,-0.07421875,82.5625,-54.46875,-7.40625,0.02148438,0.8632813,-0.9257813,126.1563,54.90625,4.8125,197.4281,328.1715,197.7299,182.155,356.6661,186.0966
622.4366,-0.1425781,0.3349609,0.0078125,29.78125,-29.6875,6.15625,-0.07617188,0.5498047,-0.07421875,82.5625,-54.46875,-7.40625,0.02148438,0.8632813,-0.9257813,126.1563,54.90625,4.8125,200.8331,338.1912,202.1953,182.155,356.6661,186.0966
622.4697,0.3974609,1.228516,-0.1142578,-13.875,-61.0625,2.1875,-0.07617188,0.5498047,-0.07421875,82.5625,-54.46875,-7.40625,0.02148438,0.8632813,-0.9257813,126.1563,54.90625,4.8125,200.8331,338.1912,202.1953,169.2442,334.41,183.3842
622.5027,0.3974609,1.228516,-0.1142578,-13.875,-61.0625,2.1875,-0.07617188,0.5498047,-0.07421875,82.5625,-54.46875,-7.40625,0.05957031,1.219727,-0.8925781,73.71875,84.75,-19.25,200.8331,338.1912,202.1953,169.2442,334.41,183.3842
622.5374,0.3974609,1.228516,-0.1142578,-13.875,-61.0625,2.1875,-0.07617188,0.5498047,-0.07421875,82.5625,-54.46875,-7.40625,0.05957031,1.219727,-0.8925781,73.71875,84.75,-19.25,200.8331,338.1912,202.1953,169.2442,334.41,183.3842
622.5697,0.3974609,1.228516,-0.1142578,-13.875,-61.0625,2.1875,-0.07617188,0.5498047,-0.07421875,82.5625,-54.46875,-7.40625,0.08691406,0.9521484,-0.046875,24.71875,-12.78125,-1.34375,200.8331,338.1912,202.1953,157.3191,327.0467,178.5618
622.6028,0.3974609,1.228516,-0.1142578,-13.875,-61.0625,2.1875,-0.07617188,0.5498047,-0.07421875,82.5625,-54.46875,-7.40625,0.08691406,0.9521484,-0.046875,24.71875,-12.78125,-1.34375,192.6609,339.0184,196.3648,157.3191,327.0467,178.5618
622.6363,0.3974609,1.228516,-0.1142578,-13.875,-61.0625,2.1875,-0.07617188,0.5498047,-0.07421875,82.5625,-54.46875,-7.40625,0.08691406,0.9521484,-0.046875,24.71875,-12.78125,-1.34375,192.6609,339.0184,196.3648,157.3191,327.0467,178.5618
622.6698,-0.1416016,1.648438,0.1464844,0.65625,49,-1.3125,-0.07617188,0.5498047,-0.07421875,82.5625,-54.46875,-7.40625,0.1083984,0.953125,0.1289063,70.90625,-13.25,-25.84375,169.8392,323.7793,192.9877,128.9327,318.8253,183.7816
622.7028,-0.1416016,1.648438,0.1464844,0.65625,49,-1.3125,-0.07617188,0.5498047,-0.07421875,82.5625,-54.46875,-7.40625,0.1083984,0.953125,0.1289063,70.90625,-13.25,-25.84375,169.8392,323.7793,192.9877,128.9327,318.8253,183.7816
622.7368,-0.1416016,1.648438,0.1464844,0.65625,49,-1.3125,-0.1113281,1.037109,-0.4091797,-241.7188,95.625,83.65625,0.1083984,0.953125,0.1289063,70.90625,-13.25,-25.84375,169.8392,323.7793,192.9877,127.8021,319.8211,184.0917
622.7697,-0.1416016,1.648438,0.1464844,0.65625,49,-1.3125,-0.1113281,1.037109,-0.4091797,-241.7188,95.625,83.65625,-0.8378906,1.999023,0.6582031,221.125,36.375,-86.9375,169.8392,323.7793,192.9877,127.8021,319.8211,184.0917
622.8033,-0.1416016,1.648438,0.1464844,0.65625,49,-1.3125,-0.1113281,1.037109,-0.4091797,-241.7188,95.625,83.65625,-0.8378906,1.999023,0.6582031,221.125,36.375,-86.9375,169.8392,323.7793,192.9877,127.8021,319.8211,184.0917
622.8367,-0.1416016,1.648438,0.1464844,0.65625,49,-1.3125,-0.1113281,1.037109,-0.4091797,-241.7188,95.625,83.65625,-0.8378906,1.999023,0.6582031,221.125,36.375,-86.9375,169.8392,323.7793,192.9877,120.4948,315.9802,171.3652
622.8697,-0.1416016,1.648438,0.1464844,0.65625,49,-1.3125,-0.1113281,1.037109,-0.4091797,-241.7188,95.625,83.65625,1.367188,0.734375,-1.351563,33,104.5313,-126.6563,169.8392,323.7793,192.9877,120.4948,315.9802,171.3652
622.9026,0.1464844,0.9677734,0.2578125,3.53125,97.09375,-9.125,1.022461,1.999023,1.999023,21.90625,177.5938,10.0625,1.367188,0.734375,-1.351563,33,104.5313,-126.6563,160.032,319.5599,179.4488,120.4948,315.9802,171.3652
622.9359,0.1464844,0.9677734,0.2578125,3.53125,97.09375,-9.125,1.022461,1.999023,1.999023,21.90625,177.5938,10.0625,1.367188,0.734375,-1.351563,33,104.5313,-126.6563,160.032,319.5599,179.4488,103.6796,287.8399,171.4975
622.9695,0.1464844,0.9677734,0.2578125,3.53125,97.09375,-9.125,1.022461,1.999023,1.999023,21.90625,177.5938,10.0625,1.367188,0.734375,-1.351563,33,104.5313,-126.6563,162.317,309.1596,185.5852,103.6796,287.8399,171.4975
623.0028,0.1464844,0.9677734,0.2578125,3.53125,97.09375,-9.125,1.022461,1.999023,1.999023,21.90625,177.5938,10.0625,0.6796875,0.1152344,-1.566406,-283.7813,188.0313,-163.5938,162.317,309.1596,185.5852,103.6796,287.8399,171.4975
623.0358,-0.1582031,1.335938,-0.1826172,27.34375,53.375,-13.5625,1.022461,1.999023,1.999023,21.90625,177.5938,10.0625,0.6796875,0.1152344,-1.566406,-283.7813,188.0313,-163.5938,162.317,309.1596,185.5852,122.0601,296.7548,194.4455
623.0692,-0.1582031,1.335938,-0.1826172,27.34375,53.375,-13.5625,1.022461,1.999023,1.999023,21.90625,177.5938,10.0625,0.6123047,0.8779297,-1.445313,-324.2188,221.4063,-40.25,162.317,309.1596,185.5852,122.0601,296.7548,194.4455
623.1029,-0.1582031,1.335938,-0.1826172,27.34375,53.375,-13.5625,1.657227,1.574219,-0.0078125,180.3438,22.3125,34.84375,0.6123047,0.8779297,-1.445313,-324.2188,221.4063,-40.25,165.7686,307.2761,191.2471,122.0601,296.7548,194.4455
623.1359,-0.1582031,1.335938,-0.1826172,27.34375,53.375,-13.5625,1.657227,1.574219,-0.0078125,180.3438,22.3125,34.84375,0.2402344,0.8134766,-1.077148,-181.4063,163.0625,37.09375,165.7686,307.2761,191.2471,122.0601,296.7548,194.4455
623.1691,-0.05371094,0.859375,-0.1328125,4.375,204.5625,-1.78125,1.657227,1.574219,-0.0078125,180.3438,22.3125,34.84375,0.2402344,0.8134766,-1.077148,-181.4063,163.0625,37.09375,165.7686,307.2761,191.2471,151.001,295.5224,212.2084
623.2018,-0.05371094,0.859375,-0.1328125,4.375,204.5625,-1.78125,1.657227,1.574219,-0.0078125,180.3438,22.3125,34.84375,0.2402344,0.8134766,-1.077148,-181.4063,163.0625,37.09375,165.7686,307.2761,191.2471,155.8046,290.888,221.3893
623.2358,-0.515625,0.3144531,-0.06835938,-4.65625,29.21875,-34.625,1.657227,1.574219,-0.0078125,180.3438,22.3125,34.84375,-0.21875,0.4921875,-1.207031,108.4375,141.6563,21.84375,165.7686,307.2761,191.2471,155.8046,290.888,221.3893
623.2692,-0.515625,0.3144531,-0.06835938,-4.65625,29.21875,-34.625,1.657227,1.574219,-0.0078125,180.3438,22.3125,34.84375,-0.21875,0.4921875,-1.207031,108.4375,141.6563,21.84375,165.7686,307.2761,191.2471,155.8046,290.888,221.3893
623.3021,-0.515625,0.3144531,-0.06835938,-4.65625,29.21875,-34.625,1.657227,1.574219,-0.0078125,180.3438,22.3125,34.84375,-0.21875,0.4921875,-1.207031,108.4375,141.6563,21.84375,165.7686,307.2761,191.2471,155.8046,290.888,221.3893
623.3356,-0.515625,0.3144531,-0.06835938,-4.65625,29.21875,-34.625,0.2070313,1.379883,0.6357422,-149.7813,75.59375,-29.6875,-0.21875,0.4921875,-1.207031,108.4375,141.6563,21.84375,165.7686,307.2761,191.2471,153.1154,308.1173,228.601
623.3688,0.9443359,1.374023,0.0546875,-33.59375,-46.46875,8.53125,0.2070313,1.379883,0.6357422,-149.7813,75.59375,-29.6875,-1.276367,1.012695,-0.5966797,70.59375,138.4063,25.5625,165.7686,307.2761,191.2471,153.1154,308.1173,228.601
623.403,0.1318359,0.9277344,-0.3964844,-65.25,97.53125,55.09375,0.4667969,1.80957,-0.3251953,-234.6875,72.625,-2.46875,-1.276367,1.012695,-0.5966797,70.59375,138.4063,25.5625,183.8173,325.8652,188.0399,153.1154,308.1173,228.601
623.4366,0.1318359,0.9277344,-0.3964844,-65.25,97.53125,55.09375,0.4667969,1.80957,-0.3251953,-234.6875,72.625,-2.46875,-1.276367,1.012695,-0.5966797,70.59375,138.4063,25.5625,183.8173,325.8652,188.0399,148.7029,274.8144,199.9501
623.4689,0.1318359,0.9277344,-0.3964844,-65.25,97.53125,55.09375,0.4667969,1.80957,-0.3251953,-234.6875,72.625,-2.46875,-0.9423828,1.060547,-0.4365234,19.8125,13.84375,4.3125,176.3309,317.0313,176.6931,148.7029,274.8144,199.9501
623.502,0.1318359,0.9277344,-0.3964844,-65.25,97.53125,55.09375,0.3349609,1.209961,-1.113281,-167,319.6875,132.5,-0.9423828,1.060547,-0.4365234,19.8125,13.84375,4.3125,176.3309,317.0313,176.6931,148.7029,274.8144,199.9501
623.5356,0.1318359,0.9277344,-0.3964844,-65.25,97.53125,55.09375,0.3349609,1.209961,-1.113281,-167,319.6875,132.5,-0.3408203,1.050781,-0.1748047,34.84375,6.21875,-4.90625,176.3309,317.0313,176.6931,136.9887,276.3685,197.457
623.5687,0.1318359,0.9277344,-0.3964844,-65.25,97.53125,55.09375,0.3349609,1.209961,-1.113281,-167,319.6875,132.5,-0.3408203,1.050781,-0.1748047,34.84375,6.21875,-4.90625,173.661,293.8312,158.9752,136.9887,276.3685,197.457
623.6019,0.2685547,0.5537109,-0.5126953,20.8125,207.1875,-30.03125,-0.5908203,0.5615234,-0.5253906,-20.46875,212.0313,83.1875,-0.3408203,1.050781,-0.1748047,34.84375,6.21875,-4.90625,173.661,293.8312,158.9752,136.9887,276.3685,197.457
623.6358,0.2685547,0.5537109,-0.5126953,20.8125,207.1875,-30.03125,-0.5908203,0.5615234,-0.5253906,-20.46875,212.0313,83.1875,-0.3408203,1.050781,-0.1748047,34.84375,6.21875,-4.90625,173.661,293.8312,158.9752,131.6705,326.4052,198.6891
623.6873,0.2685547,0.5537109,-0.5126953,20.8125,207.1875,-30.03125,-0.5908203,0.5615234,-0.5253906,-20.46875,212.0313,83.1875,-0.1220703,0.9960938,0.3701172,97.875,-15.46875,-25.59375,173.661,293.8312,158.9752,131.6705,326.4052,198.6891
623.689,0.2685547,0.5537109,-0.5126953,20.8125,207.1875,-30.03125,-0.5908203,0.5615234,-0.5253906,-20.46875,212.0313,83.1875,-0.1220703,0.9960938,0.3701172,97.875,-15.46875,-25.59375,173.661,293.8312,158.9752,131.6705,326.4052,198.6891
623.7187,-0.8476563,1.233398,-0.078125,-33.78125,123.5938,-22.96875,-0.5908203,0.5615234,-0.5253906,-20.46875,212.0313,83.1875,-0.2832031,1.999023,0.8046875,196.625,-13.5625,-62.5,173.661,293.8312,158.9752,137.8087,347.5014,197.2552
623.7521,-0.1015625,0.9326172,0.1435547,-22.40625,41.5625,1.15625,-0.5908203,0.5615234,-0.5253906,-20.46875,212.0313,83.1875,-0.2832031,1.999023,0.8046875,196.625,-13.5625,-62.5,173.661,293.8312,158.9752,137.8087,347.5014,197.2552
623.7853,-0.1015625,0.9326172,0.1435547,-22.40625,41.5625,1.15625,-0.5908203,0.5615234,-0.5253906,-20.46875,212.0313,83.1875,-0.2832031,1.999023,0.8046875,196.625,-13.5625,-62.5,165.1031,302.2164,159.7003,121.8546,333.0378,191.3864
623.819,-0.1015625,0.9326172,0.1435547,-22.40625,41.5625,1.15625,-0.5908203,0.5615234,-0.5253906,-20.46875,212.0313,83.1875,-0.2832031,1.999023,0.8046875,196.625,-13.5625,-62.5,165.1031,302.2164,159.7003,121.8546,333.0378,191.3864
623.8524,0.8330078,1.09082,-0.6679688,50.40625,122.0625,34.96875,-0.5908203,0.5615234,-0.5253906,-20.46875,212.0313,83.1875,0.6640625,1.285156,-0.65625,63.46875,15.5625,-57.5,179.4899,318.6329,152.4623,121.8546,333.0378,191.3864
623.8853,0.8330078,1.09082,-0.6679688,50.40625,122.0625,34.96875,0.5195313,0.9140625,0.02441406,70.53125,59.375,-6.65625,0.6640625,1.285156,-0.65625,63.46875,15.5625,-57.5,179.4899,318.6329,152.4623,126.1399,340.4962,177.2886
623.9189,0.8330078,1.09082,-0.6679688,50.40625,122.0625,34.96875,0.5195313,0.9140625,0.02441406,70.53125,59.375,-6.65625,0.2089844,0.2714844,-1.151367,-273.4063,107.5938,-24.625,179.749,301.5874,160.3097,126.1399,340.4962,177.2886
623.9523,0.8330078,1.09082,-0.6679688,50.40625,122.0625,34.96875,0.5195313,0.9140625,0.02441406,70.53125,59.375,-6.65625,0.2089844,0.2714844,-1.151367,-273.4063,107.5938,-24.625,179.749,301.5874,160.3097,151.7304,345.6653,194.1856
623.985,0.8330078,1.09082,-0.6679688,50.40625,122.0625,34.96875,0.5195313,0.9140625,0.02441406,70.53125,59.375,-6.65625,0.2089844,0.2714844,-1.151367,-273.4063,107.5938,-24.625,179.749,301.5874,160.3097,151.7304,345.6653,194.1856
624.0191,0.8330078,1.09082,-0.6679688,50.40625,122.0625,34.96875,0.5195313,0.9140625,0.02441406,70.53125,59.375,-6.65625,-0.4707031,0.5361328,-1.354492,-376.3438,-29.3125,112.9063,179.749,301.5874,160.3097,151.7304,345.6653,194.1856
624.0524,0.8330078,1.09082,-0.6679688,50.40625,122.0625,34.96875,-0.03613281,1.180664,-0.2792969,91.59375,3.78125,-7.78125,-0.4707031,0.5361328,-1.354492,-376.3438,-29.3125,112.9063,179.749,301.5874,160.3097,151.7304,345.6653,194.1856
624.0851,0.8330078,1.09082,-0.6679688,50.40625,122.0625,34.96875,-0.03613281,1.180664,-0.2792969,91.59375,3.78125,-7.78125,-0.4707031,0.5361328,-1.354492,-376.3438,-29.3125,112.9063,190.5071,319.9175,168.3106,194.9199,358.7902,203.5011
624.1183,0.0234375,0.4492188,-0.07617188,0,123.9375,-14.53125,-0.03613281,1.180664,-0.2792969,91.59375,3.78125,-7.78125,-0.4707031,0.5361328,-1.354492,-376.3438,-29.3125,112.9063,190.5071,319.9175,168.3106,194.9199,358.7902,203.5011
624.1528,0.0234375,0.4492188,-0.07617188,0,123.9375,-14.53125,0.2587891,0.8300781,-0.2441406,112.5313,88.375,-23.8125,0.1269531,-0.1611328,-1.483398,57.46875,209.5313,7.5,190.5071,319.9175,168.3106,196.6846,4.471558,210.3434
624.1851,0.0234375,0.4492188,-0.07617188,0,123.9375,-14.53125,0.2587891,0.8300781,-0.2441406,112.5313,88.375,-23.8125,-0.4238281,1.111328,-0.78125,110.9375,212.1563,-48.53125,190.5071,319.9175,168.3106,196.6846,4.471558,210.3434
624.2186,0.0234375,0.4492188,-0.07617188,0,123.9375,-14.53125,0.2587891,0.8300781,-0.2441406,112.5313,88.375,-23.8125,-0.4238281,1.111328,-0.78125,110.9375,212.1563,-48.53125,190.5071,319.9175,168.3106,196.6846,4.471558,210.3434
624.2517,0.0234375,0.4492188,-0.07617188,0,123.9375,-14.53125,0.2587891,0.8300781,-0.2441406,112.5313,88.375,-23.8125,-0.4238281,1.111328,-0.78125,110.9375,212.1563,-48.53125,190.5071,319.9175,168.3106,180.6405,346.2316,201.7513
624.285,0.0234375,0.4492188,-0.07617188,0,123.9375,-14.53125,0.2587891,0.8300781,-0.2441406,112.5313,88.375,-23.8125,-0.4238281,1.111328,-0.78125,110.9375,212.1563,-48.53125,190.5071,319.9175,168.3106,180.6405,346.2316,201.7513
624.3184,0.3095703,1.472656,0.03613281,-8.3125,10.78125,-1.46875,0.2587891,0.8300781,-0.2441406,112.5313,88.375,-23.8125,1.37793,1.037109,-0.6396484,58.6875,-169.75,25.375,190.5071,319.9175,168.3106,180.6405,346.2316,201.7513
624.3518,0.3095703,1.472656,0.03613281,-8.3125,10.78125,-1.46875,0.4482422,1.523438,0.4765625,-158.5938,46.4375,-31.5625,1.37793,1.037109,-0.6396484,58.6875,-169.75,25.375,190.5071,319.9175,168.3106,168.8536,346.364,203.0858
624.3843,0.3095703,1.472656,0.03613281,-8.3125,10.78125,-1.46875,0.4482422,1.523438,0.4765625,-158.5938,46.4375,-31.5625,1.37793,1.037109,-0.6396484,58.6875,-169.75,25.375,179.7286,326.8796,165.4897,168.8536,346.364,203.0858
624.4177,0.06835938,0.9384766,-0.7001953,-18.5,35.375,21.84375,0.4482422,1.523438,0.4765625,-158.5938,46.4375,-31.5625,0.5292969,0.6503906,-0.2402344,23.46875,-182.5625,26.09375,179.7286,326.8796,165.4897,168.8536,346.364,203.0858
624.4517,0.06835938,0.9384766,-0.7001953,-18.5,35.375,21.84375,0.4482422,1.523438,0.4765625,-158.5938,46.4375,-31.5625,0.5292969,0.6503906,-0.2402344,23.46875,-182.5625,26.09375,179.7286,326.8796,165.4897,155.4139,345.1736,202.8697
624.4847,0.06835938,0.9384766,-0.7001953,-18.5,35.375,21.84375,0.4482422,1.523438,0.4765625,-158.5938,46.4375,-31.5625,0.5292969,0.6503906,-0.2402344,23.46875,-182.5625,26.09375,179.7286,326.8796,165.4897,155.4139,345.1736,202.8697
624.518,0.06835938,0.9384766,-0.7001953,-18.5,35.375,21.84375,0.4482422,1.523438,0.4765625,-158.5938,46.4375,-31.5625,-0.2021484,0.9101563,-0.03808594,86.65625,-38.28125,2.96875,179.7286,326.8796,165.4897,155.4139,345.1736,202.8697
624.5511,0.06835938,0.9384766,-0.7001953,-18.5,35.375,21.84375,0.1259766,0.8222656,-0.2890625,-181.2188,10.84375,105.0313,-0.2021484,0.9101563,-0.03808594,86.65625,-38.28125,2.96875,179.7286,326.8796,165.4897,156.0421,354.91,201.1116
624.5844,0.06835938,0.9384766,-0.7001953,-18.5,35.375,21.84375,0.1259766,0.8222656,-0.2890625,-181.2188,10.84375,105.0313,-0.2021484,0.9101563,-0.03808594,86.65625,-38.28125,2.96875,179.7286,326.8796,165.4897,156.0421,354.91,201.1116
624.6187,-0.1445313,1.22168,0.03320313,-38.03125,19.625,-6.375,0.1259766,0.8222656,-0.2890625,-181.2188,10.84375,105.0313,-0.2382813,1.289063,0.2539063,204.5625,-15.03125,-23.5625,154.7767,332.1113,149.3437,156.0421,354.91,201.1116
624.652,-0.1445313,1.22168,0.03320313,-38.03125,19.625,-6.375,0.1259766,0.8222656,-0.2890625,-181.2188,10.84375,105.0313,-0.2382813,1.289063,0.2539063,204.5625,-15.03125,-23.5625,154.7767,332.1113,149.3437,116.9209,4.08393,187.3155
624.6844,-0.1445313,1.22168,0.03320313,-38.03125,19.625,-6.375,0.1259766,0.8222656,-0.2890625,-181.2188,10.84375,105.0313,0.3789063,1.603516,-1.077148,226.375,-360.5625,39.59375,154.7767,332.1113,149.3437,116.9209,4.08393,187.3155
624.718,-0.1445313,1.22168,0.03320313,-38.03125,19.625,-6.375,0.1259766,0.8222656,-0.2890625,-181.2188,10.84375,105.0313,0.3789063,1.603516,-1.077148,226.375,-360.5625,39.59375,154.7767,332.1113,149.3437,116.9209,4.08393,187.3155
624.7524,-0.1445313,1.22168,0.03320313,-38.03125,19.625,-6.375,0.1259766,0.8222656,-0.2890625,-181.2188,10.84375,105.0313,0.3789063,1.603516,-1.077148,226.375,-360.5625,39.59375,154.7767,332.1113,149.3437,105.9485,49.66233,179.6752
624.785,0.08886719,1.145508,-0.01171875,-13.875,43.5,24.46875,0.1259766,0.8222656,-0.2890625,-181.2188,10.84375,105.0313,0.1376953,0.5820313,-0.8417969,-144.6563,146.7188,-9.21875,149.9721,321.9506,141.2946,105.9485,49.66233,179.6752
624.8187,0.08886719,1.145508,-0.01171875,-13.875,43.5,24.46875,0.1259766,0.8222656,-0.2890625,-181.2188,10.84375,105.0313,0.1376953,0.5820313,-0.8417969,-144.6563,146.7188,-9.21875,149.9721,321.9506,141.2946,105.9485,49.66233,179.6752
624.8517,0.08886719,1.145508,-0.01171875,-13.875,43.5,24.46875,-0.6914063,1.999023,-0.5517578,292.2813,44.46875,101.1875,0.1376953,0.5820313,-0.8417969,-144.6563,146.7188,-9.21875,149.9721,321.9506,141.2946,118.5841,61.61243,182.0455
624.8846,0.08886719,1.145508,-0.01171875,-13.875,43.5,24.46875,-0.6914063,1.999023,-0.5517578,292.2813,44.46875,101.1875,0.109375,0.04785156,-1.029297,-352.5,38.6875,24.71875,149.9721,321.9506,141.2946,118.5841,61.61243,182.0455
624.9185,0.08886719,1.145508,-0.01171875,-13.875,43.5,24.46875,-0.6914063,1.999023,-0.5517578,292.2813,44.46875,101.1875,0.109375,0.04785156,-1.029297,-352.5,38.6875,24.71875,149.9721,321.9506,141.2946,141.8188,45.09003,175.0181
624.9521,0.08886719,1.145508,-0.01171875,-13.875,43.5,24.46875,-0.6914063,1.999023,-0.5517578,292.2813,44.46875,101.1875,0.109375,0.04785156,-1.029297,-352.5,38.6875,24.71875,149.9721,321.9506,141.2946,147.8333,43.139,173.9726
624.9844,0.08886719,1.145508,-0.01171875,-13.875,43.5,24.46875,0.6279297,0.4296875,0.21875,173.4375,-19.1875,-58.96875,0.109375,0.04785156,-1.029297,-352.5,38.6875,24.71875,149.9721,321.9506,141.2946,147.8333,43.139,173.9726
625.0178,0.08886719,1.145508,-0.01171875,-13.875,43.5,24.46875,0.6279297,0.4296875,0.21875,173.4375,-19.1875,-58.96875,0.109375,0.04785156,-1.029297,-352.5,38.6875,24.71875,192.7409,320.6678,159.9809,147.8333,43.139,173.9726
625.0513,0.08886719,1.145508,-0.01171875,-13.875,43.5,24.46875,0.6279297,0.4296875,0.21875,173.4375,-19.1875,-58.96875,0.2109375,0.9365234,-1.060547,-299.875,110.0938,78.96875,192.7409,320.6678,159.9809,147.8333,43.139,173.9726
625.0845,-0.2099609,0.1933594,0.03808594,25.375,-24.375,16.34375,-0.001953125,1.123047,-0.04003906,83.25,-45.3125,-5.5,0.1982422,1.082031,-0.4560547,186.6875,112.7813,9.875,192.7409,320.6678,159.9809,206.8172,19.09905,192.6204
625.1187,-0.2099609,0.1933594,0.03808594,25.375,-24.375,16.34375,-0.001953125,1.123047,-0.04003906,83.25,-45.3125,-5.5,0.1982422,1.082031,-0.4560547,186.6875,112.7813,9.875,192.7409,320.6678,159.9809,206.8172,19.09905,192.6204
625.1514,0.6972656,1.560547,-0.1132813,-49.46875,-68.25,-8.75,-0.001953125,1.123047,-0.04003906,83.25,-45.3125,-5.5,0.4892578,0.5371094,-1.016602,148.4688,-19.1875,12.9375,192.7409,320.6678,159.9809,192.0999,358.0666,186.9754
625.184,0.6972656,1.560547,-0.1132813,-49.46875,-68.25,-8.75,-0.001953125,1.123047,-0.04003906,83.25,-45.3125,-5.5,0.4892578,0.5371094,-1.016602,148.4688,-19.1875,12.9375,192.7409,320.6678,159.9809,192.0999,358.0666,186.9754
625.218,0.6972656,1.560547,-0.1132813,-49.46875,-68.25,-8.75,-0.001953125,1.123047,-0.04003906,83.25,-45.3125,-5.5,0.4892578,0.5371094,-1.016602,148.4688,-19.1875,12.9375,191.785,330.1643,160.9763,192.0999,358.0666,186.9754
625.2516,0.6972656,1.560547,-0.1132813,-49.46875,-68.25,-8.75,-0.001953125,1.123047,-0.04003906,83.25,-45.3125,-5.5,0.4892578,0.5371094,-1.016602,148.4688,-19.1875,12.9375,191.785,330.1643,160.9763,192.0999,358.0666,186.9754
625.317,-0.2519531,0.8613281,-0.3466797,-34.9375,33.625,5.46875,-0.6083984,1.78418,-1.072266,-250.375,155.4375,-84.71875,0.9736328,0.7470703,-0.5595703,81.03125,30.8125,-3.3125,191.785,330.1643,160.9763,172.632,341.5935,189.1434
625.3506,-0.2519531,0.8613281,-0.3466797,-34.9375,33.625,5.46875,-0.6083984,1.78418,-1.072266,-250.375,155.4375,-84.71875,0.9736328,0.7470703,-0.5595703,81.03125,30.8125,-3.3125,191.785,330.1643,160.9763,172.632,341.5935,189.1434
625.3839,0.046875,1.390625,-0.1767578,18.40625,54.5,20.25,-0.6083984,1.78418,-1.072266,-250.375,155.4375,-84.71875,0.578125,0.859375,-0.1513672,52,-94.875,19.6875,164.3289,333.9526,157.4707,138.8227,338.8571,194.9143
625.4168,0.046875,1.390625,-0.1767578,18.40625,54.5,20.25,0.2226563,0.4160156,-0.53125,-89.5,85.0625,55.96875,0.578125,0.859375,-0.1513672,52,-94.875,19.6875,156.2082,334.2995,146.4579,138.8227,338.8571,194.9143
625.4502,0.046875,1.390625,-0.1767578,18.40625,54.5,20.25,0.2226563,0.4160156,-0.53125,-89.5,85.0625,55.96875,0.06347656,0.9082031,-0.1748047,77.875,0,3.71875,156.2082,334.2995,146.4579,124.8241,349.6207,188.7337
625.4834,0.046875,1.390625,-0.1767578,18.40625,54.5,20.25,0.2226563,0.4160156,-0.53125,-89.5,85.0625,55.96875,0.06347656,0.9082031,-0.1748047,77.875,0,3.71875,156.2082,334.2995,146.4579,124.8241,349.6207,188.7337
625.5167,0.046875,1.390625,-0.1767578,18.40625,54.5,20.25,0.2226563,0.4160156,-0.53125,-89.5,85.0625,55.96875,0.06347656,0.9082031,-0.1748047,77.875,0,3.71875,156.2082,334.2995,146.4579,124.8241,349.6207,188.7337
625.5499,0.046875,1.390625,-0.1767578,18.40625,54.5,20.25,-0.2148438,0.2841797,0.1074219,83.96875,55.40625,20.3125,0.06347656,0.9082031,-0.1748047,77.875,0,3.71875,156.2082,334.2995,146.4579,120.7043,350.3853,184.6625
625.5831,0.046875,1.390625,-0.1767578,18.40625,54.5,20.25,-0.2148438,0.2841797,0.1074219,83.96875,55.40625,20.3125,-0.05175781,1.307617,0.2910156,161.25,-38.84375,-11.125,156.2082,334.2995,146.4579,120.7043,350.3853,184.6625
625.6163,0.046875,1.390625,-0.1767578,18.40625,54.5,20.25,-0.2148438,0.2841797,0.1074219,83.96875,55.40625,20.3125,-0.05175781,1.307617,0.2910156,161.25,-38.84375,-11.125,156.2082,334.2995,146.4579,120.7043,350.3853,184.6625
625.6499,0.046875,1.390625,-0.1767578,18.40625,54.5,20.25,-0.2148438,0.2841797,0.1074219,83.96875,55.40625,20.3125,1.130859,1.359375,-1.644531,205.0625,-358.6563,-12.09375,156.2082,334.2995,146.4579,120.7043,350.3853,184.6625
625.6827,0.046875,1.390625,-0.1767578,18.40625,54.5,20.25,-0.2148438,0.2841797,0.1074219,83.96875,55.40625,20.3125,1.130859,1.359375,-1.644531,205.0625,-358.6563,-12.09375,151.5685,326.286,151.0149,113.0209,17.08299,176.0897
625.7166,0.046875,1.390625,-0.1767578,18.40625,54.5,20.25,-0.2148438,0.2841797,0.1074219,83.96875,55.40625,20.3125,1.130859,1.359375,-1.644531,205.0625,-358.6563,-12.09375,151.5685,326.286,151.0149,113.0209,17.08299,176.0897
625.7497,0.046875,1.390625,-0.1767578,18.40625,54.5,20.25,-0.2148438,0.2841797,0.1074219,83.96875,55.40625,20.3125,0.0009765625,0.3427734,-1.071289,-104.625,165.5,-156.4375,151.5685,326.286,151.0149,103.5104,52.20357,181.2888
625.7828,0.046875,1.390625,-0.1767578,18.40625,54.5,20.25,-0.2148438,0.2841797,0.1074219,83.96875,55.40625,20.3125,0.0009765625,0.3427734,-1.071289,-104.625,165.5,-156.4375,151.5685,326.286,151.0149,103.5104,52.20357,181.2888
625.8161,0.046875,1.390625,-0.1767578,18.40625,54.5,20.25,-0.2148438,0.2841797,0.1074219,83.96875,55.40625,20.3125,0.0009765625,0.3427734,-1.071289,-104.625,165.5,-156.4375,151.5685,326.286,151.0149,103.5104,52.20357,181.2888
625.8492,0.15625,0.78125,-0.03417969,-22.90625,52.09375,-28.15625,-0.6572266,1.824219,-0.015625,71.21875,23.78125,25.4375,0.7646484,0.1269531,-1.19043,-264.0625,209.875,-141.3125,159.7186,321.1661,150.8343,116.2934,12.31015,178.0294
625.8826,0.15625,0.78125,-0.03417969,-22.90625,52.09375,-28.15625,-0.6572266,1.824219,-0.015625,71.21875,23.78125,25.4375,0.7646484,0.1269531,-1.19043,-264.0625,209.875,-141.3125,159.7186,321.1661,150.8343,116.2934,12.31015,178.0294
625.9166,0.15625,0.78125,-0.03417969,-22.90625,52.09375,-28.15625,-0.6572266,1.824219,-0.015625,71.21875,23.78125,25.4375,0.7646484,0.1269531,-1.19043,-264.0625,209.875,-141.3125,159.7186,321.1661,150.8343,116.2934,12.31015,178.0294
625.9496,0.15625,0.78125,-0.03417969,-22.90625,52.09375,-28.15625,-0.6572266,1.824219,-0.015625,71.21875,23.78125,25.4375,0.2587891,0.3369141,-1.246094,-215.8438,378.3438,-173.3438,159.7186,321.1661,150.8343,132.9866,331.8407,180.9248
625.9828,0.15625,0.78125,-0.03417969,-22.90625,52.09375,-28.15625,-0.6572266,1.824219,-0.015625,71.21875,23.78125,25.4375,0.2587891,0.3369141,-1.246094,-215.8438,378.3438,-173.3438,171.7144,318.1985,158.2859,132.9866,331.8407,180.9248
626.0165,0.15625,0.78125,-0.03417969,-22.90625,52.09375,-28.15625,-0.6572266,1.824219,-0.015625,71.21875,23.78125,25.4375,0.1865234,0.8144531,-1.035156,-165.8438,393.2188,-184.1563,171.7144,318.1985,158.2859,132.9866,331.8407,180.9248
626.0498,-0.2236328,0.6523438,0.05078125,22.875,2.1875,0.84375,-0.6572266,1.824219,-0.015625,71.21875,23.78125,25.4375,0.05566406,0.5908203,-0.7626953,42.46875,132.625,-0.1875,171.7144,318.1985,158.2859,161.0927,297.7523,174.011
626.0834,-0.2236328,0.6523438,0.05078125,22.875,2.1875,0.84375,-0.6572266,1.824219,-0.015625,71.21875,23.78125,25.4375,0.05566406,0.5908203,-0.7626953,42.46875,132.625,-0.1875,181.3409,313.7007,159.9001,161.0927,297.7523,174.011
626.1169,0.3505859,0.8183594,-0.1845703,-18.03125,25.9375,-12.84375,-0.6572266,1.824219,-0.015625,71.21875,23.78125,25.4375,0.05566406,0.5908203,-0.7626953,42.46875,132.625,-0.1875,181.3409,313.7007,159.9001,161.0927,297.7523,174.011
626.15,0.3505859,0.8183594,-0.1845703,-18.03125,25.9375,-12.84375,-0.6572266,1.824219,-0.015625,71.21875,23.78125,25.4375,-0.21875,0.7871094,-0.9257813,3.40625,132.8125,20.125,181.3409,313.7007,159.9001,163.317,287.7989,163.473
626.1833,0.3505859,0.8183594,-0.1845703,-18.03125,25.9375,-12.84375,-0.6572266,1.824219,-0.015625,71.21875,23.78125,25.4375,-0.21875,0.7871094,-0.9257813,3.40625,132.8125,20.125,181.3409,313.7007,159.9001,163.317,287.7989,163.473
626.2169,0.3505859,0.8183594,-0.1845703,-18.03125,25.9375,-12.84375,-0.6572266,1.824219,-0.015625,71.21875,23.78125,25.4375,-0.21875,0.7871094,-0.9257813,3.40625,132.8125,20.125,181.3409,313.7007,159.9001,163.317,287.7989,163.473
626.2505,0.3505859,0.8183594,-0.1845703,-18.03125,25.9375,-12.84375,-0.6572266,1.824219,-0.015625,71.21875,23.78125,25.4375,-0.1611328,0.9697266,-0.1005859,-32.375,25.25,38.5,181.3409,313.7007,159.9001,160.211,299.8411,158.5764
626.2843,0.2832031,1.383789,0.06152344,-14.46875,129.125,10.3125,0.6494141,1.786133,-0.4042969,-206.4375,10.3125,-52.25,-0.1611328,0.9697266,-0.1005859,-32.375,25.25,38.5,169.472,330.6624,162.1447,160.211,299.8411,158.5764
626.3167,0.2832031,1.383789,0.06152344,-14.46875,129.125,10.3125,0.6494141,1.786133,-0.4042969,-206.4375,10.3125,-52.25,-0.1611328,0.9697266,-0.1005859,-32.375,25.25,38.5,169.472,330.6624,162.1447,156.4206,279.7299,172.7574
626.3498,0.2832031,1.383789,0.06152344,-14.46875,129.125,10.3125,0.6494141,1.786133,-0.4042969,-206.4375,10.3125,-52.25,-0.0009765625,0.9433594,-0.109375,-9.78125,47.84375,18.96875,169.472,330.6624,162.1447,156.4206,279.7299,172.7574
626.3832,0.2832031,1.383789,0.06152344,-14.46875,129.125,10.3125,0.6494141,1.786133,-0.4042969,-206.4375,10.3125,-52.25,-0.0009765625,0.9433594,-0.109375,-9.78125,47.84375,18.96875,169.472,330.6624,162.1447,156.4206,279.7299,172.7574
626.4161,0.2832031,1.383789,0.06152344,-14.46875,129.125,10.3125,0.6494141,1.786133,-0.4042969,-206.4375,10.3125,-52.25,-0.0009765625,0.9433594,-0.109375,-9.78125,47.84375,18.96875,169.472,330.6624,162.1447,155.5072,275.636,175.9336
626.4496,0.2832031,1.383789,0.06152344,-14.46875,129.125,10.3125,0.6494141,1.786133,-0.4042969,-206.4375,10.3125,-52.25,-0.03613281,0.9179688,-0.3525391,-17.90625,78,2.5,169.472,330.6624,162.1447,155.5072,275.636,175.9336
626.4832,0.01757813,1.016602,-0.1162109,3.34375,188.7188,-15.34375,0.6494141,1.786133,-0.4042969,-206.4375,10.3125,-52.25,-0.03613281,0.9179688,-0.3525391,-17.90625,78,2.5,169.472,330.6624,162.1447,155.5072,275.636,175.9336
626.5165,0.01757813,1.016602,-0.1162109,3.34375,188.7188,-15.34375,0.6494141,1.786133,-0.4042969,-206.4375,10.3125,-52.25,-0.03613281,0.9179688,-0.3525391,-17.90625,78,2.5,169.472,330.6624,162.1447,155.5072,275.636,175.9336
626.5496,-0.01367188,0.6328125,-0.2324219,-4.21875,202.0625,-1.78125,0.6494141,1.786133,-0.4042969,-206.4375,10.3125,-52.25,0.07617188,0.8925781,-0.3447266,-6.125,87.25,-1.84375,155.0009,292.933,145.6597,133.6988,306.2881,182.1171
626.5828,0.01367188,0.6826172,-0.3212891,1.75,216.9688,-4.34375,0.6494141,1.786133,-0.4042969,-206.4375,10.3125,-52.25,0.07617188,0.8925781,-0.3447266,-6.125,87.25,-1.84375,155.0009,292.933,145.6597,133.6988,306.2881,182.1171
626.616,0.01367188,0.6826172,-0.3212891,1.75,216.9688,-4.34375,0.6494141,1.786133,-0.4042969,-206.4375,10.3125,-52.25,0.07617188,0.8925781,-0.3447266,-6.125,87.25,-1.84375,155.0009,292.933,145.6597,133.6988,306.2881,182.1171
626.6494,0.01367188,0.6826172,-0.3212891,1.75,216.9688,-4.34375,0.6494141,1.786133,-0.4042969,-206.4375,10.3125,-52.25,0.3408203,0.7470703,-0.1904297,9.625,-59.90625,34.90625,155.0009,292.933,145.6597,134.5281,299.3606,182.3742
626.6826,-0.3388672,0.9052734,-0.4453125,45.625,179.375,-23.21875,0.6494141,1.786133,-0.4042969,-206.4375,10.3125,-52.25,0.3408203,0.7470703,-0.1904297,9.625,-59.90625,34.90625,155.0009,292.933,145.6597,133.3374,302.2281,182.2665
626.716,-0.3388672,0.9052734,-0.4453125,45.625,179.375,-23.21875,0.6494141,1.786133,-0.4042969,-206.4375,10.3125,-52.25,-0.05957031,0.8515625,-0.5957031,-0.375,15.65625,43.375,155.0009,292.933,145.6597,133.3374,302.2281,182.2665
626.7491,0.01757813,0.7792969,-0.3886719,53.6875,181.1875,-38.96875,0.6494141,1.786133,-0.4042969,-206.4375,10.3125,-52.25,-0.05957031,0.8515625,-0.5957031,-0.375,15.65625,43.375,151.6404,322.3542,176.4886,133.3374,302.2281,182.2665
626.7832,0.01757813,0.7792969,-0.3886719,53.6875,181.1875,-38.96875,-0.1884766,1.223633,-0.06054688,-20.65625,69.75,73.84375,-0.05957031,0.8515625,-0.5957031,-0.375,15.65625,43.375,151.6404,322.3542,176.4886,133.3374,302.2281,182.2665
626.8158,0.01757813,0.7792969,-0.3886719,53.6875,181.1875,-38.96875,-0.1884766,1.223633,-0.06054688,-20.65625,69.75,73.84375,-0.05957031,0.8515625,-0.5957031,-0.375,15.65625,43.375,151.6404,322.3542,176.4886,144.0466,13.09322,184.8129
626.8489,0.01757813,0.7792969,-0.3886719,53.6875,181.1875,-38.96875,0.4726563,0.8925781,0.2060547,-18.6875,84.46875,39.53125,0.7705078,0.9501953,-0.2148438,-28.46875,41,20.96875,156.7311,325.6158,183.245,144.0466,13.09322,184.8129
626.8829,-0.1640625,1.026367,-0.3701172,19.875,27.4375,-32.125,0.4726563,0.8925781,0.2060547,-18.6875,84.46875,39.53125,0.7705078,0.9501953,-0.2148438,-28.46875,41,20.96875,156.7311,325.6158,183.245,144.0466,13.09322,184.8129
626.9166,-0.1640625,1.026367,-0.3701172,19.875,27.4375,-32.125,0.4726563,0.8925781,0.2060547,-18.6875,84.46875,39.53125,0.3583984,0.9052734,-0.1669922,-12.09375,-8.625,-7.65625,156.7311,325.6158,183.245,153.4934,5.85103,194.9016
626.949,-0.1640625,1.026367,-0.3701172,19.875,27.4375,-32.125,0.4726563,0.8925781,0.2060547,-18.6875,84.46875,39.53125,0.3583984,0.9052734,-0.1669922,-12.09375,-8.625,-7.65625,156.7311,325.6158,183.245,153.4934,5.85103,194.9016
626.9822,-0.1640625,1.026367,-0.3701172,19.875,27.4375,-32.125,0.4726563,0.8925781,0.2060547,-18.6875,84.46875,39.53125,0.3583984,0.9052734,-0.1669922,-12.09375,-8.625,-7.65625,156.7311,325.6158,183.245,155.0582,5.199415,193.7295
627.0159,-0.1640625,1.026367,-0.3701172,19.875,27.4375,-32.125,0.4726563,0.8925781,0.2060547,-18.6875,84.46875,39.53125,-0.07910156,0.9912109,-0.2080078,-3.6875,30.875,-15.09375,157.1844,313.1526,177.2264,155.0582,5.199415,193.7295
627.049,-0.1640625,1.026367,-0.3701172,19.875,27.4375,-32.125,0.1269531,0.8779297,-0.01953125,-47.5,94.28125,60.46875,-0.07910156,0.9912109,-0.2080078,-3.6875,30.875,-15.09375,157.1844,313.1526,177.2264,155.0582,5.199415,193.7295
627.0828,-0.1640625,1.026367,-0.3701172,19.875,27.4375,-32.125,0.1269531,0.8779297,-0.01953125,-47.5,94.28125,60.46875,-0.07910156,0.9912109,-0.2080078,-3.6875,30.875,-15.09375,157.1844,313.1526,177.2264,155.0582,5.199415,193.7295
627.1158,-0.1640625,1.026367,-0.3701172,19.875,27.4375,-32.125,0.1269531,0.8779297,-0.01953125,-47.5,94.28125,60.46875,-0.07910156,0.9912109,-0.2080078,-3.6875,30.875,-15.09375,157.1844,313.1526,177.2264,153.3829,20.03344,184.6481
627.1492,-0.1640625,1.026367,-0.3701172,19.875,27.4375,-32.125,0.1269531,0.8779297,-0.01953125,-47.5,94.28125,60.46875,0.5195313,0.8203125,-0.359375,-18.9375,0.09375,-9.71875,157.1844,313.1526,177.2264,153.3829,20.03344,184.6481
627.183,-0.1728516,0.859375,-0.5205078,37.75,67.125,-43.21875,0.1269531,0.8779297,-0.01953125,-47.5,94.28125,60.46875,0.5195313,0.8203125,-0.359375,-18.9375,0.09375,-9.71875,157.1844,313.1526,177.2264,155.0476,45.60281,179.9961
627.2159,-0.1728516,0.859375,-0.5205078,37.75,67.125,-43.21875,0.1269531,0.8779297,-0.01953125,-47.5,94.28125,60.46875,0.1123047,0.8144531,-0.1445313,-19.84375,28.71875,-18.03125,157.1844,313.1526,177.2264,155.0476,45.60281,179.9961
627.2487,-0.1728516,0.859375,-0.5205078,37.75,67.125,-43.21875,-0.09179688,0.6259766,0.4160156,-91.6875,-14.53125,-8.1875,0.1123047,0.8144531,-0.1445313,-19.84375,28.71875,-18.03125,147.5193,321.4918,178.0653,155.0476,45.60281,179.9961
627.2868,-0.1728516,0.859375,-0.5205078,37.75,67.125,-43.21875,-0.09179688,0.6259766,0.4160156,-91.6875,-14.53125,-8.1875,0.1123047,0.8144531,-0.1445313,-19.84375,28.71875,-18.03125,147.5193,321.4918,178.0653,146.2511,39.63679,177.4911
627.3153,-0.1728516,0.859375,-0.5205078,37.75,67.125,-43.21875,-0.2373047,0.7832031,0.3730469,-103.6563,-10.03125,-27.125,0.2060547,0.9169922,-0.2158203,4.4375,-5.21875,-17.84375,136.6068,318.4598,178.9802,146.2511,39.63679,177.4911
627.3487,-0.1728516,0.859375,-0.5205078,37.75,67.125,-43.21875,-0.2373047,0.7832031,0.3730469,-103.6563,-10.03125,-27.125,0.2060547,0.9169922,-0.2158203,4.4375,-5.21875,-17.84375,136.6068,318.4598,178.9802,146.2511,39.63679,177.4911
627.3821,-0.03808594,1.047852,-0.8310547,-25.96875,2.25,-18.03125,-0.2373047,0.7832031,0.3730469,-103.6563,-10.03125,-27.125,0.2060547,0.9169922,-0.2158203,4.4375,-5.21875,-17.84375,136.6068,318.4598,178.9802,133.7015,45.24361,176.5857
627.4153,-0.03808594,1.047852,-0.8310547,-25.96875,2.25,-18.03125,-0.2373047,0.7832031,0.3730469,-103.6563,-10.03125,-27.125,0.06542969,0.8574219,-0.09667969,20.8125,23.3125,-10.5,136.6068,318.4598,178.9802,133.7015,45.24361,176.5857
627.4487,-0.03808594,1.047852,-0.8310547,-25.96875,2.25,-18.03125,-0.2373047,0.7832031,0.3730469,-103.6563,-10.03125,-27.125,0.06542969,0.8574219,-0.09667969,20.8125,23.3125,-10.5,136.6068,318.4598,178.9802,133.7015,45.24361,176.5857
627.4823,0.2607422,1.212891,-0.421875,-108.7813,23.71875,77.6875,-0.2373047,0.7832031,0.3730469,-103.6563,-10.03125,-27.125,0.06542969,0.8574219,-0.09667969,20.8125,23.3125,-10.5,136.6068,318.4598,178.9802,131.8765,45.63798,175.7497
627.5154,0.2607422,1.212891,-0.421875,-108.7813,23.71875,77.6875,-0.2373047,0.7832031,0.3730469,-103.6563,-10.03125,-27.125,0.2714844,0.8876953,-0.2880859,-12.59375,59.0625,-1.96875,136.6068,318.4598,178.9802,131.8765,45.63798,175.7497
627.5486,0.2607422,1.212891,-0.421875,-108.7813,23.71875,77.6875,-0.3916016,0.1416016,0.9628906,-85.65625,-1.96875,-20.21875,0.2714844,0.8876953,-0.2880859,-12.59375,59.0625,-1.96875,136.6068,318.4598,178.9802,131.8765,45.63798,175.7497
627.5818,0.2607422,1.212891,-0.421875,-108.7813,23.71875,77.6875,-0.3916016,0.1416016,0.9628906,-85.65625,-1.96875,-20.21875,0.2714844,0.8876953,-0.2880859,-12.59375,59.0625,-1.96875,136.6068,318.4598,178.9802,131.699,41.98313,175.8243
627.6149,0.2607422,1.212891,-0.421875,-108.7813,23.71875,77.6875,-0.3916016,0.1416016,0.9628906,-85.65625,-1.96875,-20.21875,-0.01855469,1.158203,-0.04394531,-10.8125,0.21875,-1.90625,136.6068,318.4598,178.9802,131.699,41.98313,175.8243
627.6487,0.2607422,1.212891,-0.421875,-108.7813,23.71875,77.6875,-0.3916016,0.1416016,0.9628906,-85.65625,-1.96875,-20.21875,-0.01855469,1.158203,-0.04394531,-10.8125,0.21875,-1.90625,136.6068,318.4598,178.9802,131.699,41.98313,175.8243
627.6818,0.03417969,0.8378906,-0.28125,-104.0938,-17.65625,-14.65625,-0.3916016,0.1416016,0.9628906,-85.65625,-1.96875,-20.21875,0.1005859,1.112305,0.046875,-13.03125,-10.4375,0.96875,136.6068,318.4598,178.9802,131.8012,47.87719,171.843
627.7155,0.03417969,0.8378906,-0.28125,-104.0938,-17.65625,-14.65625,-0.3916016,0.1416016,0.9628906,-85.65625,-1.96875,-20.21875,0.1005859,1.112305,0.046875,-13.03125,-10.4375,0.96875,136.6068,318.4598,178.9802,131.8012,47.87719,171.843
627.7484,0.03417969,0.8378906,-0.28125,-104.0938,-17.65625,-14.65625,-0.3916016,0.1416016,0.9628906,-85.65625,-1.96875,-20.21875,0.1005859,1.112305,0.046875,-13.03125,-10.4375,0.96875,105.2257,291.377,178.6729,131.8012,47.87719,171.843
627.7818,0.03417969,0.8378906,-0.28125,-104.0938,-17.65625,-14.65625,-0.3916016,0.1416016,0.9628906,-85.65625,-1.96875,-20.21875,0.1005859,1.112305,0.046875,-13.03125,-10.4375,0.96875,105.2257,291.377,178.6729,102.3218,76.8019,170.5499
627.8149,0.03417969,0.8378906,-0.28125,-104.0938,-17.65625,-14.65625,-0.3916016,0.1416016,0.9628906,-85.65625,-1.96875,-20.21875,0.4648438,1.007813,0.07226563,9.09375,-11.71875,-2.9375,105.2257,291.377,178.6729,102.3218,76.8019,170.5499
627.8481,0.03417969,0.8378906,-0.28125,-104.0938,-17.65625,-14.65625,-0.3916016,0.1416016,0.9628906,-85.65625,-1.96875,-20.21875,0.4648438,1.007813,0.07226563,9.09375,-11.71875,-2.9375,105.2257,291.377,178.6729,103.4397,77.59701,171.1152
627.8813,0.03417969,0.8378906,-0.28125,-104.0938,-17.65625,-14.65625,-0.3916016,0.1416016,0.9628906,-85.65625,-1.96875,-20.21875,-0.01171875,1.000977,-0.01269531,26.15625,59.625,-24.375,105.2257,291.377,178.6729,103.4397,77.59701,171.1152
627.9146,-0.05664063,1.023438,0.03222656,-39.6875,-30.46875,-18.875,-0.3916016,0.1416016,0.9628906,-85.65625,-1.96875,-20.21875,-0.01171875,1.000977,-0.01269531,26.15625,59.625,-24.375,105.2257,291.377,178.6729,103.4397,77.59701,171.1152
627.9482,-0.05664063,1.023438,0.03222656,-39.6875,-30.46875,-18.875,-0.0625,0.125,0.828125,-1.25,-3.75,4.125,-0.01171875,1.000977,-0.01269531,26.15625,59.625,-24.375,105.2257,291.377,178.6729,99.87792,78.09463,173.4312
627.9816,0.09082031,0.8779297,0.1845703,-12.21875,-32.125,-15.53125,-0.0625,0.125,0.828125,-1.25,-3.75,4.125,-0.01171875,1.000977,-0.01269531,26.15625,59.625,-24.375,105.2257,291.377,178.6729,99.87792,78.09463,173.4312
628.0147,0.09082031,0.8779297,0.1845703,-12.21875,-32.125,-15.53125,-0.0625,0.125,0.828125,-1.25,-3.75,4.125,-0.1875,0.9882813,-0.1894531,13.53125,43,-16.375,105.2257,291.377,178.6729,99.87792,78.09463,173.4312
628.0482,0.09082031,0.8779297,0.1845703,-12.21875,-32.125,-15.53125,-0.0625,0.125,0.828125,-1.25,-3.75,4.125,-0.1875,0.9882813,-0.1894531,13.53125,43,-16.375,105.2257,291.377,178.6729,96.73649,78.78102,173.3998
628.0826,0.09082031,0.8779297,0.1845703,-12.21875,-32.125,-15.53125,-0.0625,0.125,0.828125,-1.25,-3.75,4.125,-0.1875,0.9882813,-0.1894531,13.53125,43,-16.375,105.2257,291.377,178.6729,96.73649,78.78102,173.3998
628.1162,0.09082031,0.8779297,0.1845703,-12.21875,-32.125,-15.53125,-0.0625,0.125,0.828125,-1.25,-3.75,4.125,-0.09863281,0.90625,-0.009765625,-0.3125,7.625,2.375,106.0554,296.7674,169.5451,96.73649,78.78102,173.3998
628.1476,0.09082031,0.8779297,0.1845703,-12.21875,-32.125,-15.53125,0.01367188,0.4951172,0.8085938,28.3125,33.90625,-15.09375,-0.0009765625,1.014648,-0.09179688,0.34375,-15.53125,0,106.0554,296.7674,169.5451,96.64349,82.79121,164.7011
628.181,0.09082031,0.8779297,0.1845703,-12.21875,-32.125,-15.53125,0.01367188,0.4951172,0.8085938,28.3125,33.90625,-15.09375,-0.0009765625,1.014648,-0.09179688,0.34375,-15.53125,0,106.0554,296.7674,169.5451,96.64349,82.79121,164.7011
628.2148,0.09082031,0.8779297,0.1845703,-12.21875,-32.125,-15.53125,0.01367188,0.4951172,0.8085938,28.3125,33.90625,-15.09375,-0.0009765625,1.014648,-0.09179688,0.34375,-15.53125,0,106.0554,296.7674,169.5451,96.64349,82.79121,164.7011
628.2481,0.09082031,0.8779297,0.1845703,-12.21875,-32.125,-15.53125,0.01367188,0.4951172,0.8085938,28.3125,33.90625,-15.09375,0.1962891,1.104492,-0.2333984,2.4375,-5.9375,1.15625,110.4481,284.2607,164.6932,96.64349,82.79121,164.7011
628.2812,0.09082031,0.8779297,0.1845703,-12.21875,-32.125,-15.53125,-0.1035156,0.2285156,0.8222656,2.4375,8.15625,-26.25,0.1962891,1.104492,-0.2333984,2.4375,-5.9375,1.15625,110.4481,284.2607,164.6932,99.49581,72.21268,169.0741
628.3144,-0.05175781,0.7617188,-0.06738281,-2.21875,-15.28125,26.40625,-0.1035156,0.2285156,0.8222656,2.4375,8.15625,-26.25,0.1962891,1.104492,-0.2333984,2.4375,-5.9375,1.15625,110.4481,284.2607,164.6932,99.49581,72.21268,169.0741
628.3479,-0.05175781,0.7617188,-0.06738281,-2.21875,-15.28125,26.40625,-0.1035156,0.2285156,0.8222656,2.4375,8.15625,-26.25,0.1962891,1.104492,-0.2333984,2.4375,-5.9375,1.15625,110.4481,284.2607,164.6932,98.92406,74.17019,168.4005
628.3814,0.004882813,1.138672,-0.03515625,-30.40625,35.5,-3.96875,-0.1035156,0.2285156,0.8222656,2.4375,8.15625,-26.25,0.1601563,1.081055,-0.078125,-1.125,-0.0625,12.4375,110.4481,284.2607,164.6932,98.92406,74.17019,168.4005
628.415,0.004882813,1.138672,-0.03515625,-30.40625,35.5,-3.96875,-0.1035156,0.2285156,0.8222656,2.4375,8.15625,-26.25,0.1601563,1.081055,-0.078125,-1.125,-0.0625,12.4375,110.4481,284.2607,164.6932,98.92406,74.17019,168.4005
628.4479,0.004882813,1.138672,-0.03515625,-30.40625,35.5,-3.96875,-0.1035156,0.2285156,0.8222656,2.4375,8.15625,-26.25,0.2011719,1.044922,-0.203125,0.28125,-6.65625,14.625,107.1968,269.926,163.5123,95.47717,87.28761,170.1244
628.481,0.004882813,1.138672,-0.03515625,-30.40625,35.5,-3.96875,-0.1035156,0.2285156,0.8222656,2.4375,8.15625,-26.25,0.2011719,1.044922,-0.203125,0.28125,-6.65625,14.625,107.1968,269.926,163.5123,95.47717,87.28761,170.1244
628.5143,0.004882813,1.138672,-0.03515625,-30.40625,35.5,-3.96875,-0.1035156,0.2285156,0.8222656,2.4375,8.15625,-26.25,0.2011719,1.044922,-0.203125,0.28125,-6.65625,14.625,107.1968,269.926,163.5123,95.47717,87.28761,170.1244
628.5476,0.004882813,1.138672,-0.03515625,-30.40625,35.5,-3.96875,-0.1035156,0.2285156,0.8222656,2.4375,8.15625,-26.25,0.2011719,1.044922,-0.203125,0.28125,-6.65625,14.625,107.1968,269.926,163.5123,95.58687,87.77575,170.5172
628.5815,0.004882813,1.138672,-0.03515625,-30.40625,35.5,-3.96875,-0.1035156,0.2285156,0.8222656,2.4375,8.15625,-26.25,0.2412109,1.143555,-0.06152344,9.1875,-10.75,7.4375,107.1968,269.926,163.5123,95.58687,87.77575,170.5172
628.6144,0.004882813,1.138672,-0.03515625,-30.40625,35.5,-3.96875,-0.1035156,0.2285156,0.8222656,2.4375,8.15625,-26.25,0.2412109,1.143555,-0.06152344,9.1875,-10.75,7.4375,107.1968,269.926,163.5123,95.58687,87.77575,170.5172
628.6477,0.1230469,0.7822266,0.08984375,-0.4375,26.96875,11.46875,-0.1035156,0.2285156,0.8222656,2.4375,8.15625,-26.25,0.1650391,0.8115234,-0.3193359,1.75,-8.1875,5.78125,109.6878,279.523,163.3672,98.30742,87.67307,165.556
628.6806,-0.0703125,1.137695,0.1445313,2.125,-3.0625,17.125,-0.1035156,0.2285156,0.8222656,2.4375,8.15625,-26.25,0.1650391,0.8115234,-0.3193359,1.75,-8.1875,5.78125,109.6878,279.523,163.3672,98.30742,87.67307,165.556
628.7147,-0.0703125,1.137695,0.1445313,2.125,-3.0625,17.125,-0.1035156,0.2285156,0.8222656,2.4375,8.15625,-26.25,0.1650391,0.8115234,-0.3193359,1.75,-8.1875,5.78125,109.5655,284.7429,163.4726,98.30742,87.67307,165.556
628.7476,-0.0703125,1.137695,0.1445313,2.125,-3.0625,17.125,-0.1035156,0.2285156,0.8222656,2.4375,8.15625,-26.25,-0.006835938,0.9013672,-0.1074219,-3.0625,-9.90625,1.5625,109.5655,284.7429,163.4726,98.44658,88.08266,163.6052
628.7808,-0.0703125,1.137695,0.1445313,2.125,-3.0625,17.125,-0.1035156,0.2285156,0.8222656,2.4375,8.15625,-26.25,-0.006835938,0.9013672,-0.1074219,-3.0625,-9.90625,1.5625,109.5655,284.7429,163.4726,98.44658,88.08266,163.6052
628.8143,-0.0703125,1.137695,0.1445313,2.125,-3.0625,17.125,-0.1035156,0.2285156,0.8222656,2.4375,8.15625,-26.25,-0.006835938,0.9013672,-0.1074219,-3.0625,-9.90625,1.5625,109.5655,284.7429,163.4726,98.68935,88.32301,162.1872
628.8476,-0.0703125,1.137695,0.1445313,2.125,-3.0625,17.125,-0.1035156,0.2285156,0.8222656,2.4375,8.15625,-26.25,0.1972656,1.098633,-0.1923828,-1.78125,-6.5,1.03125,109.5655,284.7429,163.4726,98.68935,88.32301,162.1872
628.8811,-0.0703125,1.137695,0.1445313,2.125,-3.0625,17.125,-0.1035156,0.2285156,0.8222656,2.4375,8.15625,-26.25,0.1972656,1.098633,-0.1923828,-1.78125,-6.5,1.03125,109.5655,284.7429,163.4726,98.68935,88.32301,162.1872
628.9144,-0.07617188,0.9111328,0.07128906,1.8125,-10.875,-3.1875,-0.1035156,0.2285156,0.8222656,2.4375,8.15625,-26.25,0.1972656,1.098633,-0.1923828,-1.78125,-6.5,1.03125,109.5655,284.7429,163.4726,98.68935,88.32301,162.1872
628.9476,-0.07617188,0.9111328,0.07128906,1.8125,-10.875,-3.1875,-0.1035156,0.2285156,0.8222656,2.4375,8.15625,-26.25,0.2519531,0.9306641,-0.1796875,-0.0625,-2.34375,-1.71875,109.3056,280.534,165.7167,98.7841,89.54355,165.2239
628.9813,-0.07617188,0.9111328,0.07128906,1.8125,-10.875,-3.1875,-0.1035156,0.2285156,0.8222656,2.4375,8.15625,-26.25,0.2519531,0.9306641,-0.1796875,-0.0625,-2.34375,-1.71875,109.3056,280.534,165.7167,98.7841,89.54355,165.2239
629.0142,-0.07617188,0.9111328,0.07128906,1.8125,-10.875,-3.1875,-0.1035156,0.2285156,0.8222656,2.4375,8.15625,-26.25,0.2519531,0.9306641,-0.1796875,-0.0625,-2.34375,-1.71875,109.3056,280.534,165.7167,98.7841,89.54355,165.2239
629.0472,-0.07617188,0.9111328,0.07128906,1.8125,-10.875,-3.1875,-0.1035156,0.2285156,0.8222656,2.4375,8.15625,-26.25,0.01269531,0.8369141,-0.0703125,0.53125,-1.59375,0.09375,109.3056,280.534,165.7167,98.75062,89.67706,165.0589
629.0806,0.05957031,0.9228516,0.02636719,1.21875,-4.09375,-4.71875,-0.1035156,0.2285156,0.8222656,2.4375,8.15625,-26.25,0.01269531,0.8369141,-0.0703125,0.53125,-1.59375,0.09375,109.3056,280.534,165.7167,98.75062,89.67706,165.0589
629.1137,0.05957031,0.9228516,0.02636719,1.21875,-4.09375,-4.71875,-0.1035156,0.2285156,0.8222656,2.4375,8.15625,-26.25,0.01269531,0.8369141,-0.0703125,0.53125,-1.59375,0.09375,109.3471,281.0099,167.1092,98.94704,88.6361,166.1292
629.1467,0.05957031,0.9228516,0.02636719,1.21875,-4.09375,-4.71875,0.08300781,0.4003906,0.8876953,-1.3125,-6.65625,-7.09375,0.1767578,0.9853516,-0.2119141,0.15625,-0.1875,1.3125,109.3471,281.0099,167.1092,98.94704,88.6361,166.1292
629.1813,0.05957031,0.9228516,0.02636719,1.21875,-4.09375,-4.71875,0.08300781,0.4003906,0.8876953,-1.3125,-6.65625,-7.09375,0.1767578,0.9853516,-0.2119141,0.15625,-0.1875,1.3125,109.3471,281.0099,167.1092,98.94704,88.6361,166.1292
629.2133,0.05957031,0.9228516,0.02636719,1.21875,-4.09375,-4.71875,0.08300781,0.4003906,0.8876953,-1.3125,-6.65625,-7.09375,0.1767578,0.9853516,-0.2119141,0.15625,-0.1875,1.3125,109.3471,281.0099,167.1092,98.65364,86.66209,168.1309
629.2466,0.05957031,0.9228516,0.02636719,1.21875,-4.09375,-4.71875,-0.1884766,0.2753906,1.06543,-1.25,1.875,-7.78125,0.1445313,0.9902344,-0.1523438,-0.1875,0.65625,-0.9375,109.3471,281.0099,167.1092,98.65364,86.66209,168.1309
629.2802,0.05957031,0.9228516,0.02636719,1.21875,-4.09375,-4.71875,-0.1884766,0.2753906,1.06543,-1.25,1.875,-7.78125,0.1445313,0.9902344,-0.1523438,-0.1875,0.65625,-0.9375,109.3471,281.0099,167.1092,98.65364,86.66209,168.1309
629.3135,-0.01367188,0.9003906,0.1513672,7.5,0.40625,0.09375,-0.1884766,0.2753906,1.06543,-1.25,1.875,-7.78125,0.1152344,1.043945,-0.1914063,1.625,1.09375,-1.1875,109.3471,281.0099,167.1092,98.72402,86.14671,167.7472
