1516.002,-0.03222656,0.9677734,-0.1621094,11.15625,3.09375,4.5625,-0.3115234,0.4013672,0.8466797,0.28125,-0.25,-0.6875,-0.1728516,0.75,0.2285156,128.3438,37.65625,-47.8125,131.6766,283.0572,264.6223,219.5107,316.9044,113.2661,0.0
1516.035,-0.03222656,0.9677734,-0.1621094,11.15625,3.09375,4.5625,-0.3115234,0.4013672,0.8466797,0.28125,-0.25,-0.6875,-0.1728516,0.75,0.2285156,128.3438,37.65625,-47.8125,128.9778,278.6195,263.2088,219.5107,316.9044,113.2661,0.03333333333333333
1516.068,-0.03222656,0.9677734,-0.1621094,11.15625,3.09375,4.5625,-0.3115234,0.4013672,0.8466797,0.28125,-0.25,-0.6875,-0.1728516,0.75,0.2285156,128.3438,37.65625,-47.8125,128.9778,278.6195,263.2088,219.5107,316.9044,113.2661,0.06666666666666667
1516.102,-0.09375,0.9179688,-0.296875,-1.53125,-0.3125,6.15625,-0.3251953,0.3759766,0.8007813,-0.125,1.21875,-0.6875,-0.1728516,0.75,0.2285156,128.3438,37.65625,-47.8125,128.879,278.7604,263.1512,219.5107,316.9044,113.2661,0.1
1516.135,-0.09375,0.9179688,-0.296875,-1.53125,-0.3125,6.15625,-0.3251953,0.3759766,0.8007813,-0.125,1.21875,-0.6875,-0.1728516,0.75,0.2285156,128.3438,37.65625,-47.8125,128.879,278.7604,263.1512,219.5107,316.9044,113.2661,0.13333333333333333
1516.168,-0.09375,0.9179688,-0.296875,-1.53125,-0.3125,6.15625,-0.3251953,0.3759766,0.8007813,-0.125,1.21875,-0.6875,-0.1728516,0.75,0.2285156,128.3438,37.65625,-47.8125,128.879,278.7604,263.1512,219.5107,316.9044,113.2661,0.16666666666666666
1516.203,0.1347656,0.9677734,-0.3857422,-2.28125,-0.25,3.28125,-0.3662109,0.3623047,0.7851563,-0.9375,-0.8125,-1.34375,-0.1728516,0.75,0.2285156,128.3438,37.65625,-47.8125,128.879,278.7604,263.1512,219.5107,316.9044,113.2661,0.2
1516.235,0.1347656,0.9677734,-0.3857422,-2.28125,-0.25,3.28125,-0.3662109,0.3623047,0.7851563,-0.9375,-0.8125,-1.34375,-0.1728516,0.75,0.2285156,128.3438,37.65625,-47.8125,128.879,278.7604,263.1512,219.5107,316.9044,113.2661,0.23333333333333334
1516.267,0.1347656,0.9677734,-0.3857422,-2.28125,-0.25,3.28125,-0.3662109,0.3623047,0.7851563,-0.9375,-0.8125,-1.34375,-0.1728516,0.75,0.2285156,128.3438,37.65625,-47.8125,128.879,278.7604,263.1512,219.5107,316.9044,113.2661,0.26666666666666666
1516.301,0.1347656,0.9677734,-0.3857422,-2.28125,-0.25,3.28125,-0.3662109,0.3623047,0.7851563,-0.9375,-0.8125,-1.34375,-0.1728516,0.75,0.2285156,128.3438,37.65625,-47.8125,128.879,278.7604,263.1512,219.5107,316.9044,113.2661,0.3
1516.334,0.1347656,0.9677734,-0.3857422,-2.28125,-0.25,3.28125,-0.3662109,0.3623047,0.7851563,-0.9375,-0.8125,-1.34375,-0.1728516,0.75,0.2285156,128.3438,37.65625,-47.8125,128.879,278.7604,263.1512,219.5107,316.9044,113.2661,0.3333333333333333
1516.368,0.1347656,0.9677734,-0.3857422,-2.28125,-0.25,3.28125,-0.3662109,0.3623047,0.7851563,-0.9375,-0.8125,-1.34375,-0.1728516,0.75,0.2285156,128.3438,37.65625,-47.8125,128.879,278.7604,263.1512,219.5107,316.9044,113.2661,0.36666666666666664
1516.401,0.1347656,0.9677734,-0.3857422,-2.28125,-0.25,3.28125,-0.3662109,0.3623047,0.7851563,-0.9375,-0.8125,-1.34375,-0.1728516,0.75,0.2285156,128.3438,37.65625,-47.8125,128.879,278.7604,263.1512,219.5107,316.9044,113.2661,0.4
1516.435,0.1347656,0.9677734,-0.3857422,-2.28125,-0.25,3.28125,-0.3730469,0.421875,0.8662109,-0.4375,-0.9375,-1.59375,-0.1728516,0.75,0.2285156,128.3438,37.65625,-47.8125,128.162,277.8802,262.4237,219.5107,316.9044,113.2661,0.43333333333333335
1516.468,-0.05273438,0.9882813,-0.1943359,-5.875,2.1875,-0.5625,-0.3730469,0.421875,0.8662109,-0.4375,-0.9375,-1.59375,-0.1728516,0.75,0.2285156,128.3438,37.65625,-47.8125,128.162,277.8802,262.4237,219.5107,316.9044,113.2661,0.4666666666666667
1516.502,-0.05273438,0.9882813,-0.1943359,-5.875,2.1875,-0.5625,-0.3730469,0.421875,0.8662109,-0.4375,-0.9375,-1.59375,-0.1728516,0.75,0.2285156,128.3438,37.65625,-47.8125,128.162,277.8802,262.4237,219.5107,316.9044,113.2661,0.5
1516.55,0.1533203,1.007813,-0.2626953,-8.5,3.21875,-2.03125,-0.3056641,0.4355469,0.8222656,0.59375,0.09375,-1.0,-0.1728516,0.75,0.2285156,128.3438,37.65625,-47.8125,128.162,277.8802,262.4237,219.5107,316.9044,113.2661,0.5333333333333333
1516.567,0.1533203,1.007813,-0.2626953,-8.5,3.21875,-2.03125,-0.3056641,0.4355469,0.8222656,0.59375,0.09375,-1.0,-0.1728516,0.75,0.2285156,128.3438,37.65625,-47.8125,128.162,277.8802,262.4237,219.5107,316.9044,113.2661,0.5666666666666667
1516.601,0.1533203,1.007813,-0.2626953,-8.5,3.21875,-2.03125,-0.3056641,0.4355469,0.8222656,0.59375,0.09375,-1.0,-0.1728516,0.75,0.2285156,128.3438,37.65625,-47.8125,129.5345,280.1247,263.2316,219.5107,316.9044,113.2661,0.6
1516.634,0.1533203,1.007813,-0.2626953,-8.5,3.21875,-2.03125,-0.3056641,0.4355469,0.8222656,0.59375,0.09375,-1.0,-0.1728516,0.75,0.2285156,128.3438,37.65625,-47.8125,129.5345,280.1247,263.2316,219.5107,316.9044,113.2661,0.6333333333333333
1516.667,0.1533203,1.007813,-0.2626953,-8.5,3.21875,-2.03125,-0.3056641,0.4355469,0.8222656,0.59375,0.09375,-1.0,-0.1728516,0.75,0.2285156,128.3438,37.65625,-47.8125,129.5345,280.1247,263.2316,219.5107,316.9044,113.2661,0.6666666666666666
1516.702,0.1533203,1.007813,-0.2626953,-8.5,3.21875,-2.03125,-0.3056641,0.4355469,0.8222656,0.59375,0.09375,-1.0,-0.1728516,0.75,0.2285156,128.3438,37.65625,-47.8125,129.5345,280.1247,263.2316,219.5107,316.9044,113.2661,0.7
1516.734,0.1533203,1.007813,-0.2626953,-8.5,3.21875,-2.03125,-0.2216797,0.4482422,0.8144531,0.0,1.09375,0.34375,-0.1728516,0.75,0.2285156,128.3438,37.65625,-47.8125,129.8554,281.1805,263.6063,219.5107,316.9044,113.2661,0.7333333333333333
1516.767,0.1533203,1.007813,-0.2626953,-8.5,3.21875,-2.03125,-0.2216797,0.4482422,0.8144531,0.0,1.09375,0.34375,-0.1728516,0.75,0.2285156,128.3438,37.65625,-47.8125,129.8554,281.1805,263.6063,219.5107,316.9044,113.2661,0.7666666666666667
1516.801,0.1533203,1.007813,-0.2626953,-8.5,3.21875,-2.03125,-0.2216797,0.4482422,0.8144531,0.0,1.09375,0.34375,-0.1728516,0.75,0.2285156,128.3438,37.65625,-47.8125,129.8554,281.1805,263.6063,219.5107,316.9044,113.2661,0.8
1516.834,0.1533203,1.007813,-0.2626953,-8.5,3.21875,-2.03125,-0.2695313,0.4052734,0.9072266,-0.125,-1.96875,-2.53125,-0.1728516,0.75,0.2285156,128.3438,37.65625,-47.8125,129.8554,281.1805,263.6063,219.5107,316.9044,113.2661,0.8333333333333334
1516.867,-0.04980469,0.9765625,-0.1015625,-3.75,0.65625,-1.0,-0.2695313,0.4052734,0.9072266,-0.125,-1.96875,-2.53125,-0.1728516,0.75,0.2285156,128.3438,37.65625,-47.8125,129.8554,281.1805,263.6063,219.5107,316.9044,113.2661,0.8666666666666667
1516.902,-0.04980469,0.9765625,-0.1015625,-3.75,0.65625,-1.0,-0.2695313,0.4052734,0.9072266,-0.125,-1.96875,-2.53125,-0.1728516,0.75,0.2285156,128.3438,37.65625,-47.8125,129.8554,281.1805,263.6063,219.5107,316.9044,113.2661,0.9
1516.935,-0.001953125,1.015625,-0.1689453,-5.375,-0.8125,-1.84375,-0.2695313,0.4052734,0.9072266,-0.125,-1.96875,-2.53125,-0.1728516,0.75,0.2285156,128.3438,37.65625,-47.8125,131.0491,282.743,264.106,219.5107,316.9044,113.2661,0.9333333333333333
1516.968,-0.001953125,1.015625,-0.1689453,-5.375,-0.8125,-1.84375,-0.2695313,0.4052734,0.9072266,-0.125,-1.96875,-2.53125,-0.1728516,0.75,0.2285156,128.3438,37.65625,-47.8125,131.0491,282.743,264.106,219.5107,316.9044,113.2661,0.9666666666666667
1517.001,-0.001953125,1.015625,-0.1689453,-5.375,-0.8125,-1.84375,-0.2636719,0.4667969,0.9150391,0.28125,-1.40625,-2.75,-0.1728516,0.75,0.2285156,128.3438,37.65625,-47.8125,131.0491,282.743,264.106,219.5107,316.9044,113.2661,1.0
1517.034,-0.001953125,1.015625,-0.1689453,-5.375,-0.8125,-1.84375,-0.2636719,0.4667969,0.9150391,0.28125,-1.40625,-2.75,-0.1728516,0.75,0.2285156,128.3438,37.65625,-47.8125,131.0491,282.743,264.106,219.5107,316.9044,113.2661,1.0333333333333334
1517.067,-0.001953125,1.015625,-0.1689453,-5.375,-0.8125,-1.84375,-0.2636719,0.4667969,0.9150391,0.28125,-1.40625,-2.75,-0.1728516,0.75,0.2285156,128.3438,37.65625,-47.8125,131.3334,282.8247,264.0367,219.5107,316.9044,113.2661,1.0666666666666667
1517.102,-0.001953125,1.015625,-0.1689453,-5.375,-0.8125,-1.84375,-0.2167969,0.46875,0.8134766,0.28125,-0.3125,-0.5625,-0.1728516,0.75,0.2285156,128.3438,37.65625,-47.8125,131.3334,282.8247,264.0367,219.5107,316.9044,113.2661,1.1
1517.135,0.04785156,0.9785156,-0.1435547,2.25,0.40625,-0.625,-0.2167969,0.46875,0.8134766,0.28125,-0.3125,-0.5625,-0.1728516,0.75,0.2285156,128.3438,37.65625,-47.8125,131.3334,282.8247,264.0367,219.5107,316.9044,113.2661,1.1333333333333333
1517.167,0.04785156,0.9785156,-0.1435547,2.25,0.40625,-0.625,-0.2167969,0.46875,0.8134766,0.28125,-0.3125,-0.5625,-0.1728516,0.75,0.2285156,128.3438,37.65625,-47.8125,131.3334,282.8247,264.0367,219.5107,316.9044,113.2661,1.1666666666666667
1517.2,0.04785156,0.9785156,-0.1435547,2.25,0.40625,-0.625,-0.2167969,0.46875,0.8134766,0.28125,-0.3125,-0.5625,-0.1728516,0.75,0.2285156,128.3438,37.65625,-47.8125,131.3334,282.8247,264.0367,219.5107,316.9044,113.2661,1.2
1517.234,0.04785156,0.9785156,-0.1435547,2.25,0.40625,-0.625,-0.2167969,0.46875,0.8134766,0.28125,-0.3125,-0.5625,-0.1728516,0.75,0.2285156,128.3438,37.65625,-47.8125,131.3334,282.8247,264.0367,219.5107,316.9044,113.2661,1.2333333333333334
1517.267,0.04785156,0.9785156,-0.1435547,2.25,0.40625,-0.625,-0.2167969,0.46875,0.8134766,0.28125,-0.3125,-0.5625,-0.1728516,0.75,0.2285156,128.3438,37.65625,-47.8125,131.3334,282.8247,264.0367,219.5107,316.9044,113.2661,1.2666666666666666
1517.3,0.04785156,0.9785156,-0.1435547,2.25,0.40625,-0.625,-0.2167969,0.46875,0.8134766,0.28125,-0.3125,-0.5625,-0.1728516,0.75,0.2285156,128.3438,37.65625,-47.8125,131.3334,282.8247,264.0367,219.5107,316.9044,113.2661,1.3
1517.334,0.04785156,0.9785156,-0.1435547,2.25,0.40625,-0.625,-0.2167969,0.46875,0.8134766,0.28125,-0.3125,-0.5625,-0.1728516,0.75,0.2285156,128.3438,37.65625,-47.8125,131.3334,282.8247,264.0367,219.5107,316.9044,113.2661,1.3333333333333333
1517.366,0.04785156,0.9785156,-0.1435547,2.25,0.40625,-0.625,-0.2167969,0.46875,0.8134766,0.28125,-0.3125,-0.5625,-0.1728516,0.75,0.2285156,128.3438,37.65625,-47.8125,131.3334,282.8247,264.0367,219.5107,316.9044,113.2661,1.3666666666666667
1517.401,-0.1386719,0.9443359,-0.1162109,2.0625,2.125,-1.53125,-0.1455078,0.4355469,0.8525391,0.65625,1.5,-1.46875,-0.1728516,0.75,0.2285156,128.3438,37.65625,-47.8125,131.3334,282.8247,264.0367,219.5107,316.9044,113.2661,1.4
1517.433,0.08398438,0.8779297,-0.21875,2.3125,-1.53125,-0.5,-0.1455078,0.4355469,0.8525391,0.65625,1.5,-1.46875,-0.1728516,0.75,0.2285156,128.3438,37.65625,-47.8125,131.3334,282.8247,264.0367,219.5107,316.9044,113.2661,1.4333333333333333
1517.466,0.08398438,0.8779297,-0.21875,2.3125,-1.53125,-0.5,-0.1455078,0.4355469,0.8525391,0.65625,1.5,-1.46875,-0.1728516,0.75,0.2285156,128.3438,37.65625,-47.8125,131.3334,282.8247,264.0367,219.5107,316.9044,113.2661,1.4666666666666666
1517.5,0.08398438,0.8779297,-0.21875,2.3125,-1.53125,-0.5,-0.1455078,0.4355469,0.8525391,0.65625,1.5,-1.46875,-0.1728516,0.75,0.2285156,128.3438,37.65625,-47.8125,131.3334,282.8247,264.0367,219.5107,316.9044,113.2661,1.5
1517.533,0.08398438,0.8779297,-0.21875,2.3125,-1.53125,-0.5,-0.1455078,0.4355469,0.8525391,0.65625,1.5,-1.46875,-0.1728516,0.75,0.2285156,128.3438,37.65625,-47.8125,131.3334,282.8247,264.0367,219.5107,316.9044,113.2661,1.5333333333333334
1517.567,0.08398438,0.8779297,-0.21875,2.3125,-1.53125,-0.5,-0.1455078,0.4355469,0.8525391,0.65625,1.5,-1.46875,-0.1728516,0.75,0.2285156,128.3438,37.65625,-47.8125,131.3334,282.8247,264.0367,219.5107,316.9044,113.2661,1.5666666666666667
1517.6,0.08398438,0.8779297,-0.21875,2.3125,-1.53125,-0.5,-0.1455078,0.4355469,0.8525391,0.65625,1.5,-1.46875,-0.1728516,0.75,0.2285156,128.3438,37.65625,-47.8125,131.3334,282.8247,264.0367,219.5107,316.9044,113.2661,1.6
1517.633,0.08398438,0.8779297,-0.21875,2.3125,-1.53125,-0.5,-0.3359375,0.5136719,0.7666016,-1.125,6.875,-0.8125,-0.1728516,0.75,0.2285156,128.3438,37.65625,-47.8125,131.3334,282.8247,264.0367,219.5107,316.9044,113.2661,1.6333333333333333
1517.666,0.002929688,0.8466797,-0.2363281,2.375,-0.4375,-1.25,-0.3359375,0.5136719,0.7666016,-1.125,6.875,-0.8125,-0.1728516,0.75,0.2285156,128.3438,37.65625,-47.8125,131.3334,282.8247,264.0367,219.5107,316.9044,113.2661,1.6666666666666667
1517.7,0.002929688,0.8466797,-0.2363281,2.375,-0.4375,-1.25,-0.3359375,0.5136719,0.7666016,-1.125,6.875,-0.8125,-0.1728516,0.75,0.2285156,128.3438,37.65625,-47.8125,131.6497,282.9968,263.9947,219.5107,316.9044,113.2661,1.7
1517.733,0.002929688,0.8466797,-0.2363281,2.375,-0.4375,-1.25,-0.2431641,0.3789063,0.8388672,-1.40625,2.90625,-4.03125,-0.1728516,0.75,0.2285156,128.3438,37.65625,-47.8125,131.6497,282.9968,263.9947,219.5107,316.9044,113.2661,1.7333333333333334
1517.766,0.002929688,0.8466797,-0.2363281,2.375,-0.4375,-1.25,-0.2431641,0.3789063,0.8388672,-1.40625,2.90625,-4.03125,-0.1728516,0.75,0.2285156,128.3438,37.65625,-47.8125,131.6497,282.9968,263.9947,219.5107,316.9044,113.2661,1.7666666666666666
1517.8,0.002929688,0.8466797,-0.2363281,2.375,-0.4375,-1.25,-0.2431641,0.3789063,0.8388672,-1.40625,2.90625,-4.03125,-0.1728516,0.75,0.2285156,128.3438,37.65625,-47.8125,131.6497,282.9968,263.9947,219.5107,316.9044,113.2661,1.8
1517.833,0.002929688,0.8466797,-0.2363281,2.375,-0.4375,-1.25,-0.2431641,0.3789063,0.8388672,-1.40625,2.90625,-4.03125,-0.1728516,0.75,0.2285156,128.3438,37.65625,-47.8125,131.6497,282.9968,263.9947,219.5107,316.9044,113.2661,1.8333333333333333
1517.866,-0.01855469,0.8974609,-0.2431641,4.0625,-0.25,0.28125,-0.2431641,0.3789063,0.8388672,-1.40625,2.90625,-4.03125,-0.1728516,0.75,0.2285156,128.3438,37.65625,-47.8125,131.6497,282.9968,263.9947,219.5107,316.9044,113.2661,1.8666666666666667
1517.9,-0.01855469,0.8974609,-0.2431641,4.0625,-0.25,0.28125,-0.2431641,0.3789063,0.8388672,-1.40625,2.90625,-4.03125,-0.1728516,0.75,0.2285156,128.3438,37.65625,-47.8125,131.6497,282.9968,263.9947,219.5107,316.9044,113.2661,1.9
1517.934,-0.01855469,0.8974609,-0.2431641,4.0625,-0.25,0.28125,-0.2431641,0.3789063,0.8388672,-1.40625,2.90625,-4.03125,-0.1728516,0.75,0.2285156,128.3438,37.65625,-47.8125,131.6497,282.9968,263.9947,219.5107,316.9044,113.2661,1.9333333333333333
1517.967,-0.01855469,0.8974609,-0.2431641,4.0625,-0.25,0.28125,-0.3486328,0.5283203,0.8388672,-1.46875,7.75,-1.96875,-0.1728516,0.75,0.2285156,128.3438,37.65625,-47.8125,131.6497,282.9968,263.9947,219.5107,316.9044,113.2661,1.9666666666666666
1518.004,-0.01855469,0.8974609,-0.2431641,4.0625,-0.25,0.28125,-0.3486328,0.5283203,0.8388672,-1.46875,7.75,-1.96875,-0.1728516,0.75,0.2285156,128.3438,37.65625,-47.8125,131.6497,282.9968,263.9947,219.5107,316.9044,113.2661,2.0
1518.034,-0.01855469,0.8974609,-0.2431641,4.0625,-0.25,0.28125,-0.3486328,0.5283203,0.8388672,-1.46875,7.75,-1.96875,-0.1728516,0.75,0.2285156,128.3438,37.65625,-47.8125,131.6497,282.9968,263.9947,219.5107,316.9044,113.2661,2.033333333333333
1518.066,-0.01855469,0.8974609,-0.2431641,4.0625,-0.25,0.28125,-0.3486328,0.5283203,0.8388672,-1.46875,7.75,-1.96875,-0.1728516,0.75,0.2285156,128.3438,37.65625,-47.8125,131.6497,282.9968,263.9947,219.5107,316.9044,113.2661,2.066666666666667
1518.099,-0.01855469,0.8974609,-0.2431641,4.0625,-0.25,0.28125,-0.2001953,0.4091797,0.9326172,-0.5625,-2.625,-0.8125,-0.1728516,0.75,0.2285156,128.3438,37.65625,-47.8125,130.1732,280.0692,262.5452,219.5107,316.9044,113.2661,2.1
1518.133,-0.01855469,0.8974609,-0.2431641,4.0625,-0.25,0.28125,-0.2998047,0.4101563,0.8076172,0.40625,2.3125,1.4375,-0.1728516,0.75,0.2285156,128.3438,37.65625,-47.8125,130.1732,280.0692,262.5452,219.5107,316.9044,113.2661,2.1333333333333333
1518.166,0.03125,0.8632813,-0.2431641,0.53125,-0.5,1.9375,-0.2998047,0.4101563,0.8076172,0.40625,2.3125,1.4375,-0.1728516,0.75,0.2285156,128.3438,37.65625,-47.8125,130.1732,280.0692,262.5452,219.5107,316.9044,113.2661,2.1666666666666665
1518.199,0.03125,0.8632813,-0.2431641,0.53125,-0.5,1.9375,-0.2998047,0.4101563,0.8076172,0.40625,2.3125,1.4375,-0.1728516,0.75,0.2285156,128.3438,37.65625,-47.8125,130.1732,280.0692,262.5452,219.5107,316.9044,113.2661,2.2
1518.233,0.03125,0.8632813,-0.2431641,0.53125,-0.5,1.9375,-0.2998047,0.4101563,0.8076172,0.40625,2.3125,1.4375,-0.1728516,0.75,0.2285156,128.3438,37.65625,-47.8125,130.1732,280.0692,262.5452,219.5107,316.9044,113.2661,2.2333333333333334
1518.266,0.03125,0.8632813,-0.2431641,0.53125,-0.5,1.9375,-0.2998047,0.4101563,0.8076172,0.40625,2.3125,1.4375,-0.1728516,0.75,0.2285156,128.3438,37.65625,-47.8125,129.9824,280.1516,262.7273,219.5107,316.9044,113.2661,2.2666666666666666
1518.3,0.03125,0.8632813,-0.2431641,0.53125,-0.5,1.9375,-0.2998047,0.4101563,0.8076172,0.40625,2.3125,1.4375,-0.1728516,0.75,0.2285156,128.3438,37.65625,-47.8125,129.9824,280.1516,262.7273,219.5107,316.9044,113.2661,2.3
1518.333,0.03125,0.8632813,-0.2431641,0.53125,-0.5,1.9375,-0.2822266,0.3359375,0.8291016,-0.375,-3.3125,0.78125,-0.1728516,0.75,0.2285156,128.3438,37.65625,-47.8125,129.9824,280.1516,262.7273,219.5107,316.9044,113.2661,2.3333333333333335
1518.366,0.1542969,0.8486328,-0.02636719,0.21875,-0.8125,2.0,-0.2822266,0.3359375,0.8291016,-0.375,-3.3125,0.78125,-0.1728516,0.75,0.2285156,128.3438,37.65625,-47.8125,129.7797,280.2414,262.5993,219.5107,316.9044,113.2661,2.3666666666666667
1518.399,0.1542969,0.8486328,-0.02636719,0.21875,-0.8125,2.0,-0.2822266,0.3359375,0.8291016,-0.375,-3.3125,0.78125,-0.1728516,0.75,0.2285156,128.3438,37.65625,-47.8125,129.7797,280.2414,262.5993,219.5107,316.9044,113.2661,2.4
1518.432,-0.1240234,1.025391,-0.1542969,-6.59375,1.5,-0.625,-0.2988281,0.3417969,0.7939453,-0.25,-0.5,1.3125,-0.1728516,0.75,0.2285156,128.3438,37.65625,-47.8125,129.7797,280.2414,262.5993,219.5107,316.9044,113.2661,2.433333333333333
1518.465,-0.1240234,1.025391,-0.1542969,-6.59375,1.5,-0.625,-0.2988281,0.3417969,0.7939453,-0.25,-0.5,1.3125,-0.1728516,0.75,0.2285156,128.3438,37.65625,-47.8125,129.7797,280.2414,262.5993,219.5107,316.9044,113.2661,2.466666666666667
1518.5,-0.1240234,1.025391,-0.1542969,-6.59375,1.5,-0.625,-0.2988281,0.3417969,0.7939453,-0.25,-0.5,1.3125,-0.1728516,0.75,0.2285156,128.3438,37.65625,-47.8125,129.7797,280.2414,262.5993,219.5107,316.9044,113.2661,2.5
1518.532,-0.1240234,1.025391,-0.1542969,-6.59375,1.5,-0.625,-0.2988281,0.3417969,0.7939453,-0.25,-0.5,1.3125,-0.1728516,0.75,0.2285156,128.3438,37.65625,-47.8125,130.1042,280.7205,262.8608,219.5107,316.9044,113.2661,2.533333333333333
1518.566,-0.1240234,1.025391,-0.1542969,-6.59375,1.5,-0.625,-0.2988281,0.3417969,0.7939453,-0.25,-0.5,1.3125,-0.1728516,0.75,0.2285156,128.3438,37.65625,-47.8125,130.1042,280.7205,262.8608,219.5107,316.9044,113.2661,2.566666666666667
1518.599,-0.1240234,1.025391,-0.1542969,-6.59375,1.5,-0.625,-0.2988281,0.3417969,0.7939453,-0.25,-0.5,1.3125,-0.1728516,0.75,0.2285156,128.3438,37.65625,-47.8125,130.1042,280.7205,262.8608,219.5107,316.9044,113.2661,2.6
1518.633,0.03222656,0.9638672,-0.2099609,-3.8125,-0.3125,-2.21875,-0.2988281,0.3417969,0.7939453,-0.25,-0.5,1.3125,-0.1728516,0.75,0.2285156,128.3438,37.65625,-47.8125,129.9971,280.6541,262.7064,219.5107,316.9044,113.2661,2.6333333333333333
1518.666,0.03222656,0.9638672,-0.2099609,-3.8125,-0.3125,-2.21875,-0.2988281,0.3417969,0.7939453,-0.25,-0.5,1.3125,-0.1728516,0.75,0.2285156,128.3438,37.65625,-47.8125,129.9971,280.6541,262.7064,219.5107,316.9044,113.2661,2.6666666666666665
1518.699,0.03222656,0.9638672,-0.2099609,-3.8125,-0.3125,-2.21875,-0.2089844,0.4267578,0.796875,0.34375,0.0,0.09375,-0.1728516,0.75,0.2285156,128.3438,37.65625,-47.8125,129.9971,280.6541,262.7064,219.5107,316.9044,113.2661,2.7
1518.732,0.03222656,0.9638672,-0.2099609,-3.8125,-0.3125,-2.21875,-0.2089844,0.4267578,0.796875,0.34375,0.0,0.09375,-0.1728516,0.75,0.2285156,128.3438,37.65625,-47.8125,129.9971,280.6541,262.7064,219.5107,316.9044,113.2661,2.7333333333333334
1518.766,0.03222656,0.9638672,-0.2099609,-3.8125,-0.3125,-2.21875,-0.2089844,0.4267578,0.796875,0.34375,0.0,0.09375,-0.1728516,0.75,0.2285156,128.3438,37.65625,-47.8125,129.9971,280.6541,262.7064,219.5107,316.9044,113.2661,2.7666666666666666
1518.8,0.03222656,0.9638672,-0.2099609,-3.8125,-0.3125,-2.21875,-0.2089844,0.4267578,0.796875,0.34375,0.0,0.09375,-0.1728516,0.75,0.2285156,128.3438,37.65625,-47.8125,129.9971,280.6541,262.7064,219.5107,316.9044,113.2661,2.8
1518.833,-0.006835938,0.8867188,-0.2900391,0.09375,1.375,-0.375,-0.2089844,0.4267578,0.796875,0.34375,0.0,0.09375,-0.1728516,0.75,0.2285156,128.3438,37.65625,-47.8125,129.6637,280.5325,262.6024,219.5107,316.9044,113.2661,2.8333333333333335
1518.866,-0.006835938,0.8867188,-0.2900391,0.09375,1.375,-0.375,-0.2089844,0.4267578,0.796875,0.34375,0.0,0.09375,-0.1728516,0.75,0.2285156,128.3438,37.65625,-47.8125,129.6637,280.5325,262.6024,219.5107,316.9044,113.2661,2.8666666666666667
1518.899,-0.006835938,0.8867188,-0.2900391,0.09375,1.375,-0.375,-0.2089844,0.4267578,0.796875,0.34375,0.0,0.09375,-0.1728516,0.75,0.2285156,128.3438,37.65625,-47.8125,129.6637,280.5325,262.6024,219.5107,316.9044,113.2661,2.9
1518.932,-0.006835938,0.8867188,-0.2900391,0.09375,1.375,-0.375,-0.2675781,0.5439453,0.8417969,-2.34375,-8.0,-0.1875,-0.1728516,0.75,0.2285156,128.3438,37.65625,-47.8125,129.9201,280.5725,262.6942,219.5107,316.9044,113.2661,2.933333333333333
1518.965,-0.006835938,0.8867188,-0.2900391,0.09375,1.375,-0.375,-0.2675781,0.5439453,0.8417969,-2.34375,-8.0,-0.1875,-0.1728516,0.75,0.2285156,128.3438,37.65625,-47.8125,129.9201,280.5725,262.6942,219.5107,316.9044,113.2661,2.966666666666667
1518.999,-0.006835938,0.8867188,-0.2900391,0.09375,1.375,-0.375,-0.2675781,0.5439453,0.8417969,-2.34375,-8.0,-0.1875,-0.1728516,0.75,0.2285156,128.3438,37.65625,-47.8125,129.9201,280.5725,262.6942,219.5107,316.9044,113.2661,3.0
1519.033,-0.006835938,0.8867188,-0.2900391,0.09375,1.375,-0.375,-0.2675781,0.5439453,0.8417969,-2.34375,-8.0,-0.1875,-0.1728516,0.75,0.2285156,128.3438,37.65625,-47.8125,129.9201,280.5725,262.6942,219.5107,316.9044,113.2661,3.033333333333333
1519.065,-0.08984375,0.8173828,-0.1582031,65.21875,-5.15625,7.90625,-0.2646484,0.453125,0.9042969,0.34375,-5.4375,-0.3125,-0.1728516,0.75,0.2285156,128.3438,37.65625,-47.8125,129.9201,280.5725,262.6942,219.5107,316.9044,113.2661,3.066666666666667
1519.099,-0.08984375,0.8173828,-0.1582031,65.21875,-5.15625,7.90625,-0.2646484,0.453125,0.9042969,0.34375,-5.4375,-0.3125,-0.1728516,0.75,0.2285156,128.3438,37.65625,-47.8125,129.9201,280.5725,262.6942,219.5107,316.9044,113.2661,3.1
1519.132,-0.08984375,0.8173828,-0.1582031,65.21875,-5.15625,7.90625,-0.2646484,0.453125,0.9042969,0.34375,-5.4375,-0.3125,-0.1728516,0.75,0.2285156,128.3438,37.65625,-47.8125,129.9201,280.5725,262.6942,219.5107,316.9044,113.2661,3.1333333333333333
1519.166,-0.08984375,0.8173828,-0.1582031,65.21875,-5.15625,7.90625,-0.2646484,0.453125,0.9042969,0.34375,-5.4375,-0.3125,-0.1728516,0.75,0.2285156,128.3438,37.65625,-47.8125,128.591,279.7684,261.9264,219.5107,316.9044,113.2661,3.1666666666666665
1519.2,-0.08984375,0.8173828,-0.1582031,65.21875,-5.15625,7.90625,-0.2646484,0.453125,0.9042969,0.34375,-5.4375,-0.3125,-0.1728516,0.75,0.2285156,128.3438,37.65625,-47.8125,128.591,279.7684,261.9264,219.5107,316.9044,113.2661,3.2
1519.232,-0.08984375,0.8173828,-0.1582031,65.21875,-5.15625,7.90625,0.03027344,0.1376953,1.03125,68.53125,16.46875,23.375,-0.1728516,0.75,0.2285156,128.3438,37.65625,-47.8125,128.591,279.7684,261.9264,219.5107,316.9044,113.2661,3.2333333333333334
1519.265,-0.08984375,0.8173828,-0.1582031,65.21875,-5.15625,7.90625,0.03027344,0.1376953,1.03125,68.53125,16.46875,23.375,-0.1728516,0.75,0.2285156,128.3438,37.65625,-47.8125,128.591,279.7684,261.9264,219.5107,316.9044,113.2661,3.2666666666666666
1519.298,-0.08984375,0.8173828,-0.1582031,65.21875,-5.15625,7.90625,0.03027344,0.1376953,1.03125,68.53125,16.46875,23.375,-0.1728516,0.75,0.2285156,128.3438,37.65625,-47.8125,128.591,279.7684,261.9264,219.5107,316.9044,113.2661,3.3
1519.332,-0.08984375,0.8173828,-0.1582031,65.21875,-5.15625,7.90625,0.03027344,0.1376953,1.03125,68.53125,16.46875,23.375,-0.1728516,0.75,0.2285156,128.3438,37.65625,-47.8125,128.591,279.7684,261.9264,219.5107,316.9044,113.2661,3.3333333333333335
1519.365,0.06542969,0.9404297,-0.9814453,-25.78125,5.34375,-11.1875,-0.7236328,0.3632813,0.7988281,68.71875,3.03125,38.625,-0.1728516,0.75,0.2285156,128.3438,37.65625,-47.8125,128.591,279.7684,261.9264,219.5107,316.9044,113.2661,3.3666666666666667
1519.398,0.06542969,0.9404297,-0.9814453,-25.78125,5.34375,-11.1875,-0.7236328,0.3632813,0.7988281,68.71875,3.03125,38.625,-0.1728516,0.75,0.2285156,128.3438,37.65625,-47.8125,128.591,279.7684,261.9264,219.5107,316.9044,113.2661,3.4
1519.432,0.015625,1.407227,-0.6240234,-77.53125,28.125,-26.9375,-0.7236328,0.3632813,0.7988281,68.71875,3.03125,38.625,-0.1728516,0.75,0.2285156,128.3438,37.65625,-47.8125,128.591,279.7684,261.9264,219.5107,316.9044,113.2661,3.433333333333333
1519.465,0.015625,1.407227,-0.6240234,-77.53125,28.125,-26.9375,-0.7236328,0.3632813,0.7988281,68.71875,3.03125,38.625,-0.1728516,0.75,0.2285156,128.3438,37.65625,-47.8125,105.2672,242.233,242.3343,219.5107,316.9044,113.2661,3.466666666666667
1519.498,0.015625,1.407227,-0.6240234,-77.53125,28.125,-26.9375,-0.7236328,0.3632813,0.7988281,68.71875,3.03125,38.625,-0.1728516,0.75,0.2285156,128.3438,37.65625,-47.8125,105.2672,242.233,242.3343,219.5107,316.9044,113.2661,3.5
1519.532,0.2050781,0.7216797,-0.2929688,-65.875,2.0,-12.21875,-0.7236328,0.3632813,0.7988281,68.71875,3.03125,38.625,-0.1728516,0.75,0.2285156,128.3438,37.65625,-47.8125,105.2672,242.233,242.3343,219.5107,316.9044,113.2661,3.533333333333333
1519.565,0.2050781,0.7216797,-0.2929688,-65.875,2.0,-12.21875,-0.3925781,1.041992,0.05761719,140.375,8.71875,14.6875,-0.1728516,0.75,0.2285156,128.3438,37.65625,-47.8125,100.9198,226.2074,233.4277,219.5107,316.9044,113.2661,3.566666666666667
1519.598,-0.05761719,0.1455078,-0.2167969,-87.40625,20.375,-9.15625,-0.3925781,1.041992,0.05761719,140.375,8.71875,14.6875,-0.1728516,0.75,0.2285156,128.3438,37.65625,-47.8125,100.9198,226.2074,233.4277,219.5107,316.9044,113.2661,3.6
1519.632,-0.05761719,0.1455078,-0.2167969,-87.40625,20.375,-9.15625,-0.3925781,1.041992,0.05761719,140.375,8.71875,14.6875,-0.1728516,0.75,0.2285156,128.3438,37.65625,-47.8125,100.9198,226.2074,233.4277,219.5107,316.9044,113.2661,3.6333333333333333
1519.665,-0.05761719,0.1455078,-0.2167969,-87.40625,20.375,-9.15625,-0.3925781,1.041992,0.05761719,140.375,8.71875,14.6875,-0.1728516,0.75,0.2285156,128.3438,37.65625,-47.8125,100.9198,226.2074,233.4277,219.5107,316.9044,113.2661,3.6666666666666665
1519.698,-0.05761719,0.1455078,-0.2167969,-87.40625,20.375,-9.15625,-0.3925781,1.041992,0.05761719,140.375,8.71875,14.6875,-0.1728516,0.75,0.2285156,128.3438,37.65625,-47.8125,100.9198,226.2074,233.4277,219.5107,316.9044,113.2661,3.7
1519.732,-0.05761719,0.1455078,-0.2167969,-87.40625,20.375,-9.15625,-0.3925781,1.041992,0.05761719,140.375,8.71875,14.6875,-0.1728516,0.75,0.2285156,128.3438,37.65625,-47.8125,100.9198,226.2074,233.4277,219.5107,316.9044,113.2661,3.7333333333333334
1519.764,-0.05761719,0.1455078,-0.2167969,-87.40625,20.375,-9.15625,-0.3925781,1.041992,0.05761719,140.375,8.71875,14.6875,-0.1728516,0.75,0.2285156,128.3438,37.65625,-47.8125,109.8473,221.1562,231.0912,219.5107,316.9044,113.2661,3.7666666666666666
1519.798,-0.05761719,0.1455078,-0.2167969,-87.40625,20.375,-9.15625,-0.1582031,0.8222656,-0.1445313,-79.0,20.0,7.4375,-0.1728516,0.75,0.2285156,128.3438,37.65625,-47.8125,109.8473,221.1562,231.0912,219.5107,316.9044,113.2661,3.8
1519.832,0.1884766,0.59375,-0.5517578,79.21875,-6.25,24.53125,-0.1582031,0.8222656,-0.1445313,-79.0,20.0,7.4375,-0.1728516,0.75,0.2285156,128.3438,37.65625,-47.8125,109.8473,221.1562,231.0912,219.5107,316.9044,113.2661,3.8333333333333335
1519.864,0.1884766,0.59375,-0.5517578,79.21875,-6.25,24.53125,-0.1582031,0.8222656,-0.1445313,-79.0,20.0,7.4375,-0.1728516,0.75,0.2285156,128.3438,37.65625,-47.8125,109.8473,221.1562,231.0912,219.5107,316.9044,113.2661,3.8666666666666667
1519.898,-0.1630859,0.8007813,-0.4257813,101.0625,13.53125,9.75,-0.1582031,0.8222656,-0.1445313,-79.0,20.0,7.4375,-0.1728516,0.75,0.2285156,128.3438,37.65625,-47.8125,109.8473,221.1562,231.0912,219.5107,316.9044,113.2661,3.9
1519.931,-0.1630859,0.8007813,-0.4257813,101.0625,13.53125,9.75,-0.1582031,0.8222656,-0.1445313,-79.0,20.0,7.4375,-0.1728516,0.75,0.2285156,128.3438,37.65625,-47.8125,111.3488,227.8929,238.7053,219.5107,316.9044,113.2661,3.933333333333333
1519.965,-0.1630859,0.8007813,-0.4257813,101.0625,13.53125,9.75,-0.1582031,0.8222656,-0.1445313,-79.0,20.0,7.4375,-0.1728516,0.75,0.2285156,128.3438,37.65625,-47.8125,111.3488,227.8929,238.7053,219.5107,316.9044,113.2661,3.966666666666667
1519.998,-0.1630859,0.8007813,-0.4257813,101.0625,13.53125,9.75,-0.1582031,0.8222656,-0.1445313,-79.0,20.0,7.4375,-0.1728516,0.75,0.2285156,128.3438,37.65625,-47.8125,111.3488,227.8929,238.7053,219.5107,316.9044,113.2661,4.0
1520.032,-0.1630859,0.8007813,-0.4257813,101.0625,13.53125,9.75,-0.3173828,0.9111328,0.5019531,-90.71875,38.125,-14.65625,-0.1728516,0.75,0.2285156,128.3438,37.65625,-47.8125,112.8177,239.2681,245.5914,219.5107,316.9044,113.2661,4.033333333333333
1520.065,-0.1630859,0.8007813,-0.4257813,101.0625,13.53125,9.75,-0.3173828,0.9111328,0.5019531,-90.71875,38.125,-14.65625,-0.1728516,0.75,0.2285156,128.3438,37.65625,-47.8125,112.8177,239.2681,245.5914,219.5107,316.9044,113.2661,4.066666666666666
1520.098,-0.1630859,0.8007813,-0.4257813,101.0625,13.53125,9.75,-0.3173828,0.9111328,0.5019531,-90.71875,38.125,-14.65625,-0.1728516,0.75,0.2285156,128.3438,37.65625,-47.8125,112.8177,239.2681,245.5914,219.5107,316.9044,113.2661,4.1
1520.132,-0.1630859,0.8007813,-0.4257813,101.0625,13.53125,9.75,-0.3173828,0.9111328,0.5019531,-90.71875,38.125,-14.65625,-0.1728516,0.75,0.2285156,128.3438,37.65625,-47.8125,112.8177,239.2681,245.5914,219.5107,316.9044,113.2661,4.133333333333334
1520.165,-0.1630859,0.8007813,-0.4257813,101.0625,13.53125,9.75,-0.3173828,0.9111328,0.5019531,-90.71875,38.125,-14.65625,-0.1728516,0.75,0.2285156,128.3438,37.65625,-47.8125,112.8177,239.2681,245.5914,219.5107,316.9044,113.2661,4.166666666666667
1520.199,-0.1630859,0.8007813,-0.4257813,101.0625,13.53125,9.75,-0.3173828,0.9111328,0.5019531,-90.71875,38.125,-14.65625,-0.1728516,0.75,0.2285156,128.3438,37.65625,-47.8125,112.8177,239.2681,245.5914,219.5107,316.9044,113.2661,4.2
1520.24,-0.1630859,0.8007813,-0.4257813,101.0625,13.53125,9.75,0.005859375,0.6796875,0.6943359,-77.15625,-19.4375,-27.78125,-0.1728516,0.75,0.2285156,128.3438,37.65625,-47.8125,98.07323,221.4845,233.3938,219.5107,316.9044,113.2661,4.233333333333333
1520.267,-0.1630859,0.8007813,-0.4257813,101.0625,13.53125,9.75,0.005859375,0.6796875,0.6943359,-77.15625,-19.4375,-27.78125,-0.1728516,0.75,0.2285156,128.3438,37.65625,-47.8125,98.07323,221.4845,233.3938,219.5107,316.9044,113.2661,4.266666666666667
1520.299,-0.1630859,0.8007813,-0.4257813,101.0625,13.53125,9.75,0.005859375,0.6796875,0.6943359,-77.15625,-19.4375,-27.78125,-0.1728516,0.75,0.2285156,128.3438,37.65625,-47.8125,98.07323,221.4845,233.3938,219.5107,316.9044,113.2661,4.3
1520.331,-0.1630859,0.8007813,-0.4257813,101.0625,13.53125,9.75,0.005859375,0.6796875,0.6943359,-77.15625,-19.4375,-27.78125,-0.1728516,0.75,0.2285156,128.3438,37.65625,-47.8125,98.07323,221.4845,233.3938,219.5107,316.9044,113.2661,4.333333333333333
1520.364,-0.1630859,0.8007813,-0.4257813,101.0625,13.53125,9.75,0.005859375,0.6796875,0.6943359,-77.15625,-19.4375,-27.78125,-0.1728516,0.75,0.2285156,128.3438,37.65625,-47.8125,98.07323,221.4845,233.3938,219.5107,316.9044,113.2661,4.366666666666666
1520.398,0.2314453,0.5683594,-0.8496094,-46.34375,-9.40625,10.40625,0.005859375,0.6796875,0.6943359,-77.15625,-19.4375,-27.78125,-0.1728516,0.75,0.2285156,128.3438,37.65625,-47.8125,98.07323,221.4845,233.3938,219.5107,316.9044,113.2661,4.4
1520.431,0.2314453,0.5683594,-0.8496094,-46.34375,-9.40625,10.40625,-0.2568359,0.5908203,0.8583984,-37.5625,-6.1875,-7.40625,-0.1728516,0.75,0.2285156,128.3438,37.65625,-47.8125,100.8374,238.5395,241.6134,219.5107,316.9044,113.2661,4.433333333333334
1520.464,0.2314453,0.5683594,-0.8496094,-46.34375,-9.40625,10.40625,-0.2568359,0.5908203,0.8583984,-37.5625,-6.1875,-7.40625,-0.1728516,0.75,0.2285156,128.3438,37.65625,-47.8125,100.8374,238.5395,241.6134,219.5107,316.9044,113.2661,4.466666666666667
1520.497,0.08203125,0.6660156,-0.6640625,-50.78125,4.8125,10.71875,-0.2568359,0.5908203,0.8583984,-37.5625,-6.1875,-7.40625,-0.1728516,0.75,0.2285156,128.3438,37.65625,-47.8125,100.8374,238.5395,241.6134,219.5107,316.9044,113.2661,4.5
1520.531,0.08203125,0.6660156,-0.6640625,-50.78125,4.8125,10.71875,-0.2568359,0.5908203,0.8583984,-37.5625,-6.1875,-7.40625,-0.1728516,0.75,0.2285156,128.3438,37.65625,-47.8125,100.8374,238.5395,241.6134,219.5107,316.9044,113.2661,4.533333333333333
1520.564,0.08203125,0.6660156,-0.6640625,-50.78125,4.8125,10.71875,-0.2568359,0.5908203,0.8583984,-37.5625,-6.1875,-7.40625,-0.1728516,0.75,0.2285156,128.3438,37.65625,-47.8125,100.8374,238.5395,241.6134,219.5107,316.9044,113.2661,4.566666666666666
1520.597,0.06054688,0.8212891,-0.3535156,1.6875,-4.15625,13.0,-0.2568359,0.5908203,0.8583984,-37.5625,-6.1875,-7.40625,-0.1728516,0.75,0.2285156,128.3438,37.65625,-47.8125,100.8374,238.5395,241.6134,219.5107,316.9044,113.2661,4.6
1520.63,0.06054688,0.8212891,-0.3535156,1.6875,-4.15625,13.0,-0.2568359,0.5908203,0.8583984,-37.5625,-6.1875,-7.40625,-0.1728516,0.75,0.2285156,128.3438,37.65625,-47.8125,100.8374,238.5395,241.6134,219.5107,316.9044,113.2661,4.633333333333334
1520.664,0.06054688,0.8212891,-0.3535156,1.6875,-4.15625,13.0,-0.2568359,0.5908203,0.8583984,-37.5625,-6.1875,-7.40625,-0.1728516,0.75,0.2285156,128.3438,37.65625,-47.8125,100.8374,238.5395,241.6134,219.5107,316.9044,113.2661,4.666666666666667
1520.697,0.09277344,0.6494141,-0.3125,10.46875,-6.4375,2.1875,-0.2568359,0.5908203,0.8583984,-37.5625,-6.1875,-7.40625,-0.1728516,0.75,0.2285156,128.3438,37.65625,-47.8125,107.3195,253.5463,249.9086,219.5107,316.9044,113.2661,4.7
1520.731,0.09277344,0.6494141,-0.3125,10.46875,-6.4375,2.1875,-0.2568359,0.5908203,0.8583984,-37.5625,-6.1875,-7.40625,-0.1728516,0.75,0.2285156,128.3438,37.65625,-47.8125,107.3195,253.5463,249.9086,219.5107,316.9044,113.2661,4.733333333333333
1520.764,0.1962891,0.8837891,-0.6269531,25.0,-1.1875,-5.5,-0.2568359,0.5908203,0.8583984,-37.5625,-6.1875,-7.40625,-0.1728516,0.75,0.2285156,128.3438,37.65625,-47.8125,107.3195,253.5463,249.9086,219.5107,316.9044,113.2661,4.766666666666667
1520.797,0.1962891,0.8837891,-0.6269531,25.0,-1.1875,-5.5,0.008789063,0.4101563,0.7460938,12.6875,-5.8125,-2.625,-0.1728516,0.75,0.2285156,128.3438,37.65625,-47.8125,106.7207,254.0914,249.52,219.5107,316.9044,113.2661,4.8
1520.83,0.1962891,0.8837891,-0.6269531,25.0,-1.1875,-5.5,0.008789063,0.4101563,0.7460938,12.6875,-5.8125,-2.625,-0.1728516,0.75,0.2285156,128.3438,37.65625,-47.8125,106.7207,254.0914,249.52,219.5107,316.9044,113.2661,4.833333333333333
1520.864,0.1962891,0.8837891,-0.6269531,25.0,-1.1875,-5.5,0.008789063,0.4101563,0.7460938,12.6875,-5.8125,-2.625,-0.1728516,0.75,0.2285156,128.3438,37.65625,-47.8125,106.7207,254.0914,249.52,219.5107,316.9044,113.2661,4.866666666666666
1520.897,0.1962891,0.8837891,-0.6269531,25.0,-1.1875,-5.5,0.008789063,0.4101563,0.7460938,12.6875,-5.8125,-2.625,-0.1728516,0.75,0.2285156,128.3438,37.65625,-47.8125,106.7207,254.0914,249.52,219.5107,316.9044,113.2661,4.9
1520.931,0.1962891,0.8837891,-0.6269531,25.0,-1.1875,-5.5,0.008789063,0.4101563,0.7460938,12.6875,-5.8125,-2.625,-0.1728516,0.75,0.2285156,128.3438,37.65625,-47.8125,106.7207,254.0914,249.52,219.5107,316.9044,113.2661,4.933333333333334
1520.964,0.1962891,0.8837891,-0.6269531,25.0,-1.1875,-5.5,0.008789063,0.4101563,0.7460938,12.6875,-5.8125,-2.625,-0.1728516,0.75,0.2285156,128.3438,37.65625,-47.8125,105.862,249.8312,248.544,219.5107,316.9044,113.2661,4.966666666666667
1520.997,0.1962891,0.8837891,-0.6269531,25.0,-1.1875,-5.5,0.008789063,0.4101563,0.7460938,12.6875,-5.8125,-2.625,-0.1728516,0.75,0.2285156,128.3438,37.65625,-47.8125,105.862,249.8312,248.544,219.5107,316.9044,113.2661,5.0
1521.031,0.05078125,1.091797,-0.5742188,-45.1875,3.03125,-14.71875,0.008789063,0.4101563,0.7460938,12.6875,-5.8125,-2.625,-0.1728516,0.75,0.2285156,128.3438,37.65625,-47.8125,105.862,249.8312,248.544,219.5107,316.9044,113.2661,5.033333333333333
1521.064,0.07421875,0.7773438,-0.6230469,-44.625,-4.28125,0.34375,-0.2880859,0.6376953,0.5664063,89.15625,-12.71875,29.90625,-0.1728516,0.75,0.2285156,128.3438,37.65625,-47.8125,105.862,249.8312,248.544,219.5107,316.9044,113.2661,5.066666666666666
1521.097,0.07421875,0.7773438,-0.6230469,-44.625,-4.28125,0.34375,-0.2880859,0.6376953,0.5664063,89.15625,-12.71875,29.90625,-0.1728516,0.75,0.2285156,128.3438,37.65625,-47.8125,105.862,249.8312,248.544,219.5107,316.9044,113.2661,5.1
1521.13,0.07421875,0.7773438,-0.6230469,-44.625,-4.28125,0.34375,-0.2880859,0.6376953,0.5664063,89.15625,-12.71875,29.90625,-0.1728516,0.75,0.2285156,128.3438,37.65625,-47.8125,105.862,249.8312,248.544,219.5107,316.9044,113.2661,5.133333333333334
1521.163,0.07421875,0.7773438,-0.6230469,-44.625,-4.28125,0.34375,-0.2880859,0.6376953,0.5664063,89.15625,-12.71875,29.90625,-0.1728516,0.75,0.2285156,128.3438,37.65625,-47.8125,105.862,249.8312,248.544,219.5107,316.9044,113.2661,5.166666666666667
1521.198,0.07421875,0.7773438,-0.6230469,-44.625,-4.28125,0.34375,-0.2880859,0.6376953,0.5664063,89.15625,-12.71875,29.90625,-0.1728516,0.75,0.2285156,128.3438,37.65625,-47.8125,105.862,249.8312,248.544,219.5107,316.9044,113.2661,5.2
1521.23,0.07421875,0.7773438,-0.6230469,-44.625,-4.28125,0.34375,-0.1191406,1.030273,0.2363281,94.46875,4.0625,5.96875,-0.1728516,0.75,0.2285156,128.3438,37.65625,-47.8125,107.9976,234.1225,240.8932,219.5107,316.9044,113.2661,5.233333333333333
1521.264,0.07421875,0.7773438,-0.6230469,-44.625,-4.28125,0.34375,-0.1191406,1.030273,0.2363281,94.46875,4.0625,5.96875,-0.1728516,0.75,0.2285156,128.3438,37.65625,-47.8125,107.9976,234.1225,240.8932,219.5107,316.9044,113.2661,5.266666666666667
1521.297,0.07421875,0.7773438,-0.6230469,-44.625,-4.28125,0.34375,-0.2666016,1.008789,0.1503906,62.96875,-3.5,-15.9375,-0.1728516,0.75,0.2285156,128.3438,37.65625,-47.8125,107.9976,234.1225,240.8932,219.5107,316.9044,113.2661,5.3
1521.33,0.07421875,0.7773438,-0.6230469,-44.625,-4.28125,0.34375,-0.2666016,1.008789,0.1503906,62.96875,-3.5,-15.9375,-0.1728516,0.75,0.2285156,128.3438,37.65625,-47.8125,107.9976,234.1225,240.8932,219.5107,316.9044,113.2661,5.333333333333333
1521.363,0.07421875,0.7773438,-0.6230469,-44.625,-4.28125,0.34375,-0.2666016,1.008789,0.1503906,62.96875,-3.5,-15.9375,-0.1728516,0.75,0.2285156,128.3438,37.65625,-47.8125,107.9976,234.1225,240.8932,219.5107,316.9044,113.2661,5.366666666666666
1521.396,0.07421875,0.7773438,-0.6230469,-44.625,-4.28125,0.34375,-0.1181641,1.0,0.2626953,-8.25,-11.84375,7.84375,-0.1728516,0.75,0.2285156,128.3438,37.65625,-47.8125,106.2095,220.339,231.6537,219.5107,316.9044,113.2661,5.4
1521.429,0.07421875,0.7773438,-0.6230469,-44.625,-4.28125,0.34375,-0.1181641,1.0,0.2626953,-8.25,-11.84375,7.84375,-0.1728516,0.75,0.2285156,128.3438,37.65625,-47.8125,106.2095,220.339,231.6537,219.5107,316.9044,113.2661,5.433333333333334
1521.463,0.07421875,0.7773438,-0.6230469,-44.625,-4.28125,0.34375,-0.1181641,1.0,0.2626953,-8.25,-11.84375,7.84375,-0.1728516,0.75,0.2285156,128.3438,37.65625,-47.8125,106.2095,220.339,231.6537,219.5107,316.9044,113.2661,5.466666666666667
1521.496,0.07421875,0.7773438,-0.6230469,-44.625,-4.28125,0.34375,-0.1650391,0.7998047,0.03417969,-94.1875,-34.1875,-7.46875,-0.1728516,0.75,0.2285156,128.3438,37.65625,-47.8125,106.2095,220.339,231.6537,219.5107,316.9044,113.2661,5.5
1521.53,0.1181641,0.8466797,-0.6757813,70.59375,-3.90625,14.21875,-0.1650391,0.7998047,0.03417969,-94.1875,-34.1875,-7.46875,-0.1728516,0.75,0.2285156,128.3438,37.65625,-47.8125,106.2095,220.339,231.6537,219.5107,316.9044,113.2661,5.533333333333333
1521.563,0.1181641,0.8466797,-0.6757813,70.59375,-3.90625,14.21875,-0.1650391,0.7998047,0.03417969,-94.1875,-34.1875,-7.46875,-0.1728516,0.75,0.2285156,128.3438,37.65625,-47.8125,106.2095,220.339,231.6537,219.5107,316.9044,113.2661,5.566666666666666
1521.597,0.1181641,0.8466797,-0.6757813,70.59375,-3.90625,14.21875,-0.1650391,0.7998047,0.03417969,-94.1875,-34.1875,-7.46875,-0.1728516,0.75,0.2285156,128.3438,37.65625,-47.8125,106.7027,236.4171,241.8231,219.5107,316.9044,113.2661,5.6
1521.63,0.1181641,0.8466797,-0.6757813,70.59375,-3.90625,14.21875,-0.1650391,0.7998047,0.03417969,-94.1875,-34.1875,-7.46875,-0.1728516,0.75,0.2285156,128.3438,37.65625,-47.8125,106.7027,236.4171,241.8231,219.5107,316.9044,113.2661,5.633333333333334
1521.662,0.1181641,0.8466797,-0.6757813,70.59375,-3.90625,14.21875,-0.1650391,0.7998047,0.03417969,-94.1875,-34.1875,-7.46875,-0.1728516,0.75,0.2285156,128.3438,37.65625,-47.8125,106.7027,236.4171,241.8231,219.5107,316.9044,113.2661,5.666666666666667
1521.696,0.1181641,0.8466797,-0.6757813,70.59375,-3.90625,14.21875,-0.1855469,0.6328125,0.4648438,-81.25,-44.03125,-27.40625,-0.1728516,0.75,0.2285156,128.3438,37.65625,-47.8125,107.3101,235.1288,242.962,219.5107,316.9044,113.2661,5.7
1521.729,0.1181641,0.8466797,-0.6757813,70.59375,-3.90625,14.21875,-0.1855469,0.6328125,0.4648438,-81.25,-44.03125,-27.40625,-0.1728516,0.75,0.2285156,128.3438,37.65625,-47.8125,107.3101,235.1288,242.962,219.5107,316.9044,113.2661,5.733333333333333
1521.762,0.1181641,0.8466797,-0.6757813,70.59375,-3.90625,14.21875,-0.3505859,0.5380859,0.7519531,-83.6875,28.0,-18.5,-0.1728516,0.75,0.2285156,128.3438,37.65625,-47.8125,107.3101,235.1288,242.962,219.5107,316.9044,113.2661,5.766666666666667
1521.796,0.1181641,0.8466797,-0.6757813,70.59375,-3.90625,14.21875,-0.3505859,0.5380859,0.7519531,-83.6875,28.0,-18.5,-0.1728516,0.75,0.2285156,128.3438,37.65625,-47.8125,107.3101,235.1288,242.962,219.5107,316.9044,113.2661,5.8
1521.829,-0.1289063,0.7646484,-0.7724609,73.03125,11.75,-4.90625,-0.3505859,0.5380859,0.7519531,-83.6875,28.0,-18.5,-0.1728516,0.75,0.2285156,128.3438,37.65625,-47.8125,107.3101,235.1288,242.962,219.5107,316.9044,113.2661,5.833333333333333
1521.862,-0.1289063,0.7646484,-0.7724609,73.03125,11.75,-4.90625,-0.3505859,0.5380859,0.7519531,-83.6875,28.0,-18.5,-0.1728516,0.75,0.2285156,128.3438,37.65625,-47.8125,110.1026,249.8074,249.9902,219.5107,316.9044,113.2661,5.866666666666666
1521.896,-0.1289063,0.7646484,-0.7724609,73.03125,11.75,-4.90625,-0.3505859,0.5380859,0.7519531,-83.6875,28.0,-18.5,-0.1728516,0.75,0.2285156,128.3438,37.65625,-47.8125,110.1026,249.8074,249.9902,219.5107,316.9044,113.2661,5.9
1521.93,-0.1289063,0.7646484,-0.7724609,73.03125,11.75,-4.90625,-0.2607422,0.5830078,0.7421875,-69.65625,-53.59375,-16.0625,-0.1728516,0.75,0.2285156,128.3438,37.65625,-47.8125,110.1026,249.8074,249.9902,219.5107,316.9044,113.2661,5.933333333333334
1521.962,-0.1289063,0.7646484,-0.7724609,73.03125,11.75,-4.90625,-0.2607422,0.5830078,0.7421875,-69.65625,-53.59375,-16.0625,-0.1728516,0.75,0.2285156,128.3438,37.65625,-47.8125,110.1026,249.8074,249.9902,219.5107,316.9044,113.2661,5.966666666666667
1521.996,-0.1289063,0.7646484,-0.7724609,73.03125,11.75,-4.90625,-0.2607422,0.5830078,0.7421875,-69.65625,-53.59375,-16.0625,-0.1728516,0.75,0.2285156,128.3438,37.65625,-47.8125,110.1026,249.8074,249.9902,219.5107,316.9044,113.2661,6.0
1522.029,-0.1289063,0.7646484,-0.7724609,73.03125,11.75,-4.90625,-0.2607422,0.5830078,0.7421875,-69.65625,-53.59375,-16.0625,-0.1728516,0.75,0.2285156,128.3438,37.65625,-47.8125,110.1026,249.8074,249.9902,219.5107,316.9044,113.2661,6.033333333333333
1522.062,-0.1289063,0.7646484,-0.7724609,73.03125,11.75,-4.90625,-0.2607422,0.5830078,0.7421875,-69.65625,-53.59375,-16.0625,-0.1728516,0.75,0.2285156,128.3438,37.65625,-47.8125,110.1026,249.8074,249.9902,219.5107,316.9044,113.2661,6.066666666666666
1522.096,-0.09375,0.8486328,-0.1855469,-43.21875,0.34375,6.21875,-0.2607422,0.5830078,0.7421875,-69.65625,-53.59375,-16.0625,-0.1728516,0.75,0.2285156,128.3438,37.65625,-47.8125,110.1026,249.8074,249.9902,219.5107,316.9044,113.2661,6.1
1522.129,-0.09375,0.8486328,-0.1855469,-43.21875,0.34375,6.21875,-0.2607422,0.5830078,0.7421875,-69.65625,-53.59375,-16.0625,-0.1728516,0.75,0.2285156,128.3438,37.65625,-47.8125,110.1026,249.8074,249.9902,219.5107,316.9044,113.2661,6.133333333333334
1522.162,0.1191406,0.7988281,-0.5107422,17.25,-3.0,1.21875,-0.2607422,0.5830078,0.7421875,-69.65625,-53.59375,-16.0625,-0.1728516,0.75,0.2285156,128.3438,37.65625,-47.8125,110.1026,249.8074,249.9902,219.5107,316.9044,113.2661,6.166666666666667
1522.196,0.1191406,0.7988281,-0.5107422,17.25,-3.0,1.21875,-0.2607422,0.5830078,0.7421875,-69.65625,-53.59375,-16.0625,-0.1728516,0.75,0.2285156,128.3438,37.65625,-47.8125,110.1026,249.8074,249.9902,219.5107,316.9044,113.2661,6.2
1522.23,0.1191406,0.7988281,-0.5107422,17.25,-3.0,1.21875,-0.2607422,0.5830078,0.7421875,-69.65625,-53.59375,-16.0625,-0.1728516,0.75,0.2285156,128.3438,37.65625,-47.8125,110.1026,249.8074,249.9902,219.5107,316.9044,113.2661,6.233333333333333
1522.262,0.1191406,0.7988281,-0.5107422,17.25,-3.0,1.21875,-0.1962891,0.4189453,0.7929688,-7.28125,-7.875,-0.375,-0.1728516,0.75,0.2285156,128.3438,37.65625,-47.8125,110.1026,249.8074,249.9902,219.5107,316.9044,113.2661,6.266666666666667
1522.295,0.1191406,0.7988281,-0.5107422,17.25,-3.0,1.21875,-0.1962891,0.4189453,0.7929688,-7.28125,-7.875,-0.375,-0.1728516,0.75,0.2285156,128.3438,37.65625,-47.8125,110.1026,249.8074,249.9902,219.5107,316.9044,113.2661,6.3
1522.329,0.1191406,0.7988281,-0.5107422,17.25,-3.0,1.21875,-0.1962891,0.4189453,0.7929688,-7.28125,-7.875,-0.375,-0.1728516,0.75,0.2285156,128.3438,37.65625,-47.8125,110.1026,249.8074,249.9902,219.5107,316.9044,113.2661,6.333333333333333
1522.382,0.09765625,0.8388672,-0.4599609,72.625,-2.15625,0.46875,-0.1025391,0.3203125,0.9326172,7.125,2.78125,8.15625,-0.1728516,0.75,0.2285156,128.3438,37.65625,-47.8125,110.1026,249.8074,249.9902,219.5107,316.9044,113.2661,6.366666666666666
1522.412,0.2626953,1.205078,-0.9833984,38.6875,6.46875,-5.5,-0.1025391,0.3203125,0.9326172,7.125,2.78125,8.15625,-0.1728516,0.75,0.2285156,128.3438,37.65625,-47.8125,105.1535,251.0857,247.1797,219.5107,316.9044,113.2661,6.4
1522.445,0.2626953,1.205078,-0.9833984,38.6875,6.46875,-5.5,-0.1025391,0.3203125,0.9326172,7.125,2.78125,8.15625,-0.1728516,0.75,0.2285156,128.3438,37.65625,-47.8125,105.1535,251.0857,247.1797,219.5107,316.9044,113.2661,6.433333333333334
1522.478,0.2626953,1.205078,-0.9833984,38.6875,6.46875,-5.5,-0.1025391,0.3203125,0.9326172,7.125,2.78125,8.15625,-0.1728516,0.75,0.2285156,128.3438,37.65625,-47.8125,105.1535,251.0857,247.1797,219.5107,316.9044,113.2661,6.466666666666667
1522.511,0.02148438,0.8632813,-0.8828125,-43.71875,3.84375,-10.6875,-0.1699219,0.4326172,0.7539063,46.96875,43.625,9.8125,-0.1728516,0.75,0.2285156,128.3438,37.65625,-47.8125,105.1535,251.0857,247.1797,219.5107,316.9044,113.2661,6.5
1522.545,0.02148438,0.8632813,-0.8828125,-43.71875,3.84375,-10.6875,-0.1699219,0.4326172,0.7539063,46.96875,43.625,9.8125,-0.1728516,0.75,0.2285156,128.3438,37.65625,-47.8125,105.1535,251.0857,247.1797,219.5107,316.9044,113.2661,6.533333333333333
1522.578,0.02148438,0.8632813,-0.8828125,-43.71875,3.84375,-10.6875,-0.1699219,0.4326172,0.7539063,46.96875,43.625,9.8125,-0.1728516,0.75,0.2285156,128.3438,37.65625,-47.8125,105.1535,251.0857,247.1797,219.5107,316.9044,113.2661,6.566666666666666
1522.612,0.1113281,0.8369141,-0.7880859,-39.6875,-2.53125,-8.6875,-0.1699219,0.4326172,0.7539063,46.96875,43.625,9.8125,-0.1728516,0.75,0.2285156,128.3438,37.65625,-47.8125,105.1535,251.0857,247.1797,219.5107,316.9044,113.2661,6.6
1522.645,0.1113281,0.8369141,-0.7880859,-39.6875,-2.53125,-8.6875,-0.1699219,0.4326172,0.7539063,46.96875,43.625,9.8125,-0.1728516,0.75,0.2285156,128.3438,37.65625,-47.8125,105.1535,251.0857,247.1797,219.5107,316.9044,113.2661,6.633333333333334
1522.678,0.1113281,0.8369141,-0.7880859,-39.6875,-2.53125,-8.6875,-0.2041016,0.7753906,0.578125,80.375,-19.375,21.40625,-0.1728516,0.75,0.2285156,128.3438,37.65625,-47.8125,105.1535,251.0857,247.1797,219.5107,316.9044,113.2661,6.666666666666667
1522.712,0.1113281,0.8369141,-0.7880859,-39.6875,-2.53125,-8.6875,-0.2041016,0.7753906,0.578125,80.375,-19.375,21.40625,-0.1728516,0.75,0.2285156,128.3438,37.65625,-47.8125,105.1535,251.0857,247.1797,219.5107,316.9044,113.2661,6.7
1522.745,0.1113281,0.8369141,-0.7880859,-39.6875,-2.53125,-8.6875,-0.2041016,0.7753906,0.578125,80.375,-19.375,21.40625,-0.1728516,0.75,0.2285156,128.3438,37.65625,-47.8125,105.1535,251.0857,247.1797,219.5107,316.9044,113.2661,6.733333333333333
1522.779,0.1113281,0.8369141,-0.7880859,-39.6875,-2.53125,-8.6875,-0.2041016,0.7753906,0.578125,80.375,-19.375,21.40625,-0.1728516,0.75,0.2285156,128.3438,37.65625,-47.8125,105.1535,251.0857,247.1797,219.5107,316.9044,113.2661,6.766666666666667
1522.812,0.1113281,0.8369141,-0.7880859,-39.6875,-2.53125,-8.6875,-0.2041016,0.7753906,0.578125,80.375,-19.375,21.40625,-0.1728516,0.75,0.2285156,128.3438,37.65625,-47.8125,105.1535,251.0857,247.1797,219.5107,316.9044,113.2661,6.8
1522.844,0.1113281,0.8369141,-0.7880859,-39.6875,-2.53125,-8.6875,-0.2041016,0.7753906,0.578125,80.375,-19.375,21.40625,-0.1728516,0.75,0.2285156,128.3438,37.65625,-47.8125,105.1535,251.0857,247.1797,219.5107,316.9044,113.2661,6.833333333333333
1522.878,0.0,0.5849609,-0.4882813,-8.4375,-9.0,6.875,-0.2041016,0.7753906,0.578125,80.375,-19.375,21.40625,-0.1728516,0.75,0.2285156,128.3438,37.65625,-47.8125,105.1535,251.0857,247.1797,219.5107,316.9044,113.2661,6.866666666666666
1522.911,0.0,0.5849609,-0.4882813,-8.4375,-9.0,6.875,-0.1230469,0.8632813,0.2763672,63.34375,-23.4375,-14.40625,-0.1728516,0.75,0.2285156,128.3438,37.65625,-47.8125,105.1535,251.0857,247.1797,219.5107,316.9044,113.2661,6.9
1522.944,0.1708984,0.5,-0.5673828,-42.0,20.8125,3.78125,-0.1230469,0.8632813,0.2763672,63.34375,-23.4375,-14.40625,-0.1728516,0.75,0.2285156,128.3438,37.65625,-47.8125,105.1535,251.0857,247.1797,219.5107,316.9044,113.2661,6.933333333333334
1522.978,0.1708984,0.5,-0.5673828,-42.0,20.8125,3.78125,-0.1230469,0.8632813,0.2763672,63.34375,-23.4375,-14.40625,-0.1728516,0.75,0.2285156,128.3438,37.65625,-47.8125,105.1535,251.0857,247.1797,219.5107,316.9044,113.2661,6.966666666666667
1523.011,0.1708984,0.5,-0.5673828,-42.0,20.8125,3.78125,-0.1201172,1.014648,0.4501953,-29.3125,29.03125,8.46875,-0.1728516,0.75,0.2285156,128.3438,37.65625,-47.8125,105.1535,251.0857,247.1797,219.5107,316.9044,113.2661,7.0
1523.044,0.1708984,0.5,-0.5673828,-42.0,20.8125,3.78125,-0.1201172,1.014648,0.4501953,-29.3125,29.03125,8.46875,-0.1728516,0.75,0.2285156,128.3438,37.65625,-47.8125,105.1535,251.0857,247.1797,219.5107,316.9044,113.2661,7.033333333333333
1523.078,0.1708984,0.5,-0.5673828,-42.0,20.8125,3.78125,-0.1201172,1.014648,0.4501953,-29.3125,29.03125,8.46875,-0.1728516,0.75,0.2285156,128.3438,37.65625,-47.8125,105.1535,251.0857,247.1797,219.5107,316.9044,113.2661,7.066666666666666
1523.111,0.1708984,0.5,-0.5673828,-42.0,20.8125,3.78125,-0.1201172,1.014648,0.4501953,-29.3125,29.03125,8.46875,-0.1728516,0.75,0.2285156,128.3438,37.65625,-47.8125,106.8216,226.3679,237.1624,219.5107,316.9044,113.2661,7.1
1523.144,0.1708984,0.5,-0.5673828,-42.0,20.8125,3.78125,-0.1201172,1.014648,0.4501953,-29.3125,29.03125,8.46875,-0.1728516,0.75,0.2285156,128.3438,37.65625,-47.8125,106.8216,226.3679,237.1624,219.5107,316.9044,113.2661,7.133333333333334
1523.178,-0.08398438,0.6308594,-0.2861328,39.59375,-12.28125,0.65625,-0.1201172,1.014648,0.4501953,-29.3125,29.03125,8.46875,-0.1728516,0.75,0.2285156,128.3438,37.65625,-47.8125,106.8216,226.3679,237.1624,219.5107,316.9044,113.2661,7.166666666666667
1523.211,-0.08398438,0.6308594,-0.2861328,39.59375,-12.28125,0.65625,-0.1201172,1.014648,0.4501953,-29.3125,29.03125,8.46875,-0.1728516,0.75,0.2285156,128.3438,37.65625,-47.8125,106.8216,226.3679,237.1624,219.5107,316.9044,113.2661,7.2
1523.244,-0.08398438,0.6308594,-0.2861328,39.59375,-12.28125,0.65625,-0.1201172,1.014648,0.4501953,-29.3125,29.03125,8.46875,-0.1728516,0.75,0.2285156,128.3438,37.65625,-47.8125,106.8216,226.3679,237.1624,219.5107,316.9044,113.2661,7.233333333333333
1523.278,-0.08398438,0.6308594,-0.2861328,39.59375,-12.28125,0.65625,-0.1201172,1.014648,0.4501953,-29.3125,29.03125,8.46875,-0.1728516,0.75,0.2285156,128.3438,37.65625,-47.8125,106.8216,226.3679,237.1624,219.5107,316.9044,113.2661,7.266666666666667
1523.311,-0.08398438,0.6308594,-0.2861328,39.59375,-12.28125,0.65625,-0.3691406,0.8232422,0.4169922,-104.0313,37.53125,-30.34375,-0.1728516,0.75,0.2285156,128.3438,37.65625,-47.8125,106.8822,235.9351,242.2461,219.5107,316.9044,113.2661,7.3
1523.344,-0.08398438,0.6308594,-0.2861328,39.59375,-12.28125,0.65625,-0.3691406,0.8232422,0.4169922,-104.0313,37.53125,-30.34375,-0.1728516,0.75,0.2285156,128.3438,37.65625,-47.8125,106.8822,235.9351,242.2461,219.5107,316.9044,113.2661,7.333333333333333
1523.377,-0.08398438,0.6308594,-0.2861328,39.59375,-12.28125,0.65625,-0.3691406,0.8232422,0.4169922,-104.0313,37.53125,-30.34375,-0.1728516,0.75,0.2285156,128.3438,37.65625,-47.8125,111.9944,244.86,248.038,219.5107,316.9044,113.2661,7.366666666666666
1523.411,0.1474609,0.9970703,-0.6474609,39.15625,-5.8125,4.0,-0.3691406,0.8232422,0.4169922,-104.0313,37.53125,-30.34375,-0.1728516,0.75,0.2285156,128.3438,37.65625,-47.8125,111.9944,244.86,248.038,219.5107,316.9044,113.2661,7.4
1523.444,0.1953125,0.9804688,-0.71875,1.5,-5.9375,4.5625,-0.3691406,0.8232422,0.4169922,-104.0313,37.53125,-30.34375,-0.1728516,0.75,0.2285156,128.3438,37.65625,-47.8125,111.9944,244.86,248.038,219.5107,316.9044,113.2661,7.433333333333334
1523.477,0.1953125,0.9804688,-0.71875,1.5,-5.9375,4.5625,-0.3691406,0.8232422,0.4169922,-104.0313,37.53125,-30.34375,-0.1728516,0.75,0.2285156,128.3438,37.65625,-47.8125,113.8195,255.3803,253.0023,219.5107,316.9044,113.2661,7.466666666666667
1523.511,0.1953125,0.9804688,-0.71875,1.5,-5.9375,4.5625,-0.3691406,0.8232422,0.4169922,-104.0313,37.53125,-30.34375,-0.1728516,0.75,0.2285156,128.3438,37.65625,-47.8125,113.8195,255.3803,253.0023,219.5107,316.9044,113.2661,7.5
1523.544,0.1953125,0.9804688,-0.71875,1.5,-5.9375,4.5625,-0.3691406,0.8232422,0.4169922,-104.0313,37.53125,-30.34375,-0.1728516,0.75,0.2285156,128.3438,37.65625,-47.8125,113.8195,255.3803,253.0023,219.5107,316.9044,113.2661,7.533333333333333
1523.577,0.1953125,0.9804688,-0.71875,1.5,-5.9375,4.5625,-0.3691406,0.8232422,0.4169922,-104.0313,37.53125,-30.34375,-0.1728516,0.75,0.2285156,128.3438,37.65625,-47.8125,113.8195,255.3803,253.0023,219.5107,316.9044,113.2661,7.566666666666666
1523.61,0.1953125,0.9804688,-0.71875,1.5,-5.9375,4.5625,-0.3691406,0.8232422,0.4169922,-104.0313,37.53125,-30.34375,-0.1728516,0.75,0.2285156,128.3438,37.65625,-47.8125,113.8195,255.3803,253.0023,219.5107,316.9044,113.2661,7.6
1523.644,0.0390625,0.7460938,-0.2167969,-52.375,7.5,-2.28125,-0.2802734,0.4931641,0.7451172,-28.875,0.53125,-11.71875,-0.1728516,0.75,0.2285156,128.3438,37.65625,-47.8125,113.8195,255.3803,253.0023,219.5107,316.9044,113.2661,7.633333333333334
1523.677,0.0390625,0.7460938,-0.2167969,-52.375,7.5,-2.28125,-0.2802734,0.4931641,0.7451172,-28.875,0.53125,-11.71875,-0.1728516,0.75,0.2285156,128.3438,37.65625,-47.8125,113.8195,255.3803,253.0023,219.5107,316.9044,113.2661,7.666666666666667
1523.71,0.0390625,0.7460938,-0.2167969,-52.375,7.5,-2.28125,-0.2802734,0.4931641,0.7451172,-28.875,0.53125,-11.71875,-0.1728516,0.75,0.2285156,128.3438,37.65625,-47.8125,113.8195,255.3803,253.0023,219.5107,316.9044,113.2661,7.7
1523.744,0.0390625,0.7460938,-0.2167969,-52.375,7.5,-2.28125,-0.2802734,0.4931641,0.7451172,-28.875,0.53125,-11.71875,-0.1728516,0.75,0.2285156,128.3438,37.65625,-47.8125,113.8195,255.3803,253.0023,219.5107,316.9044,113.2661,7.733333333333333
1523.777,0.0390625,0.7460938,-0.2167969,-52.375,7.5,-2.28125,-0.2802734,0.4931641,0.7451172,-28.875,0.53125,-11.71875,-0.1728516,0.75,0.2285156,128.3438,37.65625,-47.8125,113.8195,255.3803,253.0023,219.5107,316.9044,113.2661,7.766666666666667
1523.81,0.1035156,0.9160156,-0.4423828,-27.0,-8.5625,-3.8125,-0.2802734,0.4931641,0.7451172,-28.875,0.53125,-11.71875,-0.1728516,0.75,0.2285156,128.3438,37.65625,-47.8125,113.8195,255.3803,253.0023,219.5107,316.9044,113.2661,7.8
1523.844,0.1035156,0.9160156,-0.4423828,-27.0,-8.5625,-3.8125,-0.2802734,0.4931641,0.7451172,-28.875,0.53125,-11.71875,-0.1728516,0.75,0.2285156,128.3438,37.65625,-47.8125,117.957,268.6198,257.931,219.5107,316.9044,113.2661,7.833333333333333
1523.877,0.1035156,0.9160156,-0.4423828,-27.0,-8.5625,-3.8125,-0.2802734,0.4931641,0.7451172,-28.875,0.53125,-11.71875,-0.1728516,0.75,0.2285156,128.3438,37.65625,-47.8125,117.957,268.6198,257.931,219.5107,316.9044,113.2661,7.866666666666666
1523.911,0.1035156,0.9160156,-0.4423828,-27.0,-8.5625,-3.8125,-0.1806641,0.3847656,0.8847656,0.78125,-2.21875,2.96875,-0.1728516,0.75,0.2285156,128.3438,37.65625,-47.8125,117.957,268.6198,257.931,219.5107,316.9044,113.2661,7.9
1523.944,0.1035156,0.9160156,-0.4423828,-27.0,-8.5625,-3.8125,-0.1806641,0.3847656,0.8847656,0.78125,-2.21875,2.96875,-0.1728516,0.75,0.2285156,128.3438,37.65625,-47.8125,117.957,268.6198,257.931,219.5107,316.9044,113.2661,7.933333333333334
1523.977,0.1035156,0.9160156,-0.4423828,-27.0,-8.5625,-3.8125,-0.1806641,0.3847656,0.8847656,0.78125,-2.21875,2.96875,-0.1728516,0.75,0.2285156,128.3438,37.65625,-47.8125,117.957,268.6198,257.931,219.5107,316.9044,113.2661,7.966666666666667
1524.01,0.1035156,0.9160156,-0.4423828,-27.0,-8.5625,-3.8125,-0.1806641,0.3847656,0.8847656,0.78125,-2.21875,2.96875,-0.1728516,0.75,0.2285156,128.3438,37.65625,-47.8125,117.957,268.6198,257.931,219.5107,316.9044,113.2661,8.0
1524.044,0.1035156,0.9160156,-0.4423828,-27.0,-8.5625,-3.8125,-0.1464844,0.4560547,0.8496094,3.59375,-3.3125,4.25,-0.1728516,0.75,0.2285156,128.3438,37.65625,-47.8125,117.957,268.6198,257.931,219.5107,316.9044,113.2661,8.033333333333333
1524.077,0.04492188,1.044922,-0.6171875,83.53125,7.84375,-0.5,-0.1464844,0.4560547,0.8496094,3.59375,-3.3125,4.25,-0.1728516,0.75,0.2285156,128.3438,37.65625,-47.8125,117.957,268.6198,257.931,219.5107,316.9044,113.2661,8.066666666666666
1524.11,0.04492188,1.044922,-0.6171875,83.53125,7.84375,-0.5,-0.1464844,0.4560547,0.8496094,3.59375,-3.3125,4.25,-0.1728516,0.75,0.2285156,128.3438,37.65625,-47.8125,117.957,268.6198,257.931,219.5107,316.9044,113.2661,8.1
1524.143,0.04492188,1.044922,-0.6171875,83.53125,7.84375,-0.5,-0.1464844,0.4560547,0.8496094,3.59375,-3.3125,4.25,-0.1728516,0.75,0.2285156,128.3438,37.65625,-47.8125,117.957,268.6198,257.931,219.5107,316.9044,113.2661,8.133333333333333
1524.177,0.04492188,1.044922,-0.6171875,83.53125,7.84375,-0.5,-0.1464844,0.4560547,0.8496094,3.59375,-3.3125,4.25,-0.1728516,0.75,0.2285156,128.3438,37.65625,-47.8125,117.957,268.6198,257.931,219.5107,316.9044,113.2661,8.166666666666666
1524.21,0.04492188,1.044922,-0.6171875,83.53125,7.84375,-0.5,-0.1464844,0.4560547,0.8496094,3.59375,-3.3125,4.25,-0.1728516,0.75,0.2285156,128.3438,37.65625,-47.8125,117.957,268.6198,257.931,219.5107,316.9044,113.2661,8.2
1524.243,0.04492188,1.044922,-0.6171875,83.53125,7.84375,-0.5,-0.40625,0.5117188,0.734375,66.9375,14.3125,36.0,-0.1728516,0.75,0.2285156,128.3438,37.65625,-47.8125,109.4377,251.5728,249.9063,219.5107,316.9044,113.2661,8.233333333333333
1524.277,0.04492188,1.044922,-0.6171875,83.53125,7.84375,-0.5,-0.40625,0.5117188,0.734375,66.9375,14.3125,36.0,-0.1728516,0.75,0.2285156,128.3438,37.65625,-47.8125,109.4377,251.5728,249.9063,219.5107,316.9044,113.2661,8.266666666666667
1524.31,-0.009765625,0.9375,-0.8720703,-47.75,-3.3125,-12.46875,-0.21875,0.8691406,0.484375,85.875,-32.375,28.3125,-0.1728516,0.75,0.2285156,128.3438,37.65625,-47.8125,109.4377,251.5728,249.9063,219.5107,316.9044,113.2661,8.3
1524.343,-0.009765625,0.9375,-0.8720703,-47.75,-3.3125,-12.46875,-0.21875,0.8691406,0.484375,85.875,-32.375,28.3125,-0.1728516,0.75,0.2285156,128.3438,37.65625,-47.8125,109.4377,251.5728,249.9063,219.5107,316.9044,113.2661,8.333333333333334
1524.377,-0.06152344,1.018555,-0.3554688,-56.21875,-3.5625,0.28125,-0.21875,0.8691406,0.484375,85.875,-32.375,28.3125,-0.1728516,0.75,0.2285156,128.3438,37.65625,-47.8125,109.4377,251.5728,249.9063,219.5107,316.9044,113.2661,8.366666666666667
1524.41,-0.06152344,1.018555,-0.3554688,-56.21875,-3.5625,0.28125,-0.1738281,0.8896484,0.3212891,104.7188,13.96875,18.78125,-0.1728516,0.75,0.2285156,128.3438,37.65625,-47.8125,105.178,236.6535,241.6457,219.5107,316.9044,113.2661,8.4
1524.443,-0.06152344,1.018555,-0.3554688,-56.21875,-3.5625,0.28125,-0.1738281,0.8896484,0.3212891,104.7188,13.96875,18.78125,-0.1728516,0.75,0.2285156,128.3438,37.65625,-47.8125,105.178,236.6535,241.6457,219.5107,316.9044,113.2661,8.433333333333334
1524.477,-0.06152344,1.018555,-0.3554688,-56.21875,-3.5625,0.28125,-0.1738281,0.8896484,0.3212891,104.7188,13.96875,18.78125,-0.1728516,0.75,0.2285156,128.3438,37.65625,-47.8125,105.178,236.6535,241.6457,219.5107,316.9044,113.2661,8.466666666666667
1524.51,-0.06152344,1.018555,-0.3554688,-56.21875,-3.5625,0.28125,-0.1210938,0.9677734,0.1884766,105.875,-8.6875,-0.5,-0.1728516,0.75,0.2285156,128.3438,37.65625,-47.8125,105.178,236.6535,241.6457,219.5107,316.9044,113.2661,8.5
1524.543,-0.06152344,1.018555,-0.3554688,-56.21875,-3.5625,0.28125,-0.1210938,0.9677734,0.1884766,105.875,-8.6875,-0.5,-0.1728516,0.75,0.2285156,128.3438,37.65625,-47.8125,105.178,236.6535,241.6457,219.5107,316.9044,113.2661,8.533333333333333
1524.577,-0.06152344,1.018555,-0.3554688,-56.21875,-3.5625,0.28125,-0.1210938,0.9677734,0.1884766,105.875,-8.6875,-0.5,-0.1728516,0.75,0.2285156,128.3438,37.65625,-47.8125,105.178,236.6535,241.6457,219.5107,316.9044,113.2661,8.566666666666666
1524.61,-0.06152344,1.018555,-0.3554688,-56.21875,-3.5625,0.28125,-0.1210938,0.9677734,0.1884766,105.875,-8.6875,-0.5,-0.1728516,0.75,0.2285156,128.3438,37.65625,-47.8125,106.5504,220.4143,231.0338,219.5107,316.9044,113.2661,8.6
1524.643,-0.06152344,1.018555,-0.3554688,-56.21875,-3.5625,0.28125,-0.1210938,0.9677734,0.1884766,105.875,-8.6875,-0.5,-0.1728516,0.75,0.2285156,128.3438,37.65625,-47.8125,106.5504,220.4143,231.0338,219.5107,316.9044,113.2661,8.633333333333333
1524.676,-0.06152344,1.018555,-0.3554688,-56.21875,-3.5625,0.28125,-0.01269531,1.258789,0.2304688,-12.78125,-10.15625,11.34375,-0.1728516,0.75,0.2285156,128.3438,37.65625,-47.8125,106.8247,216.6957,228.9805,219.5107,316.9044,113.2661,8.666666666666666
1524.71,-0.06152344,1.018555,-0.3554688,-56.21875,-3.5625,0.28125,-0.01269531,1.258789,0.2304688,-12.78125,-10.15625,11.34375,-0.1728516,0.75,0.2285156,128.3438,37.65625,-47.8125,106.8247,216.6957,228.9805,219.5107,316.9044,113.2661,8.7
1524.743,-0.06152344,1.018555,-0.3554688,-56.21875,-3.5625,0.28125,-0.01269531,1.258789,0.2304688,-12.78125,-10.15625,11.34375,-0.1728516,0.75,0.2285156,128.3438,37.65625,-47.8125,106.8247,216.6957,228.9805,219.5107,316.9044,113.2661,8.733333333333333
1524.776,-0.06152344,1.018555,-0.3554688,-56.21875,-3.5625,0.28125,-0.01269531,1.258789,0.2304688,-12.78125,-10.15625,11.34375,-0.1728516,0.75,0.2285156,128.3438,37.65625,-47.8125,106.8247,216.6957,228.9805,219.5107,316.9044,113.2661,8.766666666666667
1524.81,-0.06152344,1.018555,-0.3554688,-56.21875,-3.5625,0.28125,-0.01269531,1.258789,0.2304688,-12.78125,-10.15625,11.34375,-0.1728516,0.75,0.2285156,128.3438,37.65625,-47.8125,106.8247,216.6957,228.9805,219.5107,316.9044,113.2661,8.8
1524.843,-0.06152344,1.018555,-0.3554688,-56.21875,-3.5625,0.28125,-0.01269531,1.258789,0.2304688,-12.78125,-10.15625,11.34375,-0.1728516,0.75,0.2285156,128.3438,37.65625,-47.8125,106.5384,228.2269,236.0556,219.5107,316.9044,113.2661,8.833333333333334
1524.877,0.01464844,0.6982422,-0.375,29.71875,6.46875,6.5625,-0.01269531,1.258789,0.2304688,-12.78125,-10.15625,11.34375,-0.1728516,0.75,0.2285156,128.3438,37.65625,-47.8125,106.5384,228.2269,236.0556,219.5107,316.9044,113.2661,8.866666666666667
1524.909,0.01464844,0.6982422,-0.375,29.71875,6.46875,6.5625,-0.01269531,1.258789,0.2304688,-12.78125,-10.15625,11.34375,-0.1728516,0.75,0.2285156,128.3438,37.65625,-47.8125,107.445,231.7149,240.256,219.5107,316.9044,113.2661,8.9
1524.943,0.01464844,0.6982422,-0.375,29.71875,6.46875,6.5625,-0.2353516,0.8076172,0.4833984,-75.5625,-5.09375,-22.0,-0.1728516,0.75,0.2285156,128.3438,37.65625,-47.8125,107.445,231.7149,240.256,219.5107,316.9044,113.2661,8.933333333333334
1524.976,0.01464844,0.6982422,-0.375,29.71875,6.46875,6.5625,-0.2353516,0.8076172,0.4833984,-75.5625,-5.09375,-22.0,-0.1728516,0.75,0.2285156,128.3438,37.65625,-47.8125,107.445,231.7149,240.256,219.5107,316.9044,113.2661,8.966666666666667
1525.009,0.01464844,0.6982422,-0.375,29.71875,6.46875,6.5625,-0.2353516,0.8076172,0.4833984,-75.5625,-5.09375,-22.0,-0.1728516,0.75,0.2285156,128.3438,37.65625,-47.8125,107.445,231.7149,240.256,219.5107,316.9044,113.2661,9.0
1525.042,0.01464844,0.6982422,-0.375,29.71875,6.46875,6.5625,-0.2353516,0.8076172,0.4833984,-75.5625,-5.09375,-22.0,-0.1728516,0.75,0.2285156,128.3438,37.65625,-47.8125,107.445,231.7149,240.256,219.5107,316.9044,113.2661,9.033333333333333
1525.076,0.01464844,0.6982422,-0.375,29.71875,6.46875,6.5625,-0.06933594,0.8105469,0.6640625,-79.96875,-4.59375,-22.0,-0.1728516,0.75,0.2285156,128.3438,37.65625,-47.8125,107.445,231.7149,240.256,219.5107,316.9044,113.2661,9.066666666666666
1525.109,0.01464844,0.6982422,-0.375,29.71875,6.46875,6.5625,-0.06933594,0.8105469,0.6640625,-79.96875,-4.59375,-22.0,-0.1728516,0.75,0.2285156,128.3438,37.65625,-47.8125,107.445,231.7149,240.256,219.5107,316.9044,113.2661,9.1
1525.142,0.01464844,0.6982422,-0.375,29.71875,6.46875,6.5625,-0.06933594,0.8105469,0.6640625,-79.96875,-4.59375,-22.0,-0.1728516,0.75,0.2285156,128.3438,37.65625,-47.8125,107.445,231.7149,240.256,219.5107,316.9044,113.2661,9.133333333333333
1525.176,0.01464844,0.6982422,-0.375,29.71875,6.46875,6.5625,-0.06933594,0.8105469,0.6640625,-79.96875,-4.59375,-22.0,-0.1728516,0.75,0.2285156,128.3438,37.65625,-47.8125,108.3585,244.8913,246.9861,219.5107,316.9044,113.2661,9.166666666666666
1525.209,0.01464844,0.6982422,-0.375,29.71875,6.46875,6.5625,-0.06933594,0.8105469,0.6640625,-79.96875,-4.59375,-22.0,-0.1728516,0.75,0.2285156,128.3438,37.65625,-47.8125,108.3585,244.8913,246.9861,219.5107,316.9044,113.2661,9.2
1525.242,0.01464844,0.6982422,-0.375,29.71875,6.46875,6.5625,-0.06933594,0.8105469,0.6640625,-79.96875,-4.59375,-22.0,-0.1728516,0.75,0.2285156,128.3438,37.65625,-47.8125,108.3585,244.8913,246.9861,219.5107,316.9044,113.2661,9.233333333333333
1525.276,0.01464844,0.6982422,-0.375,29.71875,6.46875,6.5625,-0.1445313,0.6337891,0.734375,-40.0,-9.90625,-15.21875,-0.1728516,0.75,0.2285156,128.3438,37.65625,-47.8125,109.3668,252.633,249.3452,219.5107,316.9044,113.2661,9.266666666666667
1525.31,0.01464844,0.6982422,-0.375,29.71875,6.46875,6.5625,-0.1445313,0.6337891,0.734375,-40.0,-9.90625,-15.21875,-0.1728516,0.75,0.2285156,128.3438,37.65625,-47.8125,109.3668,252.633,249.3452,219.5107,316.9044,113.2661,9.3
1525.342,0.01464844,0.6982422,-0.375,29.71875,6.46875,6.5625,-0.1445313,0.6337891,0.734375,-40.0,-9.90625,-15.21875,-0.1728516,0.75,0.2285156,128.3438,37.65625,-47.8125,109.3668,252.633,249.3452,219.5107,316.9044,113.2661,9.333333333333334
1525.376,0.2705078,0.8671875,-0.6650391,3.15625,-0.3125,-1.84375,-0.1445313,0.6337891,0.734375,-40.0,-9.90625,-15.21875,-0.1728516,0.75,0.2285156,128.3438,37.65625,-47.8125,102.6294,242.9162,242.029,219.5107,316.9044,113.2661,9.366666666666667
1525.409,0.2705078,0.8671875,-0.6650391,3.15625,-0.3125,-1.84375,-0.1445313,0.6337891,0.734375,-40.0,-9.90625,-15.21875,-0.1728516,0.75,0.2285156,128.3438,37.65625,-47.8125,102.6294,242.9162,242.029,219.5107,316.9044,113.2661,9.4
1525.442,0.1035156,0.8408203,-0.71875,-23.5625,5.46875,15.0625,-0.3652344,0.2695313,0.8164063,-13.25,8.46875,-0.125,-0.1728516,0.75,0.2285156,128.3438,37.65625,-47.8125,102.7758,245.7841,243.4466,219.5107,316.9044,113.2661,9.433333333333334
1525.475,0.0078125,0.6865234,-0.4814453,-26.5625,5.21875,10.71875,-0.3652344,0.2695313,0.8164063,-13.25,8.46875,-0.125,-0.1728516,0.75,0.2285156,128.3438,37.65625,-47.8125,102.7758,245.7841,243.4466,219.5107,316.9044,113.2661,9.466666666666667
1525.509,0.09277344,0.6181641,-0.203125,-9.28125,1.6875,7.0625,-0.3652344,0.2695313,0.8164063,-13.25,8.46875,-0.125,-0.1728516,0.75,0.2285156,128.3438,37.65625,-47.8125,102.7758,245.7841,243.4466,219.5107,316.9044,113.2661,9.5
1525.542,0.09277344,0.6181641,-0.203125,-9.28125,1.6875,7.0625,-0.3652344,0.2695313,0.8164063,-13.25,8.46875,-0.125,-0.1728516,0.75,0.2285156,128.3438,37.65625,-47.8125,102.7758,245.7841,243.4466,219.5107,316.9044,113.2661,9.533333333333333
1525.575,0.09277344,0.6181641,-0.203125,-9.28125,1.6875,7.0625,-0.3652344,0.2695313,0.8164063,-13.25,8.46875,-0.125,-0.1728516,0.75,0.2285156,128.3438,37.65625,-47.8125,102.7758,245.7841,243.4466,219.5107,316.9044,113.2661,9.566666666666666
1525.609,0.09277344,0.6181641,-0.203125,-9.28125,1.6875,7.0625,-0.3652344,0.2695313,0.8164063,-13.25,8.46875,-0.125,-0.1728516,0.75,0.2285156,128.3438,37.65625,-47.8125,102.7758,245.7841,243.4466,219.5107,316.9044,113.2661,9.6
1525.642,0.2304688,0.7626953,-0.6376953,40.21875,-4.84375,-13.03125,-0.3652344,0.2695313,0.8164063,-13.25,8.46875,-0.125,-0.1728516,0.75,0.2285156,128.3438,37.65625,-47.8125,102.7758,245.7841,243.4466,219.5107,316.9044,113.2661,9.633333333333333
1525.675,0.2304688,0.7626953,-0.6376953,40.21875,-4.84375,-13.03125,-0.3652344,0.2695313,0.8164063,-13.25,8.46875,-0.125,-0.1728516,0.75,0.2285156,128.3438,37.65625,-47.8125,102.7758,245.7841,243.4466,219.5107,316.9044,113.2661,9.666666666666666
1525.709,0.2304688,0.7626953,-0.6376953,40.21875,-4.84375,-13.03125,-0.3652344,0.2695313,0.8164063,-13.25,8.46875,-0.125,-0.1728516,0.75,0.2285156,128.3438,37.65625,-47.8125,107.7393,253.8237,248.7479,219.5107,316.9044,113.2661,9.7
1525.742,0.1396484,0.9931641,-0.6201172,13.53125,-1.3125,-5.09375,-0.3652344,0.2695313,0.8164063,-13.25,8.46875,-0.125,-0.1728516,0.75,0.2285156,128.3438,37.65625,-47.8125,107.7393,253.8237,248.7479,219.5107,316.9044,113.2661,9.733333333333333
1525.775,0.1396484,0.9931641,-0.6201172,13.53125,-1.3125,-5.09375,-0.3652344,0.2695313,0.8164063,-13.25,8.46875,-0.125,-0.1728516,0.75,0.2285156,128.3438,37.65625,-47.8125,106.4928,248.6201,246.8749,219.5107,316.9044,113.2661,9.766666666666667
1525.808,0.1396484,0.9931641,-0.6201172,13.53125,-1.3125,-5.09375,-0.3652344,0.2695313,0.8164063,-13.25,8.46875,-0.125,-0.1728516,0.75,0.2285156,128.3438,37.65625,-47.8125,106.4928,248.6201,246.8749,219.5107,316.9044,113.2661,9.8
1525.844,0.1396484,0.9931641,-0.6201172,13.53125,-1.3125,-5.09375,-0.3652344,0.2695313,0.8164063,-13.25,8.46875,-0.125,-0.1728516,0.75,0.2285156,128.3438,37.65625,-47.8125,104.9032,242.3399,244.4381,219.5107,316.9044,113.2661,9.833333333333334
1525.875,0.1396484,0.9931641,-0.6201172,13.53125,-1.3125,-5.09375,-0.3652344,0.2695313,0.8164063,-13.25,8.46875,-0.125,-0.1728516,0.75,0.2285156,128.3438,37.65625,-47.8125,104.9032,242.3399,244.4381,219.5107,316.9044,113.2661,9.866666666666667
1525.909,0.1396484,0.9931641,-0.6201172,13.53125,-1.3125,-5.09375,-0.3652344,0.2695313,0.8164063,-13.25,8.46875,-0.125,-0.1728516,0.75,0.2285156,128.3438,37.65625,-47.8125,104.9032,242.3399,244.4381,219.5107,316.9044,113.2661,9.9
1525.942,0.1396484,0.9931641,-0.6201172,13.53125,-1.3125,-5.09375,-0.3652344,0.2695313,0.8164063,-13.25,8.46875,-0.125,-0.1728516,0.75,0.2285156,128.3438,37.65625,-47.8125,104.9032,242.3399,244.4381,219.5107,316.9044,113.2661,9.933333333333334
1525.975,-0.01269531,0.7802734,-0.4472656,-53.65625,-2.75,0.34375,-0.009765625,0.9335938,0.2373047,123.2188,-25.03125,11.34375,-0.1728516,0.75,0.2285156,128.3438,37.65625,-47.8125,111.2307,246.6356,247.5243,219.5107,316.9044,113.2661,9.966666666666667
1526.008,-0.01269531,0.7802734,-0.4472656,-53.65625,-2.75,0.34375,-0.009765625,0.9335938,0.2373047,123.2188,-25.03125,11.34375,-0.1728516,0.75,0.2285156,128.3438,37.65625,-47.8125,111.2307,246.6356,247.5243,219.5107,316.9044,113.2661,10.0
1526.042,-0.01269531,0.7802734,-0.4472656,-53.65625,-2.75,0.34375,-0.2509766,0.8183594,0.2294922,93.5,33.125,7.0,-0.1728516,0.75,0.2285156,128.3438,37.65625,-47.8125,111.2307,246.6356,247.5243,219.5107,316.9044,113.2661,10.033333333333333
1526.075,-0.01269531,0.7802734,-0.4472656,-53.65625,-2.75,0.34375,-0.2509766,0.8183594,0.2294922,93.5,33.125,7.0,-0.1728516,0.75,0.2285156,128.3438,37.65625,-47.8125,111.2307,246.6356,247.5243,219.5107,316.9044,113.2661,10.066666666666666
1526.109,-0.01269531,0.7802734,-0.4472656,-53.65625,-2.75,0.34375,-0.2509766,0.8183594,0.2294922,93.5,33.125,7.0,-0.1728516,0.75,0.2285156,128.3438,37.65625,-47.8125,111.2307,246.6356,247.5243,219.5107,316.9044,113.2661,10.1
1526.142,-0.01269531,0.7802734,-0.4472656,-53.65625,-2.75,0.34375,-0.2509766,0.8183594,0.2294922,93.5,33.125,7.0,-0.1728516,0.75,0.2285156,128.3438,37.65625,-47.8125,111.0218,229.6638,237.4734,219.5107,316.9044,113.2661,10.133333333333333
1526.175,0.02832031,0.1396484,-0.3515625,-12.40625,-6.59375,2.84375,-0.1650391,0.8417969,0.2705078,-111.5313,-1.0,16.78125,-0.1728516,0.75,0.2285156,128.3438,37.65625,-47.8125,108.391,235.0994,240.0472,219.5107,316.9044,113.2661,10.166666666666666
1526.208,0.02832031,0.1396484,-0.3515625,-12.40625,-6.59375,2.84375,-0.1650391,0.8417969,0.2705078,-111.5313,-1.0,16.78125,-0.1728516,0.75,0.2285156,128.3438,37.65625,-47.8125,108.391,235.0994,240.0472,219.5107,316.9044,113.2661,10.2
1526.242,0.02832031,0.1396484,-0.3515625,-12.40625,-6.59375,2.84375,-0.1650391,0.8417969,0.2705078,-111.5313,-1.0,16.78125,-0.1728516,0.75,0.2285156,128.3438,37.65625,-47.8125,108.391,235.0994,240.0472,219.5107,316.9044,113.2661,10.233333333333333
1526.274,0.02832031,0.1396484,-0.3515625,-12.40625,-6.59375,2.84375,-0.1650391,0.8417969,0.2705078,-111.5313,-1.0,16.78125,-0.1728516,0.75,0.2285156,128.3438,37.65625,-47.8125,108.391,235.0994,240.0472,219.5107,316.9044,113.2661,10.266666666666667
1526.308,0.02832031,0.1396484,-0.3515625,-12.40625,-6.59375,2.84375,-0.1650391,0.8417969,0.2705078,-111.5313,-1.0,16.78125,-0.1728516,0.75,0.2285156,128.3438,37.65625,-47.8125,110.0065,242.9491,245.3825,219.5107,316.9044,113.2661,10.3
1526.342,0.05566406,0.9335938,-0.3212891,6.40625,-5.25,-1.40625,-0.1650391,0.8417969,0.2705078,-111.5313,-1.0,16.78125,-0.1728516,0.75,0.2285156,128.3438,37.65625,-47.8125,110.0065,242.9491,245.3825,219.5107,316.9044,113.2661,10.333333333333334
1526.374,0.05566406,0.9335938,-0.3212891,6.40625,-5.25,-1.40625,-0.1650391,0.8417969,0.2705078,-111.5313,-1.0,16.78125,-0.1728516,0.75,0.2285156,128.3438,37.65625,-47.8125,110.0065,242.9491,245.3825,219.5107,316.9044,113.2661,10.366666666666667
1526.408,-0.09863281,1.163086,-0.6630859,39.21875,-22.84375,-7.875,0.09667969,0.8037109,0.5585938,-98.34375,-74.65625,-35.46875,-0.1728516,0.75,0.2285156,128.3438,37.65625,-47.8125,118.0612,255.7457,253.5485,219.5107,316.9044,113.2661,10.4
1526.442,-0.09863281,1.163086,-0.6630859,39.21875,-22.84375,-7.875,0.09667969,0.8037109,0.5585938,-98.34375,-74.65625,-35.46875,-0.1728516,0.75,0.2285156,128.3438,37.65625,-47.8125,118.0612,255.7457,253.5485,219.5107,316.9044,113.2661,10.433333333333334
1526.474,-0.09863281,1.163086,-0.6630859,39.21875,-22.84375,-7.875,0.09667969,0.8037109,0.5585938,-98.34375,-74.65625,-35.46875,-0.1728516,0.75,0.2285156,128.3438,37.65625,-47.8125,118.0612,255.7457,253.5485,219.5107,316.9044,113.2661,10.466666666666667
1526.508,-0.09863281,1.163086,-0.6630859,39.21875,-22.84375,-7.875,-0.6845703,0.7236328,0.8291016,-94.4375,-32.4375,-10.03125,-0.1728516,0.75,0.2285156,128.3438,37.65625,-47.8125,118.0612,255.7457,253.5485,219.5107,316.9044,113.2661,10.5
1526.542,-0.09863281,1.163086,-0.6630859,39.21875,-22.84375,-7.875,-0.6845703,0.7236328,0.8291016,-94.4375,-32.4375,-10.03125,-0.1728516,0.75,0.2285156,128.3438,37.65625,-47.8125,118.0612,255.7457,253.5485,219.5107,316.9044,113.2661,10.533333333333333
1526.574,-0.09863281,1.163086,-0.6630859,39.21875,-22.84375,-7.875,-0.6845703,0.7236328,0.8291016,-94.4375,-32.4375,-10.03125,-0.1728516,0.75,0.2285156,128.3438,37.65625,-47.8125,118.0612,255.7457,253.5485,219.5107,316.9044,113.2661,10.566666666666666
1526.608,-0.02246094,1.790039,-0.9853516,-82.78125,26.46875,30.125,-0.6845703,0.7236328,0.8291016,-94.4375,-32.4375,-10.03125,-0.1728516,0.75,0.2285156,128.3438,37.65625,-47.8125,118.0612,255.7457,253.5485,219.5107,316.9044,113.2661,10.6
1526.642,-0.02246094,1.790039,-0.9853516,-82.78125,26.46875,30.125,-0.6845703,0.7236328,0.8291016,-94.4375,-32.4375,-10.03125,-0.1728516,0.75,0.2285156,128.3438,37.65625,-47.8125,107.1435,250.7177,246.4733,219.5107,316.9044,113.2661,10.633333333333333
1526.674,-0.02246094,1.790039,-0.9853516,-82.78125,26.46875,30.125,-0.6845703,0.7236328,0.8291016,-94.4375,-32.4375,-10.03125,-0.1728516,0.75,0.2285156,128.3438,37.65625,-47.8125,107.1435,250.7177,246.4733,219.5107,316.9044,113.2661,10.666666666666666
1526.708,-0.02246094,1.790039,-0.9853516,-82.78125,26.46875,30.125,-0.265625,0.3232422,0.9960938,-13.125,28.96875,4.5625,-0.1728516,0.75,0.2285156,128.3438,37.65625,-47.8125,113.4296,263.9889,253.6016,219.5107,316.9044,113.2661,10.7
1526.741,-0.02246094,1.790039,-0.9853516,-82.78125,26.46875,30.125,-0.265625,0.3232422,0.9960938,-13.125,28.96875,4.5625,-0.1728516,0.75,0.2285156,128.3438,37.65625,-47.8125,113.4296,263.9889,253.6016,219.5107,316.9044,113.2661,10.733333333333333
1526.774,-0.02246094,1.790039,-0.9853516,-82.78125,26.46875,30.125,-0.265625,0.3232422,0.9960938,-13.125,28.96875,4.5625,-0.1728516,0.75,0.2285156,128.3438,37.65625,-47.8125,113.4296,263.9889,253.6016,219.5107,316.9044,113.2661,10.766666666666667
1526.808,-0.1054688,0.5273438,-0.2148438,-15.40625,11.46875,11.03125,-0.265625,0.3232422,0.9960938,-13.125,28.96875,4.5625,-0.1728516,0.75,0.2285156,128.3438,37.65625,-47.8125,113.4296,263.9889,253.6016,219.5107,316.9044,113.2661,10.8
1526.841,-0.1054688,0.5273438,-0.2148438,-15.40625,11.46875,11.03125,-0.265625,0.3232422,0.9960938,-13.125,28.96875,4.5625,-0.1728516,0.75,0.2285156,128.3438,37.65625,-47.8125,113.4296,263.9889,253.6016,219.5107,316.9044,113.2661,10.833333333333334
1526.874,-0.1054688,0.5273438,-0.2148438,-15.40625,11.46875,11.03125,-0.265625,0.3232422,0.9960938,-13.125,28.96875,4.5625,-0.1728516,0.75,0.2285156,128.3438,37.65625,-47.8125,113.4296,263.9889,253.6016,219.5107,316.9044,113.2661,10.866666666666667
1526.908,-0.1054688,0.5273438,-0.2148438,-15.40625,11.46875,11.03125,-0.265625,0.3232422,0.9960938,-13.125,28.96875,4.5625,-0.1728516,0.75,0.2285156,128.3438,37.65625,-47.8125,113.4296,263.9889,253.6016,219.5107,316.9044,113.2661,10.9
1526.941,-0.1054688,0.5273438,-0.2148438,-15.40625,11.46875,11.03125,-0.265625,0.3232422,0.9960938,-13.125,28.96875,4.5625,-0.1728516,0.75,0.2285156,128.3438,37.65625,-47.8125,113.4296,263.9889,253.6016,219.5107,316.9044,113.2661,10.933333333333334
1526.974,-0.1054688,0.5273438,-0.2148438,-15.40625,11.46875,11.03125,-0.265625,0.3232422,0.9960938,-13.125,28.96875,4.5625,-0.1728516,0.75,0.2285156,128.3438,37.65625,-47.8125,124.2544,278.3408,261.8366,219.5107,316.9044,113.2661,10.966666666666667
1527.008,-0.1054688,0.5273438,-0.2148438,-15.40625,11.46875,11.03125,-0.265625,0.3232422,0.9960938,-13.125,28.96875,4.5625,-0.1728516,0.75,0.2285156,128.3438,37.65625,-47.8125,124.2544,278.3408,261.8366,219.5107,316.9044,113.2661,11.0
1527.041,0.009765625,1.182617,-0.1025391,-32.125,11.09375,9.5625,-0.265625,0.3232422,0.9960938,-13.125,28.96875,4.5625,-0.1728516,0.75,0.2285156,128.3438,37.65625,-47.8125,124.2544,278.3408,261.8366,219.5107,316.9044,113.2661,11.033333333333333
1527.074,0.009765625,1.182617,-0.1025391,-32.125,11.09375,9.5625,-0.02050781,0.2802734,0.9199219,1.3125,-6.25,-1.0625,-0.1728516,0.75,0.2285156,128.3438,37.65625,-47.8125,124.2544,278.3408,261.8366,219.5107,316.9044,113.2661,11.066666666666666
1527.107,0.009765625,1.182617,-0.1025391,-32.125,11.09375,9.5625,-0.02050781,0.2802734,0.9199219,1.3125,-6.25,-1.0625,-0.1728516,0.75,0.2285156,128.3438,37.65625,-47.8125,124.2544,278.3408,261.8366,219.5107,316.9044,113.2661,11.1
1527.141,0.009765625,1.182617,-0.1025391,-32.125,11.09375,9.5625,-0.02050781,0.2802734,0.9199219,1.3125,-6.25,-1.0625,-0.1728516,0.75,0.2285156,128.3438,37.65625,-47.8125,124.2544,278.3408,261.8366,219.5107,316.9044,113.2661,11.133333333333333
1527.174,0.009765625,1.182617,-0.1025391,-32.125,11.09375,9.5625,-0.02050781,0.2802734,0.9199219,1.3125,-6.25,-1.0625,-0.1728516,0.75,0.2285156,128.3438,37.65625,-47.8125,124.2544,278.3408,261.8366,219.5107,316.9044,113.2661,11.166666666666666
1527.207,0.009765625,1.182617,-0.1025391,-32.125,11.09375,9.5625,-0.02050781,0.2802734,0.9199219,1.3125,-6.25,-1.0625,-0.1728516,0.75,0.2285156,128.3438,37.65625,-47.8125,124.2544,278.3408,261.8366,219.5107,316.9044,113.2661,11.2
1527.241,0.009765625,1.182617,-0.1025391,-32.125,11.09375,9.5625,-0.02050781,0.2802734,0.9199219,1.3125,-6.25,-1.0625,-0.1728516,0.75,0.2285156,128.3438,37.65625,-47.8125,124.2544,278.3408,261.8366,219.5107,316.9044,113.2661,11.233333333333333
1527.274,0.009765625,1.182617,-0.1025391,-32.125,11.09375,9.5625,-0.02050781,0.2802734,0.9199219,1.3125,-6.25,-1.0625,-0.1728516,0.75,0.2285156,128.3438,37.65625,-47.8125,124.2544,278.3408,261.8366,219.5107,316.9044,113.2661,11.266666666666667
1527.308,0.08691406,0.9423828,-0.09179688,0.71875,6.40625,-2.625,-0.02050781,0.2802734,0.9199219,1.3125,-6.25,-1.0625,-0.1728516,0.75,0.2285156,128.3438,37.65625,-47.8125,124.2544,278.3408,261.8366,219.5107,316.9044,113.2661,11.3
1527.341,0.08691406,0.9423828,-0.09179688,0.71875,6.40625,-2.625,-0.1796875,0.4355469,0.8242188,-0.5,5.78125,-0.5625,-0.1728516,0.75,0.2285156,128.3438,37.65625,-47.8125,124.2544,278.3408,261.8366,219.5107,316.9044,113.2661,11.333333333333334
1527.374,-0.02636719,0.8613281,0.05371094,6.6875,3.46875,-4.90625,-0.1796875,0.4355469,0.8242188,-0.5,5.78125,-0.5625,-0.1728516,0.75,0.2285156,128.3438,37.65625,-47.8125,124.2544,278.3408,261.8366,219.5107,316.9044,113.2661,11.366666666666667
1527.407,-0.02636719,0.8613281,0.05371094,6.6875,3.46875,-4.90625,-0.1796875,0.4355469,0.8242188,-0.5,5.78125,-0.5625,-0.1728516,0.75,0.2285156,128.3438,37.65625,-47.8125,131.6436,289.4624,266.0372,219.5107,316.9044,113.2661,11.4
1527.44,-0.02636719,0.8613281,0.05371094,6.6875,3.46875,-4.90625,-0.1796875,0.4355469,0.8242188,-0.5,5.78125,-0.5625,-0.1728516,0.75,0.2285156,128.3438,37.65625,-47.8125,131.6436,289.4624,266.0372,219.5107,316.9044,113.2661,11.433333333333334
1527.473,-0.02636719,0.8613281,0.05371094,6.6875,3.46875,-4.90625,-0.1796875,0.4355469,0.8242188,-0.5,5.78125,-0.5625,-0.1728516,0.75,0.2285156,128.3438,37.65625,-47.8125,131.6436,289.4624,266.0372,219.5107,316.9044,113.2661,11.466666666666667
1527.507,-0.02636719,0.8613281,0.05371094,6.6875,3.46875,-4.90625,-0.1796875,0.4355469,0.8242188,-0.5,5.78125,-0.5625,-0.1728516,0.75,0.2285156,128.3438,37.65625,-47.8125,131.6436,289.4624,266.0372,219.5107,316.9044,113.2661,11.5
1527.541,-0.02636719,0.8613281,0.05371094,6.6875,3.46875,-4.90625,-0.2666016,0.3925781,0.8505859,-0.3125,-2.75,-2.46875,-0.1728516,0.75,0.2285156,128.3438,37.65625,-47.8125,131.6436,289.4624,266.0372,219.5107,316.9044,113.2661,11.533333333333333
1527.573,-0.02636719,0.8613281,0.05371094,6.6875,3.46875,-4.90625,-0.2666016,0.3925781,0.8505859,-0.3125,-2.75,-2.46875,-0.1728516,0.75,0.2285156,128.3438,37.65625,-47.8125,131.6436,289.4624,266.0372,219.5107,316.9044,113.2661,11.566666666666666
1527.607,-0.02636719,0.8613281,0.05371094,6.6875,3.46875,-4.90625,-0.2666016,0.3925781,0.8505859,-0.3125,-2.75,-2.46875,-0.1728516,0.75,0.2285156,128.3438,37.65625,-47.8125,131.6436,289.4624,266.0372,219.5107,316.9044,113.2661,11.6
1527.641,-0.02636719,0.8613281,0.05371094,6.6875,3.46875,-4.90625,-0.2666016,0.3925781,0.8505859,-0.3125,-2.75,-2.46875,-0.1728516,0.75,0.2285156,128.3438,37.65625,-47.8125,131.6436,289.4624,266.0372,219.5107,316.9044,113.2661,11.633333333333333
1527.673,-0.02636719,0.8613281,0.05371094,6.6875,3.46875,-4.90625,-0.2666016,0.3925781,0.8505859,-0.3125,-2.75,-2.46875,-0.1728516,0.75,0.2285156,128.3438,37.65625,-47.8125,131.6436,289.4624,266.0372,219.5107,316.9044,113.2661,11.666666666666666
1527.707,-0.02636719,0.8613281,0.05371094,6.6875,3.46875,-4.90625,-0.2666016,0.3925781,0.8505859,-0.3125,-2.75,-2.46875,-0.1728516,0.75,0.2285156,128.3438,37.65625,-47.8125,131.6436,289.4624,266.0372,219.5107,316.9044,113.2661,11.7
1527.74,-0.02636719,0.8613281,0.05371094,6.6875,3.46875,-4.90625,-0.1435547,0.4414063,0.8535156,0.0,3.21875,-1.125,-0.1728516,0.75,0.2285156,128.3438,37.65625,-47.8125,131.6436,289.4624,266.0372,219.5107,316.9044,113.2661,11.733333333333333
1527.773,-0.02636719,0.8613281,0.05371094,6.6875,3.46875,-4.90625,-0.1435547,0.4414063,0.8535156,0.0,3.21875,-1.125,-0.1728516,0.75,0.2285156,128.3438,37.65625,-47.8125,131.6436,289.4624,266.0372,219.5107,316.9044,113.2661,11.766666666666667
1527.806,-0.02636719,0.8613281,0.05371094,6.6875,3.46875,-4.90625,-0.1435547,0.4414063,0.8535156,0.0,3.21875,-1.125,-0.1728516,0.75,0.2285156,128.3438,37.65625,-47.8125,131.6436,289.4624,266.0372,219.5107,316.9044,113.2661,11.8
1527.84,-0.01855469,0.984375,-0.2675781,16.09375,-0.8125,1.4375,-0.1435547,0.4414063,0.8535156,0.0,3.21875,-1.125,-0.1728516,0.75,0.2285156,128.3438,37.65625,-47.8125,131.6436,289.4624,266.0372,219.5107,316.9044,113.2661,11.833333333333334
1527.873,0.0390625,1.016602,-0.2021484,9.625,-0.6875,7.5625,-0.1435547,0.4414063,0.8535156,0.0,3.21875,-1.125,-0.1728516,0.75,0.2285156,128.3438,37.65625,-47.8125,131.6436,289.4624,266.0372,219.5107,316.9044,113.2661,11.866666666666667
1527.906,0.0390625,1.016602,-0.2021484,9.625,-0.6875,7.5625,-0.1435547,0.4414063,0.8535156,0.0,3.21875,-1.125,-0.1728516,0.75,0.2285156,128.3438,37.65625,-47.8125,131.6436,289.4624,266.0372,219.5107,316.9044,113.2661,11.9
1527.94,0.0390625,1.016602,-0.2021484,9.625,-0.6875,7.5625,-0.2041016,0.3349609,0.8330078,-0.6875,-1.1875,0.0,-0.1728516,0.75,0.2285156,128.3438,37.65625,-47.8125,127.0249,281.7466,262.4423,219.5107,316.9044,113.2661,11.933333333333334
1527.973,0.0390625,1.016602,-0.2021484,9.625,-0.6875,7.5625,-0.2041016,0.3349609,0.8330078,-0.6875,-1.1875,0.0,-0.1728516,0.75,0.2285156,128.3438,37.65625,-47.8125,127.0249,281.7466,262.4423,219.5107,316.9044,113.2661,11.966666666666667
1528.006,0.0390625,1.016602,-0.2021484,9.625,-0.6875,7.5625,-0.2041016,0.3349609,0.8330078,-0.6875,-1.1875,0.0,-0.1728516,0.75,0.2285156,128.3438,37.65625,-47.8125,127.0249,281.7466,262.4423,219.5107,316.9044,113.2661,12.0
1528.04,0.0390625,1.016602,-0.2021484,9.625,-0.6875,7.5625,-0.1494141,0.3701172,0.8701172,-0.375,2.78125,1.625,-0.1728516,0.75,0.2285156,128.3438,37.65625,-47.8125,127.0249,281.7466,262.4423,219.5107,316.9044,113.2661,12.033333333333333
1528.073,0.0390625,1.016602,-0.2021484,9.625,-0.6875,7.5625,-0.1494141,0.3701172,0.8701172,-0.375,2.78125,1.625,-0.1728516,0.75,0.2285156,128.3438,37.65625,-47.8125,127.0249,281.7466,262.4423,219.5107,316.9044,113.2661,12.066666666666666
1528.106,0.0390625,1.016602,-0.2021484,9.625,-0.6875,7.5625,-0.1494141,0.3701172,0.8701172,-0.375,2.78125,1.625,-0.1728516,0.75,0.2285156,128.3438,37.65625,-47.8125,127.0249,281.7466,262.4423,219.5107,316.9044,113.2661,12.1
1528.14,0.0390625,1.016602,-0.2021484,9.625,-0.6875,7.5625,-0.1494141,0.3701172,0.8701172,-0.375,2.78125,1.625,-0.1728516,0.75,0.2285156,128.3438,37.65625,-47.8125,127.0249,281.7466,262.4423,219.5107,316.9044,113.2661,12.133333333333333
1528.175,0.0390625,1.016602,-0.2021484,9.625,-0.6875,7.5625,-0.1494141,0.3701172,0.8701172,-0.375,2.78125,1.625,-0.1728516,0.75,0.2285156,128.3438,37.65625,-47.8125,127.0249,281.7466,262.4423,219.5107,316.9044,113.2661,12.166666666666666
1528.229,0.0390625,1.016602,-0.2021484,9.625,-0.6875,7.5625,-0.1494141,0.3701172,0.8701172,-0.375,2.78125,1.625,-0.1728516,0.75,0.2285156,128.3438,37.65625,-47.8125,125.7297,280.2332,261.8302,219.5107,316.9044,113.2661,12.2
1528.231,0.0390625,1.016602,-0.2021484,9.625,-0.6875,7.5625,-0.1494141,0.3701172,0.8701172,-0.375,2.78125,1.625,-0.1728516,0.75,0.2285156,128.3438,37.65625,-47.8125,125.7297,280.2332,261.8302,219.5107,316.9044,113.2661,12.233333333333333
1528.257,0.1669922,0.9150391,-0.2050781,5.1875,-0.0625,1.625,-0.2529297,0.3212891,0.7988281,0.28125,0.03125,-0.625,-0.1728516,0.75,0.2285156,128.3438,37.65625,-47.8125,125.7297,280.2332,261.8302,219.5107,316.9044,113.2661,12.266666666666667
1528.289,0.1669922,0.9150391,-0.2050781,5.1875,-0.0625,1.625,-0.2529297,0.3212891,0.7988281,0.28125,0.03125,-0.625,-0.1728516,0.75,0.2285156,128.3438,37.65625,-47.8125,125.7652,280.209,261.9768,219.5107,316.9044,113.2661,12.3
1528.323,0.006835938,0.8242188,-0.3095703,2.84375,-0.5625,2.71875,-0.2529297,0.3212891,0.7988281,0.28125,0.03125,-0.625,-0.1728516,0.75,0.2285156,128.3438,37.65625,-47.8125,125.8761,280.3124,262.0387,219.5107,316.9044,113.2661,12.333333333333334
1528.356,0.006835938,0.8242188,-0.3095703,2.84375,-0.5625,2.71875,-0.2529297,0.3212891,0.7988281,0.28125,0.03125,-0.625,-0.1728516,0.75,0.2285156,128.3438,37.65625,-47.8125,125.8761,280.3124,262.0387,219.5107,316.9044,113.2661,12.366666666666667
1528.389,0.006835938,0.8242188,-0.3095703,2.84375,-0.5625,2.71875,-0.2529297,0.3212891,0.7988281,0.28125,0.03125,-0.625,-0.1728516,0.75,0.2285156,128.3438,37.65625,-47.8125,125.8761,280.3124,262.0387,219.5107,316.9044,113.2661,12.4
1528.423,0.006835938,0.8242188,-0.3095703,2.84375,-0.5625,2.71875,-0.2529297,0.3212891,0.7988281,0.28125,0.03125,-0.625,-0.1728516,0.75,0.2285156,128.3438,37.65625,-47.8125,125.8761,280.3124,262.0387,219.5107,316.9044,113.2661,12.433333333333334
1528.456,0.006835938,0.8242188,-0.3095703,2.84375,-0.5625,2.71875,-0.1708984,0.4394531,0.8583984,0.40625,0.53125,0.78125,-0.1728516,0.75,0.2285156,128.3438,37.65625,-47.8125,125.8761,280.3124,262.0387,219.5107,316.9044,113.2661,12.466666666666667
1528.489,0.006835938,0.8242188,-0.3095703,2.84375,-0.5625,2.71875,-0.1708984,0.4394531,0.8583984,0.40625,0.53125,0.78125,-0.1728516,0.75,0.2285156,128.3438,37.65625,-47.8125,125.8761,280.3124,262.0387,219.5107,316.9044,113.2661,12.5
1528.523,0.006835938,0.8242188,-0.3095703,2.84375,-0.5625,2.71875,-0.1708984,0.4394531,0.8583984,0.40625,0.53125,0.78125,-0.1728516,0.75,0.2285156,128.3438,37.65625,-47.8125,125.8761,280.3124,262.0387,219.5107,316.9044,113.2661,12.533333333333333
1528.556,0.006835938,0.8242188,-0.3095703,2.84375,-0.5625,2.71875,-0.1708984,0.4394531,0.8583984,0.40625,0.53125,0.78125,-0.1728516,0.75,0.2285156,128.3438,37.65625,-47.8125,125.8761,280.3124,262.0387,219.5107,316.9044,113.2661,12.566666666666666
1528.589,0.006835938,0.8242188,-0.3095703,2.84375,-0.5625,2.71875,-0.2431641,0.4316406,0.8115234,0.53125,-0.625,0.09375,-0.1728516,0.75,0.2285156,128.3438,37.65625,-47.8125,125.8761,280.3124,262.0387,219.5107,316.9044,113.2661,12.6
1528.623,0.006835938,0.8242188,-0.3095703,2.84375,-0.5625,2.71875,-0.2431641,0.4316406,0.8115234,0.53125,-0.625,0.09375,-0.1728516,0.75,0.2285156,128.3438,37.65625,-47.8125,125.8761,280.3124,262.0387,219.5107,316.9044,113.2661,12.633333333333333
1528.655,0.006835938,0.8242188,-0.3095703,2.84375,-0.5625,2.71875,-0.2431641,0.4316406,0.8115234,0.53125,-0.625,0.09375,-0.1728516,0.75,0.2285156,128.3438,37.65625,-47.8125,125.8761,280.3124,262.0387,219.5107,316.9044,113.2661,12.666666666666666
1528.69,0.006835938,0.8242188,-0.3095703,2.84375,-0.5625,2.71875,-0.2431641,0.4316406,0.8115234,0.53125,-0.625,0.09375,-0.1728516,0.75,0.2285156,128.3438,37.65625,-47.8125,124.2035,277.8588,260.9059,219.5107,316.9044,113.2661,12.7
