626.6068,-0.078125,1.129883,0.1328125,3.71875,-9.46875,-1.34375,-0.2080078,-0.01171875,0.8037109,-1.25,-4.03125,2.90625,0.2167969,0.8349609,-0.2460938,2.5,5.28125,-3.3125,87.54699,200.8948,153.5869,77.6674,258.2294,241.4071
626.6403,-0.078125,1.129883,0.1328125,3.71875,-9.46875,-1.34375,-0.2080078,-0.01171875,0.8037109,-1.25,-4.03125,2.90625,0.02246094,1.039063,-0.3232422,-2.8125,-1.0625,5.59375,94.80544,218.8205,153.2465,77.6674,258.2294,241.4071
626.6739,-0.078125,1.129883,0.1328125,3.71875,-9.46875,-1.34375,-0.2080078,-0.01171875,0.8037109,-1.25,-4.03125,2.90625,0.02246094,1.039063,-0.3232422,-2.8125,-1.0625,5.59375,94.80544,218.8205,153.2465,77.6674,258.2294,241.4071
626.7075,-0.06152344,1.046875,-0.08984375,-1.25,-13.03125,-6.375,-0.2080078,-0.01171875,0.8037109,-1.25,-4.03125,2.90625,0.02246094,1.039063,-0.3232422,-2.8125,-1.0625,5.59375,94.99655,219.9629,153.0471,77.6674,258.2294,241.4071
626.7408,-0.06152344,1.046875,-0.08984375,-1.25,-13.03125,-6.375,-0.2080078,-0.01171875,0.8037109,-1.25,-4.03125,2.90625,0.02246094,1.039063,-0.3232422,-2.8125,-1.0625,5.59375,94.99655,219.9629,153.0471,77.6674,258.2294,241.4071
626.7742,-0.06152344,1.046875,-0.08984375,-1.25,-13.03125,-6.375,-0.2080078,-0.01171875,0.8037109,-1.25,-4.03125,2.90625,0.02246094,1.039063,-0.3232422,-2.8125,-1.0625,5.59375,94.99655,219.9629,153.0471,77.6674,258.2294,241.4071
626.8074,-0.07421875,0.9707031,-0.01855469,-17.21875,-14.0625,-2.53125,-0.2080078,-0.01171875,0.8037109,-1.25,-4.03125,2.90625,0.02246094,1.039063,-0.3232422,-2.8125,-1.0625,5.59375,94.99655,219.9629,153.0471,77.6674,258.2294,241.4071
626.8409,-0.07421875,0.9707031,-0.01855469,-17.21875,-14.0625,-2.53125,-0.2080078,-0.01171875,0.8037109,-1.25,-4.03125,2.90625,0.02246094,1.039063,-0.3232422,-2.8125,-1.0625,5.59375,94.99655,219.9629,153.0471,77.6674,258.2294,241.4071
626.8745,-0.07421875,0.9707031,-0.01855469,-17.21875,-14.0625,-2.53125,-0.2929688,-0.04589844,0.8671875,2.84375,2.5,-2.53125,0.02246094,1.039063,-0.3232422,-2.8125,-1.0625,5.59375,94.99655,219.9629,153.0471,82.75138,262.3043,238.1917
626.9077,-0.09082031,1.045898,-0.03027344,42.09375,-7.34375,-5.875,-0.2929688,-0.04589844,0.8671875,2.84375,2.5,-2.53125,0.2509766,0.9628906,-0.1445313,-5.09375,-1.96875,7.5,95.07635,220.5782,152.8908,82.75138,262.3043,238.1917
626.9412,-0.09082031,1.045898,-0.03027344,42.09375,-7.34375,-5.875,-0.2929688,-0.04589844,0.8671875,2.84375,2.5,-2.53125,0.2509766,0.9628906,-0.1445313,-5.09375,-1.96875,7.5,95.07635,220.5782,152.8908,81.98413,261.9953,238.4129
626.9744,-0.09082031,1.045898,-0.03027344,42.09375,-7.34375,-5.875,-0.2929688,-0.04589844,0.8671875,2.84375,2.5,-2.53125,0.2509766,0.9628906,-0.1445313,-5.09375,-1.96875,7.5,95.17352,220.9338,152.9055,81.98413,261.9953,238.4129
627.0076,-0.09082031,1.045898,-0.03027344,42.09375,-7.34375,-5.875,-0.2929688,-0.04589844,0.8671875,2.84375,2.5,-2.53125,0.2509766,0.9628906,-0.1445313,-5.09375,-1.96875,7.5,95.17352,220.9338,152.9055,81.98413,261.9953,238.4129
627.0411,-0.09082031,1.045898,-0.03027344,42.09375,-7.34375,-5.875,-0.2929688,-0.04589844,0.8671875,2.84375,2.5,-2.53125,0.2509766,0.9628906,-0.1445313,-5.09375,-1.96875,7.5,95.17352,220.9338,152.9055,82.6731,262.5343,238.3172
627.0743,-0.09570313,1.111328,-0.04003906,51.3125,-1.53125,-6,-0.2929688,-0.04589844,0.8671875,2.84375,2.5,-2.53125,0.2509766,0.9628906,-0.1445313,-5.09375,-1.96875,7.5,95.17352,220.9338,152.9055,82.6731,262.5343,238.3172
627.1078,-0.09570313,1.111328,-0.04003906,51.3125,-1.53125,-6,-0.2929688,-0.04589844,0.8671875,2.84375,2.5,-2.53125,0.2509766,0.9628906,-0.1445313,-5.09375,-1.96875,7.5,95.17352,220.9338,152.9055,82.6731,262.5343,238.3172
627.1411,-0.09570313,1.111328,-0.04003906,51.3125,-1.53125,-6,-0.4765625,0.01269531,0.8955078,-4.71875,4.6875,1.8125,0.2509766,0.9628906,-0.1445313,-5.09375,-1.96875,7.5,95.17352,220.9338,152.9055,82.6731,262.5343,238.3172
627.1771,-0.09570313,1.111328,-0.04003906,51.3125,-1.53125,-6,-0.4765625,0.01269531,0.8955078,-4.71875,4.6875,1.8125,0.2509766,0.9628906,-0.1445313,-5.09375,-1.96875,7.5,95.17352,220.9338,152.9055,82.6731,262.5343,238.3172
627.2105,-0.09570313,1.111328,-0.04003906,51.3125,-1.53125,-6,-0.4765625,0.01269531,0.8955078,-4.71875,4.6875,1.8125,0.2509766,0.9628906,-0.1445313,-5.09375,-1.96875,7.5,95.17352,220.9338,152.9055,82.6731,262.5343,238.3172
627.2439,-0.1533203,1.047852,-0.1044922,2.5625,-23.40625,-8.875,-0.4765625,0.01269531,0.8955078,-4.71875,4.6875,1.8125,0.2509766,0.9628906,-0.1445313,-5.09375,-1.96875,7.5,94.75015,218.835,152.9283,82.6731,262.5343,238.3172
627.2776,-0.1533203,1.047852,-0.1044922,2.5625,-23.40625,-8.875,-0.4765625,0.01269531,0.8955078,-4.71875,4.6875,1.8125,0.2509766,0.9628906,-0.1445313,-5.09375,-1.96875,7.5,94.75015,218.835,152.9283,82.6731,262.5343,238.3172
627.3109,-0.1533203,1.047852,-0.1044922,2.5625,-23.40625,-8.875,-0.4765625,0.01269531,0.8955078,-4.71875,4.6875,1.8125,0.2509766,0.9628906,-0.1445313,-5.09375,-1.96875,7.5,94.75015,218.835,152.9283,82.6731,262.5343,238.3172
627.3442,-0.1533203,1.047852,-0.1044922,2.5625,-23.40625,-8.875,-0.4765625,0.01269531,0.8955078,-4.71875,4.6875,1.8125,0.2509766,0.9628906,-0.1445313,-5.09375,-1.96875,7.5,94.75015,218.835,152.9283,82.6731,262.5343,238.3172
627.3773,-0.1533203,1.047852,-0.1044922,2.5625,-23.40625,-8.875,-0.4765625,0.01269531,0.8955078,-4.71875,4.6875,1.8125,0.07714844,0.9150391,-0.21875,0.21875,2.84375,-0.875,94.75015,218.835,152.9283,82.6731,262.5343,238.3172
627.4108,-0.1533203,1.047852,-0.1044922,2.5625,-23.40625,-8.875,-0.4833984,0.1259766,0.8740234,-3.5625,6.46875,7.96875,0.07714844,0.9150391,-0.21875,0.21875,2.84375,-0.875,94.75015,218.835,152.9283,87.13774,264.1044,241.9783
627.4442,-0.1533203,1.047852,-0.1044922,2.5625,-23.40625,-8.875,-0.4833984,0.1259766,0.8740234,-3.5625,6.46875,7.96875,0.07714844,0.9150391,-0.21875,0.21875,2.84375,-0.875,94.75015,218.835,152.9283,87.13774,264.1044,241.9783
627.4775,-0.1533203,1.047852,-0.1044922,2.5625,-23.40625,-8.875,-0.4833984,0.1259766,0.8740234,-3.5625,6.46875,7.96875,0.1523438,0.9365234,-0.1572266,-3.75,0.96875,2.59375,94.75015,218.835,152.9283,87.13774,264.1044,241.9783
627.5111,-0.1533203,1.047852,-0.1044922,2.5625,-23.40625,-8.875,-0.4716797,-0.02539063,0.8808594,2.5625,-7.9375,-2.75,0.1523438,0.9365234,-0.1572266,-3.75,0.96875,2.59375,94.75015,218.835,152.9283,89.12326,264.5782,242.1248
627.5444,-0.1533203,1.047852,-0.1044922,2.5625,-23.40625,-8.875,-0.4716797,-0.02539063,0.8808594,2.5625,-7.9375,-2.75,0.1523438,0.9365234,-0.1572266,-3.75,0.96875,2.59375,96.71584,209.5827,147.3168,89.12326,264.5782,242.1248
627.5778,-0.1533203,1.047852,-0.1044922,2.5625,-23.40625,-8.875,-0.4716797,-0.02539063,0.8808594,2.5625,-7.9375,-2.75,0.1523438,0.9365234,-0.1572266,-3.75,0.96875,2.59375,96.71584,209.5827,147.3168,89.12326,264.5782,242.1248
627.6116,-0.1533203,1.047852,-0.1044922,2.5625,-23.40625,-8.875,-0.4716797,-0.02539063,0.8808594,2.5625,-7.9375,-2.75,0.1523438,0.9365234,-0.1572266,-3.75,0.96875,2.59375,96.71584,209.5827,147.3168,89.12326,264.5782,242.1248
627.6452,-0.1533203,1.047852,-0.1044922,2.5625,-23.40625,-8.875,-0.4716797,-0.02539063,0.8808594,2.5625,-7.9375,-2.75,0.2314453,0.8378906,-0.1347656,-2.40625,0.65625,4.0625,96.71584,209.5827,147.3168,89.12326,264.5782,242.1248
627.6783,-0.1533203,1.047852,-0.1044922,2.5625,-23.40625,-8.875,-0.4716797,-0.02539063,0.8808594,2.5625,-7.9375,-2.75,0.2314453,0.8378906,-0.1347656,-2.40625,0.65625,4.0625,96.71584,209.5827,147.3168,89.12326,264.5782,242.1248
627.712,-0.1533203,1.047852,-0.1044922,2.5625,-23.40625,-8.875,-0.4716797,-0.02539063,0.8808594,2.5625,-7.9375,-2.75,0.2314453,0.8378906,-0.1347656,-2.40625,0.65625,4.0625,96.71584,209.5827,147.3168,89.12326,264.5782,242.1248
627.7458,-0.1533203,1.047852,-0.1044922,2.5625,-23.40625,-8.875,-0.4716797,-0.02539063,0.8808594,2.5625,-7.9375,-2.75,0.1337891,0.8671875,-0.2294922,-2.21875,9.875,-5.03125,96.71584,209.5827,147.3168,89.12326,264.5782,242.1248
627.7791,-0.1533203,1.047852,-0.1044922,2.5625,-23.40625,-8.875,-0.4716797,-0.02539063,0.8808594,2.5625,-7.9375,-2.75,0.1337891,0.8671875,-0.2294922,-2.21875,9.875,-5.03125,96.71584,209.5827,147.3168,89.12326,264.5782,242.1248
627.8124,-0.1533203,1.047852,-0.1044922,2.5625,-23.40625,-8.875,-0.4716797,-0.02539063,0.8808594,2.5625,-7.9375,-2.75,0.34375,1.023438,-0.1826172,0,7.0625,-1.0625,96.90451,210.2173,146.5483,89.12326,264.5782,242.1248
627.8461,-0.1533203,1.047852,-0.1044922,2.5625,-23.40625,-8.875,-0.4716797,-0.02539063,0.8808594,2.5625,-7.9375,-2.75,0.34375,1.023438,-0.1826172,0,7.0625,-1.0625,96.90451,210.2173,146.5483,89.12326,264.5782,242.1248
627.8793,-0.03710938,0.9560547,0.2128906,-9.15625,4.625,2.1875,-0.4716797,-0.02539063,0.8808594,2.5625,-7.9375,-2.75,0.34375,1.023438,-0.1826172,0,7.0625,-1.0625,96.90044,211.6653,147.115,89.12326,264.5782,242.1248
627.9136,-0.03710938,0.9560547,0.2128906,-9.15625,4.625,2.1875,-0.4716797,-0.02539063,0.8808594,2.5625,-7.9375,-2.75,0.34375,1.023438,-0.1826172,0,7.0625,-1.0625,96.90044,211.6653,147.115,89.12326,264.5782,242.1248
627.9468,-0.03710938,0.9560547,0.2128906,-9.15625,4.625,2.1875,-0.4716797,-0.02539063,0.8808594,2.5625,-7.9375,-2.75,0.34375,1.023438,-0.1826172,0,7.0625,-1.0625,96.90044,211.6653,147.115,82.29818,262.5069,237.9906
627.9798,-0.06445313,1.029297,0.1923828,-8.8125,-7.59375,6.21875,-0.4716797,-0.02539063,0.8808594,2.5625,-7.9375,-2.75,0.34375,1.023438,-0.1826172,0,7.0625,-1.0625,96.90044,211.6653,147.115,82.29818,262.5069,237.9906
628.0135,-0.06445313,1.029297,0.1923828,-8.8125,-7.59375,6.21875,-0.4716797,-0.02539063,0.8808594,2.5625,-7.9375,-2.75,0.125,0.8603516,-0.2832031,-1.25,0.34375,-0.5,96.90044,211.6653,147.115,82.29818,262.5069,237.9906
628.047,-0.06445313,1.029297,0.1923828,-8.8125,-7.59375,6.21875,-0.4716797,-0.02539063,0.8808594,2.5625,-7.9375,-2.75,0.125,0.8603516,-0.2832031,-1.25,0.34375,-0.5,96.90044,211.6653,147.115,82.29818,262.5069,237.9906
628.0801,-0.07226563,0.9130859,0.203125,-12.34375,3.46875,0.21875,-0.4716797,-0.02539063,0.8808594,2.5625,-7.9375,-2.75,0.125,0.8603516,-0.2832031,-1.25,0.34375,-0.5,96.69251,212.0308,147.5825,82.29818,262.5069,237.9906
628.1136,-0.07226563,0.9130859,0.203125,-12.34375,3.46875,0.21875,-0.4716797,-0.02539063,0.8808594,2.5625,-7.9375,-2.75,0.125,0.8603516,-0.2832031,-1.25,0.34375,-0.5,96.69251,212.0308,147.5825,81.47427,261.8674,237.8598
628.1472,-0.02539063,0.9951172,0.06445313,-9.53125,-1.96875,-5.375,-0.4716797,-0.02539063,0.8808594,2.5625,-7.9375,-2.75,0.125,0.8603516,-0.2832031,-1.25,0.34375,-0.5,96.91766,212.3882,147.2769,81.47427,261.8674,237.8598
628.1803,-0.02539063,0.9951172,0.06445313,-9.53125,-1.96875,-5.375,-0.4716797,-0.02539063,0.8808594,2.5625,-7.9375,-2.75,0.125,0.8603516,-0.2832031,-1.25,0.34375,-0.5,96.91766,212.3882,147.2769,81.47427,261.8674,237.8598
628.2137,-0.02539063,0.9951172,0.06445313,-9.53125,-1.96875,-5.375,-0.3710938,0.02148438,0.8105469,-0.625,-2.03125,-1.84375,0.125,0.8603516,-0.2832031,-1.25,0.34375,-0.5,96.91766,212.3882,147.2769,80.52504,261.1675,236.7773
628.2474,0.06640625,1.053711,0.2519531,-4.53125,3.46875,0.53125,-0.3710938,0.02148438,0.8105469,-0.625,-2.03125,-1.84375,0.125,0.8603516,-0.2832031,-1.25,0.34375,-0.5,96.91766,212.3882,147.2769,80.52504,261.1675,236.7773
628.2808,0.06640625,1.053711,0.2519531,-4.53125,3.46875,0.53125,-0.3710938,0.02148438,0.8105469,-0.625,-2.03125,-1.84375,0.125,0.8603516,-0.2832031,-1.25,0.34375,-0.5,96.91766,212.3882,147.2769,80.52504,261.1675,236.7773
628.3141,0.06640625,1.053711,0.2519531,-4.53125,3.46875,0.53125,-0.3710938,0.02148438,0.8105469,-0.625,-2.03125,-1.84375,0.125,0.8603516,-0.2832031,-1.25,0.34375,-0.5,96.91766,212.3882,147.2769,80.36699,261.1837,237.0658
628.3476,-0.04785156,0.9873047,0.3310547,10.25,2.71875,-0.1875,-0.3710938,0.02148438,0.8105469,-0.625,-2.03125,-1.84375,0.125,0.8603516,-0.2832031,-1.25,0.34375,-0.5,97.15104,213.6129,147.3326,80.36699,261.1837,237.0658
628.3807,-0.04785156,0.9873047,0.3310547,10.25,2.71875,-0.1875,-0.3769531,0.02148438,0.8417969,2.25,0.78125,-1.34375,0.125,0.8603516,-0.2832031,-1.25,0.34375,-0.5,97.15104,213.6129,147.3326,81.13155,261.6406,236.7893
628.4145,-0.04785156,0.9873047,0.3310547,10.25,2.71875,-0.1875,-0.3769531,0.02148438,0.8417969,2.25,0.78125,-1.34375,0.125,0.8603516,-0.2832031,-1.25,0.34375,-0.5,97.15104,213.6129,147.3326,81.13155,261.6406,236.7893
628.4478,-0.04785156,0.9873047,0.3310547,10.25,2.71875,-0.1875,-0.3769531,0.02148438,0.8417969,2.25,0.78125,-1.34375,0.125,0.8603516,-0.2832031,-1.25,0.34375,-0.5,97.15104,213.6129,147.3326,81.13155,261.6406,236.7893
628.4808,-0.04785156,0.9873047,0.3310547,10.25,2.71875,-0.1875,-0.3769531,0.02148438,0.8417969,2.25,0.78125,-1.34375,0.125,0.8603516,-0.2832031,-1.25,0.34375,-0.5,97.15104,213.6129,147.3326,81.13155,261.6406,236.7893
628.5146,-0.01269531,0.8935547,0.2548828,-11.78125,1.28125,2.59375,-0.3769531,0.02148438,0.8417969,2.25,0.78125,-1.34375,0.125,0.8603516,-0.2832031,-1.25,0.34375,-0.5,97.15104,213.6129,147.3326,81.13155,261.6406,236.7893
628.5482,-0.01269531,0.8935547,0.2548828,-11.78125,1.28125,2.59375,-0.3769531,0.02148438,0.8417969,2.25,0.78125,-1.34375,0.2470703,0.8291016,-0.1074219,-0.9375,-2.28125,-0.125,97.15104,213.6129,147.3326,81.13155,261.6406,236.7893
628.581,-0.01269531,0.8935547,0.2548828,-11.78125,1.28125,2.59375,-0.3769531,0.02148438,0.8417969,2.25,0.78125,-1.34375,0.2470703,0.8291016,-0.1074219,-0.9375,-2.28125,-0.125,97.15104,213.6129,147.3326,81.13155,261.6406,236.7893
628.6145,-0.01269531,0.8935547,0.2548828,-11.78125,1.28125,2.59375,-0.3769531,0.02148438,0.8417969,2.25,0.78125,-1.34375,0.2470703,0.8291016,-0.1074219,-0.9375,-2.28125,-0.125,97.15104,213.6129,147.3326,81.13155,261.6406,236.7893
628.6478,-0.01269531,0.8935547,0.2548828,-11.78125,1.28125,2.59375,-0.3505859,0,0.9179688,-1.34375,-0.3125,1.03125,0.1123047,0.9384766,-0.2001953,-0.6875,-0.25,0.46875,97.15104,213.6129,147.3326,81.13155,261.6406,236.7893
628.6812,-0.01269531,0.8935547,0.2548828,-11.78125,1.28125,2.59375,-0.3505859,0,0.9179688,-1.34375,-0.3125,1.03125,0.1123047,0.9384766,-0.2001953,-0.6875,-0.25,0.46875,97.15104,213.6129,147.3326,80.86128,261.4878,236.6302
628.7147,-0.01269531,0.8935547,0.2548828,-11.78125,1.28125,2.59375,-0.3505859,0,0.9179688,-1.34375,-0.3125,1.03125,0.1123047,0.9384766,-0.2001953,-0.6875,-0.25,0.46875,97.15104,213.6129,147.3326,80.86128,261.4878,236.6302
628.7481,-0.01269531,0.8935547,0.2548828,-11.78125,1.28125,2.59375,-0.2753906,0.04296875,0.9482422,-0.0625,-0.875,1.5,0.1123047,0.9384766,-0.2001953,-0.6875,-0.25,0.46875,97.15104,213.6129,147.3326,80.86128,261.4878,236.6302
628.7812,-0.1220703,0.953125,0.2275391,1.5,0.96875,0.90625,-0.2753906,0.04296875,0.9482422,-0.0625,-0.875,1.5,0.1123047,0.9384766,-0.2001953,-0.6875,-0.25,0.46875,97.15104,213.6129,147.3326,80.86128,261.4878,236.6302
628.8147,-0.1220703,0.953125,0.2275391,1.5,0.96875,0.90625,-0.2753906,0.04296875,0.9482422,-0.0625,-0.875,1.5,0.1816406,0.8613281,-0.3535156,-0.25,-0.625,-0.9375,97.15104,213.6129,147.3326,80.86128,261.4878,236.6302
628.8478,-0.1220703,0.953125,0.2275391,1.5,0.96875,0.90625,-0.2753906,0.04296875,0.9482422,-0.0625,-0.875,1.5,0.1816406,0.8613281,-0.3535156,-0.25,-0.625,-0.9375,97.15104,213.6129,147.3326,79.97307,260.7858,235.8848
628.8812,-0.1220703,0.953125,0.2275391,1.5,0.96875,0.90625,-0.2753906,0.04296875,0.9482422,-0.0625,-0.875,1.5,0.1816406,0.8613281,-0.3535156,-0.25,-0.625,-0.9375,97.15104,213.6129,147.3326,79.97307,260.7858,235.8848
628.9146,-0.1220703,0.953125,0.2275391,1.5,0.96875,0.90625,-0.2753906,0.04296875,0.9482422,-0.0625,-0.875,1.5,0.1650391,0.9433594,-0.265625,-0.5,-2.15625,0.34375,97.15104,213.6129,147.3326,79.97307,260.7858,235.8848
628.9481,-0.1220703,0.953125,0.2275391,1.5,0.96875,0.90625,-0.2753906,0.04296875,0.9482422,-0.0625,-0.875,1.5,0.1650391,0.9433594,-0.265625,-0.5,-2.15625,0.34375,97.15104,213.6129,147.3326,79.97307,260.7858,235.8848
628.9813,-0.1220703,0.953125,0.2275391,1.5,0.96875,0.90625,-0.2753906,0.04296875,0.9482422,-0.0625,-0.875,1.5,0.1650391,0.9433594,-0.265625,-0.5,-2.15625,0.34375,97.15104,213.6129,147.3326,79.97307,260.7858,235.8848
629.0149,-0.1220703,0.953125,0.2275391,1.5,0.96875,0.90625,-0.2753906,0.04296875,0.9482422,-0.0625,-0.875,1.5,0.1650391,0.9433594,-0.265625,-0.5,-2.15625,0.34375,97.15104,213.6129,147.3326,79.97307,260.7858,235.8848
629.0481,-0.1220703,0.953125,0.2275391,1.5,0.96875,0.90625,-0.2753906,0.04296875,0.9482422,-0.0625,-0.875,1.5,0.1650391,0.9433594,-0.265625,-0.5,-2.15625,0.34375,97.15104,213.6129,147.3326,79.97307,260.7858,235.8848
629.0813,-0.1220703,0.953125,0.2275391,1.5,0.96875,0.90625,-0.2753906,0.04296875,0.9482422,-0.0625,-0.875,1.5,0.1650391,0.9433594,-0.265625,-0.5,-2.15625,0.34375,97.15104,213.6129,147.3326,79.97307,260.7858,235.8848
629.1148,-0.1220703,0.953125,0.2275391,1.5,0.96875,0.90625,-0.4023438,-0.08496094,0.8867188,0.15625,-0.0625,-2.03125,0.1650391,0.9433594,-0.265625,-0.5,-2.15625,0.34375,97.15104,213.6129,147.3326,79.97307,260.7858,235.8848
629.1483,-0.1220703,0.953125,0.2275391,1.5,0.96875,0.90625,-0.4023438,-0.08496094,0.8867188,0.15625,-0.0625,-2.03125,0.1650391,0.9433594,-0.265625,-0.5,-2.15625,0.34375,97.15104,213.6129,147.3326,79.97307,260.7858,235.8848
629.1813,-0.1220703,0.953125,0.2275391,1.5,0.96875,0.90625,-0.4023438,-0.08496094,0.8867188,0.15625,-0.0625,-2.03125,0.04589844,0.9873047,-0.2578125,0.59375,-1.0625,0.46875,97.15104,213.6129,147.3326,79.97307,260.7858,235.8848
629.2151,-0.1220703,0.953125,0.2275391,1.5,0.96875,0.90625,-0.4023438,-0.08496094,0.8867188,0.15625,-0.0625,-2.03125,0.04589844,0.9873047,-0.2578125,0.59375,-1.0625,0.46875,97.15104,213.6129,147.3326,79.97307,260.7858,235.8848
629.2485,-0.1220703,0.953125,0.2275391,1.5,0.96875,0.90625,-0.4023438,-0.08496094,0.8867188,0.15625,-0.0625,-2.03125,0.1523438,0.8476563,-0.3242188,-1.0625,0,2.125,97.15104,213.6129,147.3326,79.97307,260.7858,235.8848
629.2814,-0.1767578,1.080078,0.2304688,13.59375,0.53125,-0.5625,-0.4023438,-0.08496094,0.8867188,0.15625,-0.0625,-2.03125,0.1523438,0.8476563,-0.3242188,-1.0625,0,2.125,97.15104,213.6129,147.3326,79.97307,260.7858,235.8848
629.3148,-0.1767578,1.080078,0.2304688,13.59375,0.53125,-0.5625,-0.4023438,-0.08496094,0.8867188,0.15625,-0.0625,-2.03125,0.1523438,0.8476563,-0.3242188,-1.0625,0,2.125,97.15104,213.6129,147.3326,79.97307,260.7858,235.8848
629.3484,-0.1767578,1.080078,0.2304688,13.59375,0.53125,-0.5625,-0.3564453,0.004882813,0.8583984,5.28125,4.4375,0.65625,0.1523438,0.8476563,-0.3242188,-1.0625,0,2.125,97.15104,213.6129,147.3326,79.97307,260.7858,235.8848
629.3815,-0.08691406,0.8730469,0.1025391,19.6875,-1.1875,-1.3125,-0.3564453,0.004882813,0.8583984,5.28125,4.4375,0.65625,0.1523438,0.8476563,-0.3242188,-1.0625,0,2.125,97.15104,213.6129,147.3326,79.97307,260.7858,235.8848
629.4151,-0.08691406,0.8730469,0.1025391,19.6875,-1.1875,-1.3125,-0.3564453,0.004882813,0.8583984,5.28125,4.4375,0.65625,0.1738281,0.9638672,-0.1298828,-1.53125,-0.3125,1.28125,97.15104,213.6129,147.3326,79.97307,260.7858,235.8848
629.4485,-0.08691406,0.8730469,0.1025391,19.6875,-1.1875,-1.3125,-0.3564453,0.004882813,0.8583984,5.28125,4.4375,0.65625,0.1738281,0.9638672,-0.1298828,-1.53125,-0.3125,1.28125,97.15104,213.6129,147.3326,79.97307,260.7858,235.8848
629.4817,-0.08691406,0.8730469,0.1025391,19.6875,-1.1875,-1.3125,-0.3564453,0.004882813,0.8583984,5.28125,4.4375,0.65625,0.1738281,0.9638672,-0.1298828,-1.53125,-0.3125,1.28125,97.15104,213.6129,147.3326,79.97307,260.7858,235.8848
629.5152,-0.08691406,0.8730469,0.1025391,19.6875,-1.1875,-1.3125,-0.3564453,0.004882813,0.8583984,5.28125,4.4375,0.65625,0.1738281,0.9638672,-0.1298828,-1.53125,-0.3125,1.28125,97.15104,213.6129,147.3326,79.97307,260.7858,235.8848
629.5484,-0.08691406,0.8730469,0.1025391,19.6875,-1.1875,-1.3125,-0.3564453,0.004882813,0.8583984,5.28125,4.4375,0.65625,0.1738281,0.9638672,-0.1298828,-1.53125,-0.3125,1.28125,97.15104,213.6129,147.3326,79.49818,260.5656,236.5287
629.5818,-0.08691406,0.8730469,0.1025391,19.6875,-1.1875,-1.3125,-0.3564453,0.004882813,0.8583984,5.28125,4.4375,0.65625,0.1738281,0.9638672,-0.1298828,-1.53125,-0.3125,1.28125,97.15104,213.6129,147.3326,79.49818,260.5656,236.5287
629.6153,-0.08691406,0.8730469,0.1025391,19.6875,-1.1875,-1.3125,-0.3564453,0.004882813,0.8583984,5.28125,4.4375,0.65625,0.1738281,0.9638672,-0.1298828,-1.53125,-0.3125,1.28125,97.15104,213.6129,147.3326,79.49818,260.5656,236.5287
629.6487,-0.08691406,0.8730469,0.1025391,19.6875,-1.1875,-1.3125,-0.3564453,0.004882813,0.8583984,5.28125,4.4375,0.65625,0.1738281,0.9638672,-0.1298828,-1.53125,-0.3125,1.28125,96.97083,212.2373,146.9986,79.49818,260.5656,236.5287
629.6817,-0.08691406,0.8730469,0.1025391,19.6875,-1.1875,-1.3125,-0.3564453,0.004882813,0.8583984,5.28125,4.4375,0.65625,0.1582031,0.9140625,-0.0546875,0.34375,0.34375,-0.0625,96.97083,212.2373,146.9986,79.49818,260.5656,236.5287
629.7154,-0.08691406,0.8730469,0.1025391,19.6875,-1.1875,-1.3125,-0.4580078,0.04003906,0.8994141,-1.40625,2.25,1.8125,0.1582031,0.9140625,-0.0546875,0.34375,0.34375,-0.0625,96.97083,212.2373,146.9986,79.49818,260.5656,236.5287
629.7488,-0.08691406,0.8730469,0.1025391,19.6875,-1.1875,-1.3125,-0.4580078,0.04003906,0.8994141,-1.40625,2.25,1.8125,0.1582031,0.9140625,-0.0546875,0.34375,0.34375,-0.0625,96.97083,212.2373,146.9986,79.49818,260.5656,236.5287
629.7819,-0.08691406,0.8730469,0.1025391,19.6875,-1.1875,-1.3125,-0.4580078,0.04003906,0.8994141,-1.40625,2.25,1.8125,0.1582031,0.9140625,-0.0546875,0.34375,0.34375,-0.0625,96.97083,212.2373,146.9986,79.49818,260.5656,236.5287
629.8156,-0.08691406,0.8730469,0.1025391,19.6875,-1.1875,-1.3125,-0.4580078,0.04003906,0.8994141,-1.40625,2.25,1.8125,0.1582031,0.9140625,-0.0546875,0.34375,0.34375,-0.0625,96.97083,212.2373,146.9986,79.49818,260.5656,236.5287
629.8488,-0.08691406,0.8730469,0.1025391,19.6875,-1.1875,-1.3125,-0.4580078,0.04003906,0.8994141,-1.40625,2.25,1.8125,0.1220703,0.8925781,-0.1230469,-1.53125,-1.46875,2.3125,96.97083,212.2373,146.9986,79.49818,260.5656,236.5287
629.8821,-0.08691406,0.8730469,0.1025391,19.6875,-1.1875,-1.3125,-0.4580078,0.04003906,0.8994141,-1.40625,2.25,1.8125,0.1220703,0.8925781,-0.1230469,-1.53125,-1.46875,2.3125,96.97083,212.2373,146.9986,79.49818,260.5656,236.5287
629.9153,-0.08691406,0.8730469,0.1025391,19.6875,-1.1875,-1.3125,-0.4580078,0.04003906,0.8994141,-1.40625,2.25,1.8125,0.1220703,0.8925781,-0.1230469,-1.53125,-1.46875,2.3125,96.97083,212.2373,146.9986,79.49818,260.5656,236.5287
629.9487,-0.08691406,0.8730469,0.1025391,19.6875,-1.1875,-1.3125,-0.4580078,0.04003906,0.8994141,-1.40625,2.25,1.8125,0.2226563,0.9736328,-0.1982422,-0.4375,3.84375,-1.34375,96.97083,212.2373,146.9986,79.49818,260.5656,236.5287
629.9819,-0.08691406,0.8730469,0.1025391,19.6875,-1.1875,-1.3125,-0.4580078,0.04003906,0.8994141,-1.40625,2.25,1.8125,0.2226563,0.9736328,-0.1982422,-0.4375,3.84375,-1.34375,96.97083,212.2373,146.9986,79.49818,260.5656,236.5287
630.0156,-0.08691406,0.8730469,0.1025391,19.6875,-1.1875,-1.3125,-0.4580078,0.04003906,0.8994141,-1.40625,2.25,1.8125,0.2226563,0.9736328,-0.1982422,-0.4375,3.84375,-1.34375,96.33472,209.7125,146.8775,79.49818,260.5656,236.5287
630.0708,-0.08691406,0.8730469,0.1025391,19.6875,-1.1875,-1.3125,-0.4580078,0.04003906,0.8994141,-1.40625,2.25,1.8125,0.2226563,0.9736328,-0.1982422,-0.4375,3.84375,-1.34375,96.33472,209.7125,146.8775,79.49818,260.5656,236.5287
630.0727,-0.08691406,0.8730469,0.1025391,19.6875,-1.1875,-1.3125,-0.4580078,0.04003906,0.8994141,-1.40625,2.25,1.8125,0.2226563,0.9736328,-0.1982422,-0.4375,3.84375,-1.34375,96.33472,209.7125,146.8775,79.49818,260.5656,236.5287
630.1043,-0.08691406,0.8730469,0.1025391,19.6875,-1.1875,-1.3125,-0.4580078,0.04003906,0.8994141,-1.40625,2.25,1.8125,0.2226563,0.9736328,-0.1982422,-0.4375,3.84375,-1.34375,96.33472,209.7125,146.8775,79.49818,260.5656,236.5287
630.1378,-0.08691406,0.8730469,0.1025391,19.6875,-1.1875,-1.3125,-0.4580078,0.04003906,0.8994141,-1.40625,2.25,1.8125,0.265625,1.040039,-0.1962891,0.09375,2.125,-1.1875,96.6981,210.2718,146.6156,79.49818,260.5656,236.5287
630.171,-0.08691406,0.8730469,0.1025391,19.6875,-1.1875,-1.3125,-0.3095703,-0.01074219,0.9238281,-0.125,-1.65625,-0.625,0.265625,1.040039,-0.1962891,0.09375,2.125,-1.1875,96.6981,210.2718,146.6156,78.92707,260.1797,236.7064
630.2045,-0.0009765625,0.9355469,0.078125,-26.5625,2.25,1.4375,-0.3095703,-0.01074219,0.9238281,-0.125,-1.65625,-0.625,0.265625,1.040039,-0.1962891,0.09375,2.125,-1.1875,96.6981,210.2718,146.6156,78.92707,260.1797,236.7064
630.238,-0.0009765625,0.9355469,0.078125,-26.5625,2.25,1.4375,-0.3095703,-0.01074219,0.9238281,-0.125,-1.65625,-0.625,0.265625,1.040039,-0.1962891,0.09375,2.125,-1.1875,96.6981,210.2718,146.6156,78.92707,260.1797,236.7064
630.2712,-0.04394531,0.9863281,0.3945313,-6.25,1.6875,1.28125,-0.3095703,-0.01074219,0.9238281,-0.125,-1.65625,-0.625,0.265625,1.040039,-0.1962891,0.09375,2.125,-1.1875,96.75343,210.2833,146.4992,79.27666,260.4925,237.012
630.3049,-0.04394531,0.9863281,0.3945313,-6.25,1.6875,1.28125,-0.3095703,-0.01074219,0.9238281,-0.125,-1.65625,-0.625,0.1435547,0.9960938,-0.2080078,0.21875,0.15625,-0.8125,96.99446,211.4044,146.6728,79.27666,260.4925,237.012
630.3401,-0.04394531,0.9863281,0.3945313,-6.25,1.6875,1.28125,-0.3095703,-0.01074219,0.9238281,-0.125,-1.65625,-0.625,0.1435547,0.9960938,-0.2080078,0.21875,0.15625,-0.8125,96.99446,211.4044,146.6728,79.27666,260.4925,237.012
630.372,-0.04394531,0.9863281,0.3945313,-6.25,1.6875,1.28125,-0.3095703,-0.01074219,0.9238281,-0.125,-1.65625,-0.625,0.1435547,0.9960938,-0.2080078,0.21875,0.15625,-0.8125,96.99446,211.4044,146.6728,79.27666,260.4925,237.012
630.4058,-0.04394531,0.9863281,0.3945313,-6.25,1.6875,1.28125,-0.3095703,-0.01074219,0.9238281,-0.125,-1.65625,-0.625,0.1435547,0.9960938,-0.2080078,0.21875,0.15625,-0.8125,96.99446,211.4044,146.6728,79.27666,260.4925,237.012
630.439,-0.04394531,0.9863281,0.3945313,-6.25,1.6875,1.28125,-0.3789063,-0.008789063,0.8339844,-0.25,0.15625,0.78125,0.1435547,0.9960938,-0.2080078,0.21875,0.15625,-0.8125,96.99446,211.4044,146.6728,79.19601,260.3674,236.9188
630.4722,0.03515625,0.9189453,0.1660156,-3.3125,-1,-0.0625,-0.3789063,-0.008789063,0.8339844,-0.25,0.15625,0.78125,0.1435547,0.9960938,-0.2080078,0.21875,0.15625,-0.8125,96.93847,211.2517,146.7719,79.19601,260.3674,236.9188
630.5059,0.03515625,0.9189453,0.1660156,-3.3125,-1,-0.0625,-0.3789063,-0.008789063,0.8339844,-0.25,0.15625,0.78125,0.1435547,0.9960938,-0.2080078,0.21875,0.15625,-0.8125,96.93847,211.2517,146.7719,79.19601,260.3674,236.9188
630.5391,-0.2080078,0.9648438,0.2382813,-5.21875,-0.625,-0.9375,-0.3818359,-0.06152344,0.9208984,0.59375,0.28125,0.53125,0.1435547,0.9960938,-0.2080078,0.21875,0.15625,-0.8125,96.93847,211.2517,146.7719,79.19601,260.3674,236.9188
630.5721,-0.2080078,0.9648438,0.2382813,-5.21875,-0.625,-0.9375,-0.3818359,-0.06152344,0.9208984,0.59375,0.28125,0.53125,0.1435547,0.9960938,-0.2080078,0.21875,0.15625,-0.8125,96.93847,211.2517,146.7719,79.19601,260.3674,236.9188
630.6061,-0.2080078,0.9648438,0.2382813,-5.21875,-0.625,-0.9375,-0.3925781,-0.008789063,0.8662109,-0.75,1.9375,1.5,0.1435547,0.9960938,-0.2080078,0.21875,0.15625,-0.8125,96.93847,211.2517,146.7719,79.7549,260.8434,236.9021
630.6393,-0.2080078,0.9648438,0.2382813,-5.21875,-0.625,-0.9375,-0.3925781,-0.008789063,0.8662109,-0.75,1.9375,1.5,0.1435547,0.9960938,-0.2080078,0.21875,0.15625,-0.8125,96.85055,211.6312,146.9259,79.7549,260.8434,236.9021
630.6722,-0.2080078,0.9648438,0.2382813,-5.21875,-0.625,-0.9375,-0.3925781,-0.008789063,0.8662109,-0.75,1.9375,1.5,0.1435547,0.9960938,-0.2080078,0.21875,0.15625,-0.8125,96.85055,211.6312,146.9259,79.7549,260.8434,236.9021
630.7064,-0.2080078,0.9648438,0.2382813,-5.21875,-0.625,-0.9375,-0.3925781,-0.008789063,0.8662109,-0.75,1.9375,1.5,0.1435547,0.9960938,-0.2080078,0.21875,0.15625,-0.8125,96.85055,211.6312,146.9259,80.42328,261.192,236.9875
630.7396,-0.07324219,0.984375,0.3378906,10.46875,-2.21875,-4.78125,-0.3925781,-0.008789063,0.8662109,-0.75,1.9375,1.5,0.1435547,0.9960938,-0.2080078,0.21875,0.15625,-0.8125,96.90668,211.2322,146.5654,80.42328,261.192,236.9875
630.7724,-0.07324219,0.984375,0.3378906,10.46875,-2.21875,-4.78125,-0.3925781,-0.008789063,0.8662109,-0.75,1.9375,1.5,0.1435547,0.9960938,-0.2080078,0.21875,0.15625,-0.8125,96.90668,211.2322,146.5654,80.42328,261.192,236.9875
630.8065,-0.07324219,0.984375,0.3378906,10.46875,-2.21875,-4.78125,-0.3515625,0.015625,0.8671875,-1.65625,-0.4375,1.3125,0.1435547,0.9960938,-0.2080078,0.21875,0.15625,-0.8125,96.90668,211.2322,146.5654,80.42328,261.192,236.9875
630.8394,-0.07324219,0.984375,0.3378906,10.46875,-2.21875,-4.78125,-0.3515625,0.015625,0.8671875,-1.65625,-0.4375,1.3125,0.002929688,0.9208984,-0.140625,0.03125,2.71875,-1.59375,96.90668,211.2322,146.5654,80.42328,261.192,236.9875
630.8723,-0.07324219,0.984375,0.3378906,10.46875,-2.21875,-4.78125,-0.34375,-0.08300781,0.8945313,2.71875,5.96875,0.15625,0.002929688,0.9208984,-0.140625,0.03125,2.71875,-1.59375,96.90668,211.2322,146.5654,81.74523,261.8101,237.2402
630.9065,-0.07324219,0.984375,0.3378906,10.46875,-2.21875,-4.78125,-0.34375,-0.08300781,0.8945313,2.71875,5.96875,0.15625,0.002929688,0.9208984,-0.140625,0.03125,2.71875,-1.59375,96.90668,211.2322,146.5654,81.74523,261.8101,237.2402
630.9393,-0.07324219,0.984375,0.3378906,10.46875,-2.21875,-4.78125,-0.34375,-0.08300781,0.8945313,2.71875,5.96875,0.15625,0.002929688,0.9208984,-0.140625,0.03125,2.71875,-1.59375,96.90668,211.2322,146.5654,81.74523,261.8101,237.2402
630.9728,-0.07324219,0.984375,0.3378906,10.46875,-2.21875,-4.78125,-0.34375,-0.08300781,0.8945313,2.71875,5.96875,0.15625,0.002929688,0.9208984,-0.140625,0.03125,2.71875,-1.59375,96.90668,211.2322,146.5654,81.74523,261.8101,237.2402
631.0069,-0.07324219,0.984375,0.3378906,10.46875,-2.21875,-4.78125,-0.34375,-0.08300781,0.8945313,2.71875,5.96875,0.15625,0.002929688,0.9208984,-0.140625,0.03125,2.71875,-1.59375,96.90668,211.2322,146.5654,81.74523,261.8101,237.2402
631.0399,-0.07324219,0.984375,0.3378906,10.46875,-2.21875,-4.78125,-0.34375,-0.08300781,0.8945313,2.71875,5.96875,0.15625,0.002929688,0.9208984,-0.140625,0.03125,2.71875,-1.59375,96.90668,211.2322,146.5654,81.74523,261.8101,237.2402
631.0729,-0.07324219,0.984375,0.3378906,10.46875,-2.21875,-4.78125,-0.34375,-0.08300781,0.8945313,2.71875,5.96875,0.15625,0.002929688,0.9208984,-0.140625,0.03125,2.71875,-1.59375,96.90668,211.2322,146.5654,81.74523,261.8101,237.2402
631.1068,-0.07324219,0.984375,0.3378906,10.46875,-2.21875,-4.78125,-0.34375,-0.08300781,0.8945313,2.71875,5.96875,0.15625,0.002929688,0.9208984,-0.140625,0.03125,2.71875,-1.59375,96.90668,211.2322,146.5654,81.74523,261.8101,237.2402
631.14,-0.07324219,0.984375,0.3378906,10.46875,-2.21875,-4.78125,-0.2861328,-0.06933594,0.8759766,-15.21875,20.125,2.3125,0.1484375,1.094727,-0.1962891,2.90625,3.9375,0.96875,96.90668,211.2322,146.5654,81.74523,261.8101,237.2402
631.1735,-0.07324219,0.984375,0.3378906,10.46875,-2.21875,-4.78125,-0.2861328,-0.06933594,0.8759766,-15.21875,20.125,2.3125,0.1484375,1.094727,-0.1962891,2.90625,3.9375,0.96875,96.90668,211.2322,146.5654,81.74523,261.8101,237.2402
631.2072,-0.07324219,0.984375,0.3378906,10.46875,-2.21875,-4.78125,-0.2861328,-0.06933594,0.8759766,-15.21875,20.125,2.3125,0.1484375,1.094727,-0.1962891,2.90625,3.9375,0.96875,96.90668,211.2322,146.5654,81.74523,261.8101,237.2402
631.2406,-0.07324219,0.984375,0.3378906,10.46875,-2.21875,-4.78125,-0.2861328,-0.06933594,0.8759766,-15.21875,20.125,2.3125,0.1484375,1.094727,-0.1962891,2.90625,3.9375,0.96875,96.90668,211.2322,146.5654,81.74523,261.8101,237.2402
631.2739,-0.07324219,0.984375,0.3378906,10.46875,-2.21875,-4.78125,-0.2861328,-0.06933594,0.8759766,-15.21875,20.125,2.3125,0.03222656,0.84375,-0.2685547,5.59375,-3,3.40625,96.90668,211.2322,146.5654,81.74523,261.8101,237.2402
631.3071,-0.07324219,0.984375,0.3378906,10.46875,-2.21875,-4.78125,-0.2861328,-0.06933594,0.8759766,-15.21875,20.125,2.3125,0.03222656,0.84375,-0.2685547,5.59375,-3,3.40625,96.90668,211.2322,146.5654,81.74523,261.8101,237.2402
631.3412,-0.07324219,0.984375,0.3378906,10.46875,-2.21875,-4.78125,-0.2861328,-0.06933594,0.8759766,-15.21875,20.125,2.3125,0.03222656,0.84375,-0.2685547,5.59375,-3,3.40625,96.90668,211.2322,146.5654,81.74523,261.8101,237.2402
631.3743,-0.07324219,0.984375,0.3378906,10.46875,-2.21875,-4.78125,-0.2861328,-0.06933594,0.8759766,-15.21875,20.125,2.3125,0.1542969,0.9472656,-0.3398438,-2.9375,6.03125,6.5625,96.90668,211.2322,146.5654,81.74523,261.8101,237.2402
631.4077,0.1201172,1.094727,-0.7412109,171.625,34.90625,-9.59375,-0.2861328,-0.06933594,0.8759766,-15.21875,20.125,2.3125,0.1542969,0.9472656,-0.3398438,-2.9375,6.03125,6.5625,96.90668,211.2322,146.5654,81.74523,261.8101,237.2402
631.441,0.1201172,1.094727,-0.7412109,171.625,34.90625,-9.59375,-0.2861328,-0.06933594,0.8759766,-15.21875,20.125,2.3125,0.1542969,0.9472656,-0.3398438,-2.9375,6.03125,6.5625,103.726,220.2311,142.2953,79.48418,260.872,232.3439
631.4744,0.1201172,1.094727,-0.7412109,171.625,34.90625,-9.59375,-0.2861328,-0.06933594,0.8759766,-15.21875,20.125,2.3125,0.1542969,0.9472656,-0.3398438,-2.9375,6.03125,6.5625,103.726,220.2311,142.2953,79.48418,260.872,232.3439
631.5075,-0.4287109,0.234375,-1.21582,152.4375,-27.53125,-31.25,-0.2861328,-0.06933594,0.8759766,-15.21875,20.125,2.3125,0.1542969,0.9472656,-0.3398438,-2.9375,6.03125,6.5625,103.726,220.2311,142.2953,79.48418,260.872,232.3439
631.5412,-0.4287109,0.234375,-1.21582,152.4375,-27.53125,-31.25,-0.2861328,-0.06933594,0.8759766,-15.21875,20.125,2.3125,0.1542969,0.9472656,-0.3398438,-2.9375,6.03125,6.5625,103.726,220.2311,142.2953,73.22055,255.4254,229.9767
631.5743,-0.4287109,0.234375,-1.21582,152.4375,-27.53125,-31.25,-0.2373047,0.5361328,0.8525391,104.7188,-10.03125,73.09375,0.1542969,0.9472656,-0.3398438,-2.9375,6.03125,6.5625,103.726,220.2311,142.2953,73.22055,255.4254,229.9767
631.6083,-0.4287109,0.234375,-1.21582,152.4375,-27.53125,-31.25,-0.2373047,0.5361328,0.8525391,104.7188,-10.03125,73.09375,0.1542969,0.9472656,-0.3398438,-2.9375,6.03125,6.5625,103.726,220.2311,142.2953,73.22055,255.4254,229.9767
631.6418,-0.4287109,0.234375,-1.21582,152.4375,-27.53125,-31.25,-0.2373047,0.5361328,0.8525391,104.7188,-10.03125,73.09375,0.1464844,0.9541016,-0.4726563,27.15625,3.9375,-2.09375,103.726,220.2311,142.2953,73.22055,255.4254,229.9767
631.6749,-0.4287109,0.234375,-1.21582,152.4375,-27.53125,-31.25,-0.3271484,0.4404297,0.4189453,116.4375,-61.21875,45.21875,0.1464844,0.9541016,-0.4726563,27.15625,3.9375,-2.09375,103.726,220.2311,142.2953,73.22055,255.4254,229.9767
631.7082,-0.4287109,0.234375,-1.21582,152.4375,-27.53125,-31.25,-0.3271484,0.4404297,0.4189453,116.4375,-61.21875,45.21875,0.1464844,0.9541016,-0.4726563,27.15625,3.9375,-2.09375,103.726,220.2311,142.2953,73.22055,255.4254,229.9767
631.7416,-0.4287109,0.234375,-1.21582,152.4375,-27.53125,-31.25,-0.1523438,0.7431641,0.5283203,117.3438,-61.34375,23.59375,0.1464844,0.9541016,-0.4726563,27.15625,3.9375,-2.09375,103.726,220.2311,142.2953,73.22055,255.4254,229.9767
631.7751,-0.4287109,0.234375,-1.21582,152.4375,-27.53125,-31.25,-0.1523438,0.7431641,0.5283203,117.3438,-61.34375,23.59375,0.1464844,0.9541016,-0.4726563,27.15625,3.9375,-2.09375,103.726,220.2311,142.2953,73.22055,255.4254,229.9767
631.8084,-0.4287109,0.234375,-1.21582,152.4375,-27.53125,-31.25,-0.1523438,0.7431641,0.5283203,117.3438,-61.34375,23.59375,0.1152344,0.875,-0.3066406,-17.71875,-21.375,-14.90625,103.726,220.2311,142.2953,73.22055,255.4254,229.9767
631.8419,-0.4287109,0.234375,-1.21582,152.4375,-27.53125,-31.25,0.03515625,0.9707031,0.2773438,108.9375,-5.5625,23.25,0.1152344,0.875,-0.3066406,-17.71875,-21.375,-14.90625,103.726,220.2311,142.2953,62.23524,245.1501,224.1145
631.875,-0.4287109,0.234375,-1.21582,152.4375,-27.53125,-31.25,0.03515625,0.9707031,0.2773438,108.9375,-5.5625,23.25,0.1152344,0.875,-0.3066406,-17.71875,-21.375,-14.90625,103.726,220.2311,142.2953,62.23524,245.1501,224.1145
631.9084,-0.4287109,0.234375,-1.21582,152.4375,-27.53125,-31.25,0.03515625,0.9707031,0.2773438,108.9375,-5.5625,23.25,0.1152344,0.875,-0.3066406,-17.71875,-21.375,-14.90625,103.726,220.2311,142.2953,62.23524,245.1501,224.1145
631.9418,-0.4287109,0.234375,-1.21582,152.4375,-27.53125,-31.25,0.03515625,0.9707031,0.2773438,108.9375,-5.5625,23.25,0.1152344,0.875,-0.3066406,-17.71875,-21.375,-14.90625,103.726,220.2311,142.2953,62.23524,245.1501,224.1145
631.9755,-0.4287109,0.234375,-1.21582,152.4375,-27.53125,-31.25,0.03515625,0.9707031,0.2773438,108.9375,-5.5625,23.25,0.1152344,0.875,-0.3066406,-17.71875,-21.375,-14.90625,103.726,220.2311,142.2953,62.23524,245.1501,224.1145
632.0085,-0.4287109,0.234375,-1.21582,152.4375,-27.53125,-31.25,-0.1269531,0.8496094,0.1269531,98.5,-13.03125,23.125,0.1152344,0.875,-0.3066406,-17.71875,-21.375,-14.90625,103.726,220.2311,142.2953,62.23524,245.1501,224.1145
632.0421,-0.4287109,0.234375,-1.21582,152.4375,-27.53125,-31.25,-0.1269531,0.8496094,0.1269531,98.5,-13.03125,23.125,0.1152344,0.875,-0.3066406,-17.71875,-21.375,-14.90625,103.726,220.2311,142.2953,62.23524,245.1501,224.1145
632.0754,-0.4287109,0.234375,-1.21582,152.4375,-27.53125,-31.25,-0.1269531,0.8496094,0.1269531,98.5,-13.03125,23.125,-0.046875,0.828125,-0.2958984,-18.375,-25.21875,-15.21875,103.726,220.2311,142.2953,62.23524,245.1501,224.1145
632.1089,-0.4287109,0.234375,-1.21582,152.4375,-27.53125,-31.25,-0.03417969,0.9492188,0.1103516,69,-18.25,23.0625,-0.046875,0.828125,-0.2958984,-18.375,-25.21875,-15.21875,103.726,220.2311,142.2953,62.23524,245.1501,224.1145
632.1423,-0.1279297,0.5732422,-0.1699219,-79.78125,-14.0625,15.25,-0.03417969,0.9492188,0.1103516,69,-18.25,23.0625,-0.046875,0.828125,-0.2958984,-18.375,-25.21875,-15.21875,103.726,220.2311,142.2953,62.23524,245.1501,224.1145
632.1754,-0.1279297,0.5732422,-0.1699219,-79.78125,-14.0625,15.25,-0.03417969,0.9492188,0.1103516,69,-18.25,23.0625,-0.046875,0.828125,-0.2958984,-18.375,-25.21875,-15.21875,103.726,220.2311,142.2953,62.23524,245.1501,224.1145
632.2089,0.04785156,1.225586,0.2509766,71.21875,1.6875,24.8125,-0.03417969,0.9492188,0.1103516,69,-18.25,23.0625,-0.046875,0.828125,-0.2958984,-18.375,-25.21875,-15.21875,103.726,220.2311,142.2953,62.23524,245.1501,224.1145
632.2424,0.04785156,1.225586,0.2509766,71.21875,1.6875,24.8125,-0.03417969,0.9492188,0.1103516,69,-18.25,23.0625,-0.046875,0.828125,-0.2958984,-18.375,-25.21875,-15.21875,103.726,220.2311,142.2953,62.23524,245.1501,224.1145
632.2755,0.04785156,1.225586,0.2509766,71.21875,1.6875,24.8125,-0.03417969,0.9492188,0.1103516,69,-18.25,23.0625,-0.046875,0.828125,-0.2958984,-18.375,-25.21875,-15.21875,103.726,220.2311,142.2953,62.23524,245.1501,224.1145
632.3092,0.04785156,1.225586,0.2509766,71.21875,1.6875,24.8125,-0.03417969,0.9492188,0.1103516,69,-18.25,23.0625,0.1074219,0.9199219,-0.2128906,-13.4375,-17.71875,-15.625,103.726,220.2311,142.2953,62.23524,245.1501,224.1145
632.3423,0.04785156,1.225586,0.2509766,71.21875,1.6875,24.8125,-0.03417969,0.9492188,0.1103516,69,-18.25,23.0625,0.1074219,0.9199219,-0.2128906,-13.4375,-17.71875,-15.625,103.726,220.2311,142.2953,62.23524,245.1501,224.1145
632.3757,-0.1064453,0.828125,0.04589844,-17.71875,-4.65625,-6.4375,-0.03417969,0.9492188,0.1103516,69,-18.25,23.0625,0.1074219,0.9199219,-0.2128906,-13.4375,-17.71875,-15.625,103.726,220.2311,142.2953,62.23524,245.1501,224.1145
632.4089,-0.1064453,0.828125,0.04589844,-17.71875,-4.65625,-6.4375,-0.03417969,0.9492188,0.1103516,69,-18.25,23.0625,0.1074219,0.9199219,-0.2128906,-13.4375,-17.71875,-15.625,103.726,220.2311,142.2953,62.23524,245.1501,224.1145
632.4424,-0.1064453,0.828125,0.04589844,-17.71875,-4.65625,-6.4375,-0.03417969,0.9492188,0.1103516,69,-18.25,23.0625,0.1074219,0.9199219,-0.2128906,-13.4375,-17.71875,-15.625,185.1834,279.5934,172.0665,62.23524,245.1501,224.1145
632.4758,-0.0546875,0.9755859,-0.02441406,-5.09375,-0.6875,3.40625,-0.03417969,0.9492188,0.1103516,69,-18.25,23.0625,0.1074219,0.9199219,-0.2128906,-13.4375,-17.71875,-15.625,185.1834,279.5934,172.0665,62.23524,245.1501,224.1145
632.509,-0.0546875,0.9755859,-0.02441406,-5.09375,-0.6875,3.40625,-0.03417969,0.9492188,0.1103516,69,-18.25,23.0625,-0.02734375,0.9267578,-0.2841797,-6.78125,-0.9375,-10.875,185.1834,279.5934,172.0665,62.23524,245.1501,224.1145
632.5425,-0.0546875,0.9755859,-0.02441406,-5.09375,-0.6875,3.40625,-0.03417969,0.9492188,0.1103516,69,-18.25,23.0625,-0.02734375,0.9267578,-0.2841797,-6.78125,-0.9375,-10.875,188.0975,278.3506,172.4754,62.23524,245.1501,224.1145
632.5759,-0.0546875,0.9755859,-0.02441406,-5.09375,-0.6875,3.40625,-0.03417969,0.9492188,0.1103516,69,-18.25,23.0625,-0.02734375,0.9267578,-0.2841797,-6.78125,-0.9375,-10.875,188.0975,278.3506,172.4754,62.23524,245.1501,224.1145
632.6093,-0.0546875,0.9755859,-0.02441406,-5.09375,-0.6875,3.40625,-0.03417969,0.9492188,0.1103516,69,-18.25,23.0625,-0.1015625,0.9013672,-0.3613281,4.75,-1.125,-1.3125,188.0975,278.3506,172.4754,62.23524,245.1501,224.1145
632.6429,-0.0546875,0.9755859,-0.02441406,-5.09375,-0.6875,3.40625,-0.03417969,0.9492188,0.1103516,69,-18.25,23.0625,-0.1015625,0.9013672,-0.3613281,4.75,-1.125,-1.3125,188.0975,278.3506,172.4754,62.23524,245.1501,224.1145
632.6765,-0.0546875,0.9755859,-0.02441406,-5.09375,-0.6875,3.40625,-0.03417969,0.9492188,0.1103516,69,-18.25,23.0625,0.0009765625,1.011719,-0.375,-5.75,1.15625,-3.0625,188.0975,278.3506,172.4754,62.23524,245.1501,224.1145
632.7094,-0.0546875,0.9755859,-0.02441406,-5.09375,-0.6875,3.40625,0.05566406,0.9921875,-0.1074219,-4.34375,1.75,-0.25,0.0009765625,1.011719,-0.375,-5.75,1.15625,-3.0625,188.0975,278.3506,172.4754,146.7455,346.7728,174.7669
632.7429,-0.0546875,0.9755859,-0.02441406,-5.09375,-0.6875,3.40625,0.05566406,0.9921875,-0.1074219,-4.34375,1.75,-0.25,0.0009765625,1.011719,-0.375,-5.75,1.15625,-3.0625,188.0975,278.3506,172.4754,146.7455,346.7728,174.7669
632.798,-0.0546875,0.9755859,-0.02441406,-5.09375,-0.6875,3.40625,0.05566406,0.9921875,-0.1074219,-4.34375,1.75,-0.25,-0.03417969,0.9560547,-0.3046875,-12.34375,-2.34375,-2.6875,188.0975,278.3506,172.4754,146.7455,346.7728,174.7669
632.8003,-0.0546875,0.9755859,-0.02441406,-5.09375,-0.6875,3.40625,0.05566406,0.9921875,-0.1074219,-4.34375,1.75,-0.25,-0.03417969,0.9560547,-0.3046875,-12.34375,-2.34375,-2.6875,188.0975,278.3506,172.4754,146.7455,346.7728,174.7669
632.8315,-0.0546875,0.9755859,-0.02441406,-5.09375,-0.6875,3.40625,0.09179688,0.8984375,-0.09667969,1.9375,-9.84375,3.34375,-0.03417969,0.9560547,-0.3046875,-12.34375,-2.34375,-2.6875,188.0975,278.3506,172.4754,146.7455,346.7728,174.7669
632.8652,-0.0546875,0.9755859,-0.02441406,-5.09375,-0.6875,3.40625,0.09179688,0.8984375,-0.09667969,1.9375,-9.84375,3.34375,-0.046875,0.9833984,-0.2441406,0.59375,2.3125,2.84375,188.0975,278.3506,172.4754,146.7455,346.7728,174.7669
632.8981,-0.0546875,0.9755859,-0.02441406,-5.09375,-0.6875,3.40625,0.09179688,0.8984375,-0.09667969,1.9375,-9.84375,3.34375,-0.046875,0.9833984,-0.2441406,0.59375,2.3125,2.84375,188.0975,278.3506,172.4754,146.7455,346.7728,174.7669
632.9323,-0.0546875,0.9755859,-0.02441406,-5.09375,-0.6875,3.40625,0.09179688,0.8984375,-0.09667969,1.9375,-9.84375,3.34375,-0.046875,0.9833984,-0.2441406,0.59375,2.3125,2.84375,188.0975,278.3506,172.4754,146.7455,346.7728,174.7669
632.9653,-0.0546875,0.9755859,-0.02441406,-5.09375,-0.6875,3.40625,0.09179688,0.8984375,-0.09667969,1.9375,-9.84375,3.34375,-0.046875,0.9833984,-0.2441406,0.59375,2.3125,2.84375,188.0975,278.3506,172.4754,146.7455,346.7728,174.7669
632.9987,-0.0546875,0.9755859,-0.02441406,-5.09375,-0.6875,3.40625,0.09179688,0.8984375,-0.09667969,1.9375,-9.84375,3.34375,-0.046875,0.9833984,-0.2441406,0.59375,2.3125,2.84375,188.0975,278.3506,172.4754,146.7455,346.7728,174.7669
633.0322,-0.0546875,0.9755859,-0.02441406,-5.09375,-0.6875,3.40625,0.09179688,0.8984375,-0.09667969,1.9375,-9.84375,3.34375,-0.046875,0.9833984,-0.2441406,0.59375,2.3125,2.84375,188.0975,278.3506,172.4754,146.7455,346.7728,174.7669
633.0652,-0.0546875,0.9755859,-0.02441406,-5.09375,-0.6875,3.40625,0.09179688,0.8984375,-0.09667969,1.9375,-9.84375,3.34375,-0.046875,0.9833984,-0.2441406,0.59375,2.3125,2.84375,188.0975,278.3506,172.4754,146.7455,346.7728,174.7669
633.0992,-0.0859375,0.9082031,0.09472656,8.59375,2.1875,-0.8125,0.09179688,0.8984375,-0.09667969,1.9375,-9.84375,3.34375,-0.046875,0.9833984,-0.2441406,0.59375,2.3125,2.84375,188.0975,278.3506,172.4754,146.7455,346.7728,174.7669
633.1323,-0.0859375,0.9082031,0.09472656,8.59375,2.1875,-0.8125,0.09179688,0.8984375,-0.09667969,1.9375,-9.84375,3.34375,0.02246094,0.9970703,-0.3369141,5.125,0.65625,3.34375,188.0975,278.3506,172.4754,146.7455,346.7728,174.7669
633.1656,-0.0859375,0.9082031,0.09472656,8.59375,2.1875,-0.8125,0.09179688,0.8984375,-0.09667969,1.9375,-9.84375,3.34375,0.02246094,0.9970703,-0.3369141,5.125,0.65625,3.34375,188.0975,278.3506,172.4754,146.7455,346.7728,174.7669
633.1989,-0.0859375,0.9082031,0.09472656,8.59375,2.1875,-0.8125,0.09179688,0.8984375,-0.09667969,1.9375,-9.84375,3.34375,-0.005859375,0.9277344,-0.3349609,4.4375,2.5625,1.8125,188.0975,278.3506,172.4754,146.7455,346.7728,174.7669
633.2331,-0.0859375,0.9082031,0.09472656,8.59375,2.1875,-0.8125,0.09179688,0.8984375,-0.09667969,1.9375,-9.84375,3.34375,-0.005859375,0.9277344,-0.3349609,4.4375,2.5625,1.8125,188.0975,278.3506,172.4754,146.7455,346.7728,174.7669
633.2659,-0.06933594,1.071289,0.1455078,-2.03125,4.625,-0.0625,0.09179688,0.8984375,-0.09667969,1.9375,-9.84375,3.34375,-0.005859375,0.9277344,-0.3349609,4.4375,2.5625,1.8125,188.0975,278.3506,172.4754,146.7455,346.7728,174.7669
633.2993,-0.06933594,1.071289,0.1455078,-2.03125,4.625,-0.0625,0.09179688,0.8984375,-0.09667969,1.9375,-9.84375,3.34375,-0.005859375,0.9277344,-0.3349609,4.4375,2.5625,1.8125,188.0975,278.3506,172.4754,146.7455,346.7728,174.7669
633.3327,-0.1757813,0.9902344,0.0703125,-15.34375,4.0625,2.25,0.09179688,0.8984375,-0.09667969,1.9375,-9.84375,3.34375,-0.005859375,0.9277344,-0.3349609,4.4375,2.5625,1.8125,191.2435,277.9291,172.4843,146.6681,346.5858,175.4686
633.3659,-0.1757813,0.9902344,0.0703125,-15.34375,4.0625,2.25,0.09179688,0.8984375,-0.09667969,1.9375,-9.84375,3.34375,-0.005859375,0.9277344,-0.3349609,4.4375,2.5625,1.8125,191.2435,277.9291,172.4843,146.6681,346.5858,175.4686
633.3997,-0.1757813,0.9902344,0.0703125,-15.34375,4.0625,2.25,0.09179688,0.8984375,-0.09667969,1.9375,-9.84375,3.34375,-0.005859375,0.9277344,-0.3349609,4.4375,2.5625,1.8125,191.2435,277.9291,172.4843,147.811,346.9237,173.0644
633.433,-0.04785156,0.84375,0.002929688,-14.90625,0.59375,2.71875,0.09179688,0.8984375,-0.09667969,1.9375,-9.84375,3.34375,-0.005859375,0.9277344,-0.3349609,4.4375,2.5625,1.8125,191.3172,277.7765,172.043,147.811,346.9237,173.0644
633.466,-0.04785156,0.84375,0.002929688,-14.90625,0.59375,2.71875,0.09179688,0.8984375,-0.09667969,1.9375,-9.84375,3.34375,-0.005859375,0.9277344,-0.3349609,4.4375,2.5625,1.8125,191.3172,277.7765,172.043,147.811,346.9237,173.0644
633.4994,-0.04785156,0.84375,0.002929688,-14.90625,0.59375,2.71875,0.09179688,0.8984375,-0.09667969,1.9375,-9.84375,3.34375,-0.005859375,0.9277344,-0.3349609,4.4375,2.5625,1.8125,191.3172,277.7765,172.043,147.811,346.9237,173.0644
633.5332,-0.04785156,0.84375,0.002929688,-14.90625,0.59375,2.71875,0.09179688,0.8984375,-0.09667969,1.9375,-9.84375,3.34375,-0.005859375,0.9277344,-0.3349609,4.4375,2.5625,1.8125,191.9361,277.4484,172.4511,147.811,346.9237,173.0644
633.5665,-0.04785156,0.84375,0.002929688,-14.90625,0.59375,2.71875,0.09179688,0.8984375,-0.09667969,1.9375,-9.84375,3.34375,-0.02929688,0.8583984,-0.1152344,-3.4375,-2.875,-2.21875,191.9361,277.4484,172.4511,147.811,346.9237,173.0644
633.5997,-0.04785156,0.84375,0.002929688,-14.90625,0.59375,2.71875,0.09179688,0.8984375,-0.09667969,1.9375,-9.84375,3.34375,-0.02929688,0.8583984,-0.1152344,-3.4375,-2.875,-2.21875,191.9361,277.4484,172.4511,147.811,346.9237,173.0644
633.6331,-0.04785156,0.84375,0.002929688,-14.90625,0.59375,2.71875,0.09179688,0.8984375,-0.09667969,1.9375,-9.84375,3.34375,0.06835938,0.9609375,-0.2880859,-0.8125,-3,-2.09375,191.9361,277.4484,172.4511,147.811,346.9237,173.0644
633.6665,-0.04785156,0.84375,0.002929688,-14.90625,0.59375,2.71875,0.09179688,0.8984375,-0.09667969,1.9375,-9.84375,3.34375,0.06835938,0.9609375,-0.2880859,-0.8125,-3,-2.09375,191.9361,277.4484,172.4511,147.811,346.9237,173.0644
633.6999,-0.04785156,0.84375,0.002929688,-14.90625,0.59375,2.71875,0.09179688,0.8984375,-0.09667969,1.9375,-9.84375,3.34375,0.06835938,0.9609375,-0.2880859,-0.8125,-3,-2.09375,191.9361,277.4484,172.4511,147.811,346.9237,173.0644
633.7334,-0.04785156,0.84375,0.002929688,-14.90625,0.59375,2.71875,0.09179688,0.8984375,-0.09667969,1.9375,-9.84375,3.34375,0.01171875,0.9873047,-0.2685547,1.5625,-8.0625,1.625,191.9361,277.4484,172.4511,147.811,346.9237,173.0644
633.7666,-0.04785156,0.84375,0.002929688,-14.90625,0.59375,2.71875,0.09179688,0.8984375,-0.09667969,1.9375,-9.84375,3.34375,0.01171875,0.9873047,-0.2685547,1.5625,-8.0625,1.625,191.9361,277.4484,172.4511,147.811,346.9237,173.0644
633.8004,-0.04785156,0.84375,0.002929688,-14.90625,0.59375,2.71875,0.09179688,0.8984375,-0.09667969,1.9375,-9.84375,3.34375,0.01171875,0.9873047,-0.2685547,1.5625,-8.0625,1.625,191.9361,277.4484,172.4511,147.811,346.9237,173.0644
633.8342,-0.04785156,0.84375,0.002929688,-14.90625,0.59375,2.71875,0.09179688,0.8984375,-0.09667969,1.9375,-9.84375,3.34375,0.01171875,0.9873047,-0.2685547,1.5625,-8.0625,1.625,191.9361,277.4484,172.4511,147.811,346.9237,173.0644
633.8672,-0.04785156,0.84375,0.002929688,-14.90625,0.59375,2.71875,0.09179688,0.8984375,-0.09667969,1.9375,-9.84375,3.34375,0.01171875,0.9873047,-0.2685547,1.5625,-8.0625,1.625,191.9361,277.4484,172.4511,147.811,346.9237,173.0644
633.9007,-0.04785156,0.84375,0.002929688,-14.90625,0.59375,2.71875,0.09179688,0.8984375,-0.09667969,1.9375,-9.84375,3.34375,0.03320313,0.8359375,-0.4472656,3.09375,2.0625,-0.125,191.9361,277.4484,172.4511,147.811,346.9237,173.0644
633.9344,-0.04785156,0.84375,0.002929688,-14.90625,0.59375,2.71875,0.09179688,0.8984375,-0.09667969,1.9375,-9.84375,3.34375,0.03320313,0.8359375,-0.4472656,3.09375,2.0625,-0.125,191.9361,277.4484,172.4511,147.811,346.9237,173.0644
633.9675,0.02050781,0.9150391,0.08398438,14.5,3.40625,2.65625,0.09179688,0.8984375,-0.09667969,1.9375,-9.84375,3.34375,0.03320313,0.8359375,-0.4472656,3.09375,2.0625,-0.125,191.9361,277.4484,172.4511,147.811,346.9237,173.0644
634.0009,0.02050781,0.9150391,0.08398438,14.5,3.40625,2.65625,0.09179688,0.8984375,-0.09667969,1.9375,-9.84375,3.34375,0.03320313,0.8359375,-0.4472656,3.09375,2.0625,-0.125,191.9361,277.4484,172.4511,147.811,346.9237,173.0644
634.0345,0.02050781,0.9150391,0.08398438,14.5,3.40625,2.65625,0.09179688,0.8984375,-0.09667969,1.9375,-9.84375,3.34375,0.03320313,0.8359375,-0.4472656,3.09375,2.0625,-0.125,191.9361,277.4484,172.4511,147.811,346.9237,173.0644
634.0674,0.02050781,0.9150391,0.08398438,14.5,3.40625,2.65625,0.09179688,0.8984375,-0.09667969,1.9375,-9.84375,3.34375,0.03320313,0.8359375,-0.4472656,3.09375,2.0625,-0.125,191.9361,277.4484,172.4511,147.811,346.9237,173.0644
634.1012,0.02050781,0.9150391,0.08398438,14.5,3.40625,2.65625,0.09179688,0.8984375,-0.09667969,1.9375,-9.84375,3.34375,0.03320313,0.8359375,-0.4472656,3.09375,2.0625,-0.125,191.9361,277.4484,172.4511,147.811,346.9237,173.0644
634.135,0.02050781,0.9150391,0.08398438,14.5,3.40625,2.65625,0.09179688,0.8984375,-0.09667969,1.9375,-9.84375,3.34375,0.03320313,0.8359375,-0.4472656,3.09375,2.0625,-0.125,191.9361,277.4484,172.4511,147.811,346.9237,173.0644
634.1679,0.03027344,0.7480469,0.009765625,9.125,5.28125,2.90625,0.09179688,0.8984375,-0.09667969,1.9375,-9.84375,3.34375,0.03320313,0.8359375,-0.4472656,3.09375,2.0625,-0.125,191.9361,277.4484,172.4511,147.811,346.9237,173.0644
634.2014,-0.02148438,0.9550781,0.08007813,2.59375,9.1875,4.4375,0.09179688,0.8984375,-0.09667969,1.9375,-9.84375,3.34375,0.03320313,0.8359375,-0.4472656,3.09375,2.0625,-0.125,191.9361,277.4484,172.4511,147.811,346.9237,173.0644
634.235,-0.02148438,0.9550781,0.08007813,2.59375,9.1875,4.4375,0.09179688,0.8984375,-0.09667969,1.9375,-9.84375,3.34375,-0.015625,0.8955078,-0.1894531,-1.96875,-2.40625,1.75,191.9361,277.4484,172.4511,147.811,346.9237,173.0644
634.2679,-0.02148438,0.9550781,0.08007813,2.59375,9.1875,4.4375,0.09179688,0.8984375,-0.09667969,1.9375,-9.84375,3.34375,-0.015625,0.8955078,-0.1894531,-1.96875,-2.40625,1.75,191.9361,277.4484,172.4511,147.811,346.9237,173.0644
634.3013,-0.02148438,0.9550781,0.08007813,2.59375,9.1875,4.4375,0.09179688,0.8984375,-0.09667969,1.9375,-9.84375,3.34375,-0.015625,0.8955078,-0.1894531,-1.96875,-2.40625,1.75,191.9361,277.4484,172.4511,147.811,346.9237,173.0644
634.3351,-0.02148438,0.9550781,0.08007813,2.59375,9.1875,4.4375,0.09179688,0.8984375,-0.09667969,1.9375,-9.84375,3.34375,0.0859375,0.8710938,-0.3720703,4.0625,-11.78125,4.25,191.9361,277.4484,172.4511,147.811,346.9237,173.0644
634.368,-0.02148438,0.9550781,0.08007813,2.59375,9.1875,4.4375,0.09179688,0.8984375,-0.09667969,1.9375,-9.84375,3.34375,0.0859375,0.8710938,-0.3720703,4.0625,-11.78125,4.25,191.9361,277.4484,172.4511,147.811,346.9237,173.0644
634.4014,0.1523438,0.9433594,0.1162109,3.78125,6.9375,1.6875,0.09179688,0.8984375,-0.09667969,1.9375,-9.84375,3.34375,0.0859375,0.8710938,-0.3720703,4.0625,-11.78125,4.25,192.2997,277.0293,173.9502,147.811,346.9237,173.0644
634.4353,0.1523438,0.9433594,0.1162109,3.78125,6.9375,1.6875,0.09179688,0.8984375,-0.09667969,1.9375,-9.84375,3.34375,0.0859375,0.8710938,-0.3720703,4.0625,-11.78125,4.25,192.2997,277.0293,173.9502,149.8442,348.6455,174.37
634.4681,0.1523438,0.9433594,0.1162109,3.78125,6.9375,1.6875,0.09179688,0.8984375,-0.09667969,1.9375,-9.84375,3.34375,0.0859375,0.8710938,-0.3720703,4.0625,-11.78125,4.25,192.2997,277.0293,173.9502,149.8442,348.6455,174.37
634.5014,0.1523438,0.9433594,0.1162109,3.78125,6.9375,1.6875,0.09179688,0.8984375,-0.09667969,1.9375,-9.84375,3.34375,0.1201172,0.8291016,-0.2822266,5.34375,-4.21875,5.1875,191.6244,277.4021,173.1643,150.3924,351.5981,174.9636
634.5358,0.1523438,0.9433594,0.1162109,3.78125,6.9375,1.6875,0.2617188,0.9257813,-0.02636719,-2.09375,2.1875,2.78125,0.1201172,0.8291016,-0.2822266,5.34375,-4.21875,5.1875,191.6244,277.4021,173.1643,150.3924,351.5981,174.9636
634.5688,0.1523438,0.9433594,0.1162109,3.78125,6.9375,1.6875,0.2617188,0.9257813,-0.02636719,-2.09375,2.1875,2.78125,0.1201172,0.8291016,-0.2822266,5.34375,-4.21875,5.1875,191.6244,277.4021,173.1643,150.3924,351.5981,174.9636
634.6021,0.1523438,0.9433594,0.1162109,3.78125,6.9375,1.6875,0.2617188,0.9257813,-0.02636719,-2.09375,2.1875,2.78125,0.1201172,0.8291016,-0.2822266,5.34375,-4.21875,5.1875,191.6244,277.4021,173.1643,150.3924,351.5981,174.9636
634.6356,0.1523438,0.9433594,0.1162109,3.78125,6.9375,1.6875,0.1103516,1.060547,0.004882813,1.625,4,3.28125,0.1201172,0.8291016,-0.2822266,5.34375,-4.21875,5.1875,190.7675,281.0959,172.0228,150.3924,351.5981,174.9636
634.6683,0.03417969,1.024414,-0.06054688,4.25,8.46875,-1.40625,0.1103516,1.060547,0.004882813,1.625,4,3.28125,0.1201172,0.8291016,-0.2822266,5.34375,-4.21875,5.1875,190.7675,281.0959,172.0228,150.3924,351.5981,174.9636
634.7022,0.03417969,1.024414,-0.06054688,4.25,8.46875,-1.40625,0.1103516,1.060547,0.004882813,1.625,4,3.28125,0.1201172,0.8291016,-0.2822266,5.34375,-4.21875,5.1875,190.7675,281.0959,172.0228,150.3924,351.5981,174.9636
634.7358,0.03417969,1.024414,-0.06054688,4.25,8.46875,-1.40625,0.1103516,1.060547,0.004882813,1.625,4,3.28125,0.1201172,0.8291016,-0.2822266,5.34375,-4.21875,5.1875,190.7675,281.0959,172.0228,150.3924,351.5981,174.9636
634.7688,0.03417969,1.024414,-0.06054688,4.25,8.46875,-1.40625,0.1103516,1.060547,0.004882813,1.625,4,3.28125,0.1201172,0.8291016,-0.2822266,5.34375,-4.21875,5.1875,190.7675,281.0959,172.0228,150.3924,351.5981,174.9636
634.8022,0.03417969,1.024414,-0.06054688,4.25,8.46875,-1.40625,0.1103516,1.060547,0.004882813,1.625,4,3.28125,0.1201172,0.8291016,-0.2822266,5.34375,-4.21875,5.1875,190.7675,281.0959,172.0228,150.3924,351.5981,174.9636
634.836,0.03417969,1.024414,-0.06054688,4.25,8.46875,-1.40625,0.1103516,1.060547,0.004882813,1.625,4,3.28125,0.1201172,0.8291016,-0.2822266,5.34375,-4.21875,5.1875,190.7675,281.0959,172.0228,150.3924,351.5981,174.9636
634.8688,0.03417969,1.024414,-0.06054688,4.25,8.46875,-1.40625,0.1103516,1.060547,0.004882813,1.625,4,3.28125,0.1201172,0.8291016,-0.2822266,5.34375,-4.21875,5.1875,190.7675,281.0959,172.0228,150.3924,351.5981,174.9636
634.9025,0.03417969,1.024414,-0.06054688,4.25,8.46875,-1.40625,0.1103516,1.060547,0.004882813,1.625,4,3.28125,0.1201172,0.8291016,-0.2822266,5.34375,-4.21875,5.1875,190.7675,281.0959,172.0228,150.3924,351.5981,174.9636
634.9363,0.03417969,1.024414,-0.06054688,4.25,8.46875,-1.40625,0.1103516,1.060547,0.004882813,1.625,4,3.28125,0.1201172,0.8291016,-0.2822266,5.34375,-4.21875,5.1875,190.7675,281.0959,172.0228,150.3924,351.5981,174.9636
634.9694,0.03417969,1.024414,-0.06054688,4.25,8.46875,-1.40625,0.1103516,1.060547,0.004882813,1.625,4,3.28125,-0.1142578,0.9794922,-0.3193359,-0.1875,0.40625,0.59375,190.7675,281.0959,172.0228,150.3924,351.5981,174.9636
635.0023,0.03417969,1.024414,-0.06054688,4.25,8.46875,-1.40625,0.1103516,1.060547,0.004882813,1.625,4,3.28125,-0.1142578,0.9794922,-0.3193359,-0.1875,0.40625,0.59375,190.5877,279.9623,171.3767,150.3924,351.5981,174.9636
635.0361,-0.06347656,0.8554688,0.2363281,-9.34375,2,-1.34375,0.1103516,1.060547,0.004882813,1.625,4,3.28125,-0.1142578,0.9794922,-0.3193359,-0.1875,0.40625,0.59375,190.5877,279.9623,171.3767,150.3924,351.5981,174.9636
635.0688,-0.06347656,0.8554688,0.2363281,-9.34375,2,-1.34375,0.1103516,1.060547,0.004882813,1.625,4,3.28125,-0.05371094,1.020508,-0.2841797,-5.9375,-1.0625,-1.53125,190.5877,279.9623,171.3767,150.3924,351.5981,174.9636
635.1025,-0.06347656,0.8554688,0.2363281,-9.34375,2,-1.34375,0.1103516,1.060547,0.004882813,1.625,4,3.28125,-0.05371094,1.020508,-0.2841797,-5.9375,-1.0625,-1.53125,190.5877,279.9623,171.3767,150.3924,351.5981,174.9636
635.136,-0.06347656,0.8554688,0.2363281,-9.34375,2,-1.34375,0.1103516,1.060547,0.004882813,1.625,4,3.28125,-0.05078125,0.7109375,-0.1660156,-8.5625,-1.46875,-1.1875,190.5877,279.9623,171.3767,150.3924,351.5981,174.9636
635.1689,-0.06347656,0.8554688,0.2363281,-9.34375,2,-1.34375,0.1103516,1.060547,0.004882813,1.625,4,3.28125,-0.05078125,0.7109375,-0.1660156,-8.5625,-1.46875,-1.1875,190.5877,279.9623,171.3767,150.3924,351.5981,174.9636
635.2025,-0.03320313,0.9550781,0.1933594,4.875,0.03125,0.15625,0.1103516,1.060547,0.004882813,1.625,4,3.28125,-0.05078125,0.7109375,-0.1660156,-8.5625,-1.46875,-1.1875,190.5798,280.6438,171.6175,150.3924,351.5981,174.9636
635.2363,-0.03320313,0.9550781,0.1933594,4.875,0.03125,0.15625,0.1103516,1.060547,0.004882813,1.625,4,3.28125,-0.05078125,0.7109375,-0.1660156,-8.5625,-1.46875,-1.1875,190.5798,280.6438,171.6175,150.3924,351.5981,174.9636
635.2694,-0.03320313,0.9550781,0.1933594,4.875,0.03125,0.15625,0.03710938,0.9453125,-0.06152344,-6.65625,-0.1875,-1.59375,-0.05078125,0.7109375,-0.1660156,-8.5625,-1.46875,-1.1875,190.5798,280.6438,171.6175,150.3924,351.5981,174.9636
635.3029,0.01757813,0.921875,0.2148438,-4.40625,-7.40625,-0.625,0.03710938,0.9453125,-0.06152344,-6.65625,-0.1875,-1.59375,-0.05078125,0.7109375,-0.1660156,-8.5625,-1.46875,-1.1875,190.5798,280.6438,171.6175,150.3924,351.5981,174.9636
635.3365,0.01757813,0.921875,0.2148438,-4.40625,-7.40625,-0.625,0.03710938,0.9453125,-0.06152344,-6.65625,-0.1875,-1.59375,-0.05078125,0.7109375,-0.1660156,-8.5625,-1.46875,-1.1875,190.5798,280.6438,171.6175,150.3924,351.5981,174.9636
635.3694,0.01757813,0.921875,0.2148438,-4.40625,-7.40625,-0.625,-0.01953125,0.9541016,-0.04785156,0.40625,-8.5,1.5,-0.05078125,0.7109375,-0.1660156,-8.5625,-1.46875,-1.1875,190.5798,280.6438,171.6175,150.3924,351.5981,174.9636
635.4031,0.01757813,0.921875,0.2148438,-4.40625,-7.40625,-0.625,-0.01953125,0.9541016,-0.04785156,0.40625,-8.5,1.5,-0.1494141,0.9277344,-0.2089844,-6,-2.53125,-1.34375,189.4306,280.8404,171.8645,150.3924,351.5981,174.9636
635.4366,0.01757813,0.921875,0.2148438,-4.40625,-7.40625,-0.625,0.04296875,1.045898,0.005859375,-4.71875,-12.34375,-1.25,-0.1494141,0.9277344,-0.2089844,-6,-2.53125,-1.34375,189.6432,282.1753,172.2499,150.3924,351.5981,174.9636
635.4698,0.01757813,0.921875,0.2148438,-4.40625,-7.40625,-0.625,0.04296875,1.045898,0.005859375,-4.71875,-12.34375,-1.25,-0.1494141,0.9277344,-0.2089844,-6,-2.53125,-1.34375,189.6432,282.1753,172.2499,150.3924,351.5981,174.9636
635.5034,0.01757813,0.921875,0.2148438,-4.40625,-7.40625,-0.625,0.04296875,1.045898,0.005859375,-4.71875,-12.34375,-1.25,-0.1494141,0.9277344,-0.2089844,-6,-2.53125,-1.34375,189.6432,282.1753,172.2499,150.3924,351.5981,174.9636
635.537,0.01757813,0.921875,0.2148438,-4.40625,-7.40625,-0.625,0.2041016,1.018555,-0.015625,0.84375,-11.125,-0.1875,-0.1494141,0.9277344,-0.2089844,-6,-2.53125,-1.34375,189.6432,282.1753,172.2499,150.3924,351.5981,174.9636
635.5704,-0.1337891,0.9003906,0.1396484,-7.15625,-8.375,-5.09375,0.2041016,1.018555,-0.015625,0.84375,-11.125,-0.1875,-0.1494141,0.9277344,-0.2089844,-6,-2.53125,-1.34375,189.6432,282.1753,172.2499,150.3924,351.5981,174.9636
635.604,-0.1337891,0.9003906,0.1396484,-7.15625,-8.375,-5.09375,0.2041016,1.018555,-0.015625,0.84375,-11.125,-0.1875,-0.1494141,0.9277344,-0.2089844,-6,-2.53125,-1.34375,189.6432,282.1753,172.2499,152.1943,348.601,177.242
635.6376,-0.1337891,0.9003906,0.1396484,-7.15625,-8.375,-5.09375,0.07519531,1.013672,-0.0234375,-0.4375,2.59375,-1.25,-0.1494141,0.9277344,-0.2089844,-6,-2.53125,-1.34375,189.6432,282.1753,172.2499,152.1943,348.601,177.242
635.6706,-0.1337891,0.9003906,0.1396484,-7.15625,-8.375,-5.09375,0.07519531,1.013672,-0.0234375,-0.4375,2.59375,-1.25,-0.1494141,0.9277344,-0.2089844,-6,-2.53125,-1.34375,189.6432,282.1753,172.2499,152.1943,348.601,177.242
635.7039,-0.1337891,0.9003906,0.1396484,-7.15625,-8.375,-5.09375,-0.03808594,0.9736328,-0.05175781,-1.84375,-6.375,0.28125,-0.1494141,0.9277344,-0.2089844,-6,-2.53125,-1.34375,189.6432,282.1753,172.2499,152.6961,349.4364,177.4913
635.7602,-0.1337891,0.9003906,0.1396484,-7.15625,-8.375,-5.09375,-0.03808594,0.9736328,-0.05175781,-1.84375,-6.375,0.28125,-0.1494141,0.9277344,-0.2089844,-6,-2.53125,-1.34375,189.6432,282.1753,172.2499,152.6961,349.4364,177.4913
635.762,-0.1337891,0.9003906,0.1396484,-7.15625,-8.375,-5.09375,-0.03808594,0.9736328,-0.05175781,-1.84375,-6.375,0.28125,-0.1494141,0.9277344,-0.2089844,-6,-2.53125,-1.34375,189.6432,282.1753,172.2499,152.6961,349.4364,177.4913
635.794,-0.1337891,0.9003906,0.1396484,-7.15625,-8.375,-5.09375,0.1132813,0.9941406,0.04492188,-6.375,7.125,-0.3125,-0.1494141,0.9277344,-0.2089844,-6,-2.53125,-1.34375,189.6432,282.1753,172.2499,151.6206,347.8806,176.397
635.8274,0.06835938,1.078125,0.1328125,-0.5625,-10.5625,-4.96875,0.1132813,0.9941406,0.04492188,-6.375,7.125,-0.3125,-0.1494141,0.9277344,-0.2089844,-6,-2.53125,-1.34375,189.6432,282.1753,172.2499,151.6206,347.8806,176.397
635.8604,0.06835938,1.078125,0.1328125,-0.5625,-10.5625,-4.96875,0.1132813,0.9941406,0.04492188,-6.375,7.125,-0.3125,-0.01464844,0.9394531,-0.1699219,1.15625,0.96875,-0.1875,189.6432,282.1753,172.2499,151.6206,347.8806,176.397
635.894,0.06835938,1.078125,0.1328125,-0.5625,-10.5625,-4.96875,0.09277344,0.9619141,-0.04394531,3.9375,5.53125,0.65625,-0.01464844,0.9394531,-0.1699219,1.15625,0.96875,-0.1875,189.6432,282.1753,172.2499,151.6206,347.8806,176.397
635.9282,0.06835938,1.078125,0.1328125,-0.5625,-10.5625,-4.96875,0.09277344,0.9619141,-0.04394531,3.9375,5.53125,0.65625,-0.01464844,0.9394531,-0.1699219,1.15625,0.96875,-0.1875,189.6432,282.1753,172.2499,151.6206,347.8806,176.397
635.9609,0.06835938,1.078125,0.1328125,-0.5625,-10.5625,-4.96875,0.09277344,0.9619141,-0.04394531,3.9375,5.53125,0.65625,-0.01464844,0.9394531,-0.1699219,1.15625,0.96875,-0.1875,189.6432,282.1753,172.2499,151.6206,347.8806,176.397
635.9945,0.06835938,1.078125,0.1328125,-0.5625,-10.5625,-4.96875,0.09277344,0.9619141,-0.04394531,3.9375,5.53125,0.65625,-0.01464844,0.9394531,-0.1699219,1.15625,0.96875,-0.1875,189.6432,282.1753,172.2499,151.6206,347.8806,176.397
636.0284,0.06542969,0.9521484,0.1757813,2.90625,-5.625,-2.9375,0.09277344,0.9619141,-0.04394531,3.9375,5.53125,0.65625,-0.1230469,0.9335938,-0.1640625,-1.1875,2.4375,-2.40625,189.6432,282.1753,172.2499,151.6206,347.8806,176.397
636.0611,0.06542969,0.9521484,0.1757813,2.90625,-5.625,-2.9375,0.09277344,0.9619141,-0.04394531,3.9375,5.53125,0.65625,-0.1230469,0.9335938,-0.1640625,-1.1875,2.4375,-2.40625,189.6432,282.1753,172.2499,151.6206,347.8806,176.397
636.0955,0.06542969,0.9521484,0.1757813,2.90625,-5.625,-2.9375,0.09277344,0.9619141,-0.04394531,3.9375,5.53125,0.65625,-0.1230469,0.9335938,-0.1640625,-1.1875,2.4375,-2.40625,189.6432,282.1753,172.2499,151.6206,347.8806,176.397
636.1285,0.06542969,0.9521484,0.1757813,2.90625,-5.625,-2.9375,0.09277344,0.9619141,-0.04394531,3.9375,5.53125,0.65625,-0.1230469,0.9335938,-0.1640625,-1.1875,2.4375,-2.40625,189.6432,282.1753,172.2499,151.6206,347.8806,176.397
636.1614,0.06542969,0.9521484,0.1757813,2.90625,-5.625,-2.9375,0.09277344,0.9619141,-0.04394531,3.9375,5.53125,0.65625,-0.1230469,0.9335938,-0.1640625,-1.1875,2.4375,-2.40625,189.6432,282.1753,172.2499,151.6206,347.8806,176.397
636.1951,0.06542969,0.9521484,0.1757813,2.90625,-5.625,-2.9375,0.09277344,0.9619141,-0.04394531,3.9375,5.53125,0.65625,-0.1230469,0.9335938,-0.1640625,-1.1875,2.4375,-2.40625,189.6432,282.1753,172.2499,151.6206,347.8806,176.397
636.2286,0.06542969,0.9521484,0.1757813,2.90625,-5.625,-2.9375,0.09277344,0.9619141,-0.04394531,3.9375,5.53125,0.65625,0.02246094,0.9423828,-0.1806641,-2.59375,-2.46875,-0.5,189.6432,282.1753,172.2499,151.3402,345.3958,174.4931
636.2618,0.06542969,0.9521484,0.1757813,2.90625,-5.625,-2.9375,0.09277344,0.9619141,-0.04394531,3.9375,5.53125,0.65625,0.02246094,0.9423828,-0.1806641,-2.59375,-2.46875,-0.5,189.6432,282.1753,172.2499,151.3402,345.3958,174.4931
636.295,0.06542969,0.9521484,0.1757813,2.90625,-5.625,-2.9375,0.09277344,0.9619141,-0.04394531,3.9375,5.53125,0.65625,0.02246094,0.9423828,-0.1806641,-2.59375,-2.46875,-0.5,189.6432,282.1753,172.2499,151.3402,345.3958,174.4931
636.3283,0.06542969,0.9521484,0.1757813,2.90625,-5.625,-2.9375,0.09277344,0.9619141,-0.04394531,3.9375,5.53125,0.65625,0.02246094,0.9423828,-0.1806641,-2.59375,-2.46875,-0.5,189.6432,282.1753,172.2499,151.8639,346.3283,174.5556
636.3615,-0.078125,0.8847656,0.09863281,-8.3125,9.5,2.65625,0.09277344,0.9619141,-0.04394531,3.9375,5.53125,0.65625,0.02246094,0.9423828,-0.1806641,-2.59375,-2.46875,-0.5,189.6432,282.1753,172.2499,151.8639,346.3283,174.5556
636.3953,-0.078125,0.8847656,0.09863281,-8.3125,9.5,2.65625,0.09277344,0.9619141,-0.04394531,3.9375,5.53125,0.65625,0.02246094,0.9423828,-0.1806641,-2.59375,-2.46875,-0.5,189.6432,282.1753,172.2499,151.8056,346.463,174.5604
636.4288,-0.078125,0.8847656,0.09863281,-8.3125,9.5,2.65625,0.09277344,0.9619141,-0.04394531,3.9375,5.53125,0.65625,0.02246094,0.9423828,-0.1806641,-2.59375,-2.46875,-0.5,188.8179,279.0118,171.6301,151.8056,346.463,174.5604
636.4619,-0.00390625,0.9589844,0.15625,-7.65625,-0.6875,0.28125,0.09277344,0.9619141,-0.04394531,3.9375,5.53125,0.65625,0.02246094,0.9423828,-0.1806641,-2.59375,-2.46875,-0.5,188.8179,279.0118,171.6301,151.8056,346.463,174.5604
636.4957,-0.00390625,0.9589844,0.15625,-7.65625,-0.6875,0.28125,0.09277344,0.9619141,-0.04394531,3.9375,5.53125,0.65625,0.02246094,0.9423828,-0.1806641,-2.59375,-2.46875,-0.5,188.8179,279.0118,171.6301,150.9367,349.5043,176.0789
636.5291,-0.00390625,0.9589844,0.15625,-7.65625,-0.6875,0.28125,0.09277344,0.9619141,-0.04394531,3.9375,5.53125,0.65625,0.02246094,0.9423828,-0.1806641,-2.59375,-2.46875,-0.5,188.8179,279.0118,171.6301,150.9367,349.5043,176.0789
636.5621,-0.00390625,0.9589844,0.15625,-7.65625,-0.6875,0.28125,0.09277344,0.9619141,-0.04394531,3.9375,5.53125,0.65625,0.02246094,0.9423828,-0.1806641,-2.59375,-2.46875,-0.5,188.8179,279.0118,171.6301,150.9367,349.5043,176.0789
636.5957,-0.00390625,0.9589844,0.15625,-7.65625,-0.6875,0.28125,0.09277344,0.9619141,-0.04394531,3.9375,5.53125,0.65625,0.02246094,0.9423828,-0.1806641,-2.59375,-2.46875,-0.5,188.8179,279.0118,171.6301,150.9367,349.5043,176.0789
636.6298,-0.0390625,0.9775391,0.05566406,5.125,-6.78125,-1.59375,0.09277344,0.9619141,-0.04394531,3.9375,5.53125,0.65625,0.02246094,0.9423828,-0.1806641,-2.59375,-2.46875,-0.5,188.8179,279.0118,171.6301,150.9367,349.5043,176.0789
636.6624,-0.0390625,0.9775391,0.05566406,5.125,-6.78125,-1.59375,0.09277344,0.9619141,-0.04394531,3.9375,5.53125,0.65625,0.02246094,0.9423828,-0.1806641,-2.59375,-2.46875,-0.5,188.8179,279.0118,171.6301,150.9367,349.5043,176.0789
636.6958,-0.0390625,0.9775391,0.05566406,5.125,-6.78125,-1.59375,0.09277344,0.9619141,-0.04394531,3.9375,5.53125,0.65625,0.02246094,0.9423828,-0.1806641,-2.59375,-2.46875,-0.5,188.8116,278.5548,171.6835,150.9941,348.4629,175.9945
636.7297,-0.0390625,0.9775391,0.05566406,5.125,-6.78125,-1.59375,0.09277344,0.9619141,-0.04394531,3.9375,5.53125,0.65625,0.02246094,0.9423828,-0.1806641,-2.59375,-2.46875,-0.5,188.8116,278.5548,171.6835,150.9941,348.4629,175.9945
636.7626,-0.0390625,0.9775391,0.05566406,5.125,-6.78125,-1.59375,0.09277344,0.9619141,-0.04394531,3.9375,5.53125,0.65625,0.02246094,0.9423828,-0.1806641,-2.59375,-2.46875,-0.5,188.8116,278.5548,171.6835,150.9941,348.4629,175.9945
636.7959,-0.0390625,0.9775391,0.05566406,5.125,-6.78125,-1.59375,0.046875,0.8701172,-0.1015625,-1.0625,-8.3125,0.59375,0.02246094,0.9423828,-0.1806641,-2.59375,-2.46875,-0.5,188.7893,278.7206,171.7505,150.9941,348.4629,175.9945
636.8295,-0.0390625,0.9775391,0.05566406,5.125,-6.78125,-1.59375,0.046875,0.8701172,-0.1015625,-1.0625,-8.3125,0.59375,0.02246094,0.9423828,-0.1806641,-2.59375,-2.46875,-0.5,188.7893,278.7206,171.7505,150.9941,348.4629,175.9945
636.8628,-0.0390625,0.9775391,0.05566406,5.125,-6.78125,-1.59375,0.046875,0.8701172,-0.1015625,-1.0625,-8.3125,0.59375,0.02246094,0.9423828,-0.1806641,-2.59375,-2.46875,-0.5,188.7893,278.7206,171.7505,151.2167,347.6695,175.6948
636.8969,-0.0390625,0.9775391,0.05566406,5.125,-6.78125,-1.59375,0.009765625,0.9169922,-0.04003906,0.09375,-2.9375,0.96875,0.02246094,0.9423828,-0.1806641,-2.59375,-2.46875,-0.5,188.7893,278.7206,171.7505,151.2167,347.6695,175.6948
636.93,-0.0390625,0.9775391,0.05566406,5.125,-6.78125,-1.59375,0.009765625,0.9169922,-0.04003906,0.09375,-2.9375,0.96875,-0.1445313,0.8085938,-0.1103516,0.40625,-2.46875,1.03125,188.7893,278.7206,171.7505,151.2167,347.6695,175.6948
636.9629,-0.0390625,0.9775391,0.05566406,5.125,-6.78125,-1.59375,0.1025391,0.9804688,-0.04785156,1.375,1.28125,0.71875,-0.1445313,0.8085938,-0.1103516,0.40625,-2.46875,1.03125,188.7893,278.7206,171.7505,151.2167,347.6695,175.6948
636.9964,0.06054688,0.9726563,0.1376953,10,-0.25,-0.1875,0.1025391,0.9804688,-0.04785156,1.375,1.28125,0.71875,-0.1445313,0.8085938,-0.1103516,0.40625,-2.46875,1.03125,188.7893,278.7206,171.7505,151.2167,347.6695,175.6948
637.0302,0.06054688,0.9726563,0.1376953,10,-0.25,-0.1875,0.1025391,0.9804688,-0.04785156,1.375,1.28125,0.71875,-0.1162109,1.048828,-0.2402344,1.8125,0.59375,-0.5,188.7893,278.7206,171.7505,151.2167,347.6695,175.6948
637.0632,0.06054688,0.9726563,0.1376953,10,-0.25,-0.1875,0.1171875,0.9882813,0.002929688,3.78125,1.28125,0.46875,-0.1162109,1.048828,-0.2402344,1.8125,0.59375,-0.5,189.8121,278.2588,170.9491,151.2167,347.6695,175.6948
637.0968,-0.0009765625,0.8623047,0.06738281,8.53125,3.71875,-1.1875,0.1171875,0.9882813,0.002929688,3.78125,1.28125,0.46875,-0.1162109,1.048828,-0.2402344,1.8125,0.59375,-0.5,189.8121,278.2588,170.9491,151.2167,347.6695,175.6948
637.1304,-0.0009765625,0.8623047,0.06738281,8.53125,3.71875,-1.1875,0.1171875,0.9882813,0.002929688,3.78125,1.28125,0.46875,-0.08496094,0.9931641,-0.2197266,2,-10.5,0.71875,189.8121,278.2588,170.9491,151.2167,347.6695,175.6948
637.1631,-0.0009765625,0.8623047,0.06738281,8.53125,3.71875,-1.1875,0.1171875,0.9882813,0.002929688,3.78125,1.28125,0.46875,-0.08496094,0.9931641,-0.2197266,2,-10.5,0.71875,189.8121,278.2588,170.9491,151.2167,347.6695,175.6948
637.1969,-0.0703125,0.9521484,0.1669922,-5.75,3.65625,0.46875,0.1171875,0.9882813,0.002929688,3.78125,1.28125,0.46875,-0.08496094,0.9931641,-0.2197266,2,-10.5,0.71875,189.8121,278.2588,170.9491,151.2167,347.6695,175.6948
637.2305,-0.0703125,0.9521484,0.1669922,-5.75,3.65625,0.46875,0.03125,1.014648,-0.01855469,2.78125,0.09375,0.21875,0.06933594,0.9677734,-0.2646484,0,1.375,-0.9375,189.8121,278.2588,170.9491,151.2167,347.6695,175.6948
637.2637,-0.05273438,0.9931641,0.1972656,-19.1875,1.875,0.34375,0.03125,1.014648,-0.01855469,2.78125,0.09375,0.21875,0.06933594,0.9677734,-0.2646484,0,1.375,-0.9375,189.8121,278.2588,170.9491,151.2167,347.6695,175.6948
637.2971,-0.05273438,0.9931641,0.1972656,-19.1875,1.875,0.34375,0.03125,1.014648,-0.01855469,2.78125,0.09375,0.21875,-0.005859375,1.017578,-0.2304688,0.21875,-1.40625,0.21875,189.8121,278.2588,170.9491,151.2167,347.6695,175.6948
637.3304,-0.05273438,0.9931641,0.1972656,-19.1875,1.875,0.34375,0.04199219,1.037109,-0.06445313,2,-2.59375,-0.3125,-0.005859375,1.017578,-0.2304688,0.21875,-1.40625,0.21875,189.8121,278.2588,170.9491,151.2167,347.6695,175.6948
637.3636,-0.05273438,0.9931641,0.1972656,-19.1875,1.875,0.34375,0.04199219,1.037109,-0.06445313,2,-2.59375,-0.3125,-0.005859375,1.017578,-0.2304688,0.21875,-1.40625,0.21875,189.8121,278.2588,170.9491,151.2167,347.6695,175.6948
637.3972,-0.05273438,0.9931641,0.1972656,-19.1875,1.875,0.34375,0.04199219,1.037109,-0.06445313,2,-2.59375,-0.3125,0.01953125,0.9570313,-0.28125,0.78125,-1.3125,-0.125,189.8121,278.2588,170.9491,151.2167,347.6695,175.6948
637.4308,-0.05273438,0.9931641,0.1972656,-19.1875,1.875,0.34375,0.09863281,0.9296875,-0.1064453,0.71875,-0.375,0.90625,0.01953125,0.9570313,-0.28125,0.78125,-1.3125,-0.125,189.8121,278.2588,170.9491,151.2167,347.6695,175.6948
637.4639,-0.04199219,1.063477,0.09960938,-15.40625,2,0.09375,0.09863281,0.9296875,-0.1064453,0.71875,-0.375,0.90625,0.01953125,0.9570313,-0.28125,0.78125,-1.3125,-0.125,189.8121,278.2588,170.9491,151.2167,347.6695,175.6948
637.4975,-0.04199219,1.063477,0.09960938,-15.40625,2,0.09375,0.09863281,0.9296875,-0.1064453,0.71875,-0.375,0.90625,0.01953125,0.9570313,-0.28125,0.78125,-1.3125,-0.125,189.8121,278.2588,170.9491,151.2167,347.6695,175.6948
637.5309,-0.04199219,1.063477,0.09960938,-15.40625,2,0.09375,0.09863281,0.9296875,-0.1064453,0.71875,-0.375,0.90625,0.01953125,0.9570313,-0.28125,0.78125,-1.3125,-0.125,189.8121,278.2588,170.9491,151.2167,347.6695,175.6948
637.5642,-0.04199219,1.063477,0.09960938,-15.40625,2,0.09375,0.09863281,0.9296875,-0.1064453,0.71875,-0.375,0.90625,0.03613281,0.9101563,-0.2568359,2,1.15625,-0.5,189.8121,278.2588,170.9491,151.2167,347.6695,175.6948
637.5978,-0.04199219,1.063477,0.09960938,-15.40625,2,0.09375,0.09863281,0.9296875,-0.1064453,0.71875,-0.375,0.90625,0.03613281,0.9101563,-0.2568359,2,1.15625,-0.5,189.8121,278.2588,170.9491,151.2167,347.6695,175.6948
637.6313,-0.04199219,1.063477,0.09960938,-15.40625,2,0.09375,0.09863281,0.9296875,-0.1064453,0.71875,-0.375,0.90625,0.03613281,0.9101563,-0.2568359,2,1.15625,-0.5,189.8121,278.2588,170.9491,151.2167,347.6695,175.6948
637.6643,-0.04199219,1.063477,0.09960938,-15.40625,2,0.09375,0.09863281,0.9296875,-0.1064453,0.71875,-0.375,0.90625,-0.140625,0.9794922,-0.2617188,-0.6875,3.03125,-0.9375,189.8121,278.2588,170.9491,151.2167,347.6695,175.6948
637.6979,-0.04199219,1.063477,0.09960938,-15.40625,2,0.09375,0.09863281,0.9296875,-0.1064453,0.71875,-0.375,0.90625,-0.140625,0.9794922,-0.2617188,-0.6875,3.03125,-0.9375,190.8017,277.2011,171.1594,151.2167,347.6695,175.6948
637.7318,-0.04199219,1.063477,0.09960938,-15.40625,2,0.09375,0.09863281,0.9296875,-0.1064453,0.71875,-0.375,0.90625,-0.140625,0.9794922,-0.2617188,-0.6875,3.03125,-0.9375,190.8017,277.2011,171.1594,151.2167,347.6695,175.6948
637.7651,-0.04199219,1.063477,0.09960938,-15.40625,2,0.09375,0.09863281,0.9296875,-0.1064453,0.71875,-0.375,0.90625,-0.140625,0.9794922,-0.2617188,-0.6875,3.03125,-0.9375,190.8017,277.2011,171.1594,150.6167,350.6752,173.3792
637.7986,-0.04199219,1.063477,0.09960938,-15.40625,2,0.09375,0.09863281,0.9296875,-0.1064453,0.71875,-0.375,0.90625,-0.140625,0.9794922,-0.2617188,-0.6875,3.03125,-0.9375,190.8764,278.1473,171.0775,150.6167,350.6752,173.3792
637.8318,-0.04199219,1.063477,0.09960938,-15.40625,2,0.09375,0.09863281,0.9296875,-0.1064453,0.71875,-0.375,0.90625,-0.140625,0.9794922,-0.2617188,-0.6875,3.03125,-0.9375,190.8764,278.1473,171.0775,150.6167,350.6752,173.3792
637.8651,-0.04199219,1.063477,0.09960938,-15.40625,2,0.09375,0.09863281,0.9296875,-0.1064453,0.71875,-0.375,0.90625,-0.140625,0.9794922,-0.2617188,-0.6875,3.03125,-0.9375,190.6886,277.7112,171.2965,150.6167,350.6752,173.3792
637.8989,-0.04199219,1.063477,0.09960938,-15.40625,2,0.09375,0.09863281,0.9296875,-0.1064453,0.71875,-0.375,0.90625,-0.140625,0.9794922,-0.2617188,-0.6875,3.03125,-0.9375,190.6886,277.7112,171.2965,150.6167,350.6752,173.3792
637.9323,-0.04199219,1.063477,0.09960938,-15.40625,2,0.09375,0.09863281,0.9296875,-0.1064453,0.71875,-0.375,0.90625,-0.140625,0.9794922,-0.2617188,-0.6875,3.03125,-0.9375,190.6886,277.7112,171.2965,150.2921,349.8776,173.8372
637.9653,-0.04199219,1.063477,0.09960938,-15.40625,2,0.09375,0.09863281,0.9296875,-0.1064453,0.71875,-0.375,0.90625,-0.140625,0.9794922,-0.2617188,-0.6875,3.03125,-0.9375,190.4632,277.7156,171.3415,150.2921,349.8776,173.8372
637.9994,-0.04199219,1.063477,0.09960938,-15.40625,2,0.09375,0.09863281,0.9296875,-0.1064453,0.71875,-0.375,0.90625,-0.140625,0.9794922,-0.2617188,-0.6875,3.03125,-0.9375,190.4632,277.7156,171.3415,150.2921,349.8776,173.8372
638.0326,-0.04199219,1.063477,0.09960938,-15.40625,2,0.09375,0.09863281,0.9296875,-0.1064453,0.71875,-0.375,0.90625,-0.140625,0.9794922,-0.2617188,-0.6875,3.03125,-0.9375,190.4632,277.7156,171.3415,150.2921,349.8776,173.8372
638.0657,-0.04199219,1.063477,0.09960938,-15.40625,2,0.09375,0.06054688,0.9746094,-0.06933594,0.78125,1.375,-0.375,-0.140625,0.9794922,-0.2617188,-0.6875,3.03125,-0.9375,190.388,277.4622,171.3337,150.2921,349.8776,173.8372
638.099,-0.03710938,1.00293,0.2060547,-3.625,-0.125,-0.25,0.06054688,0.9746094,-0.06933594,0.78125,1.375,-0.375,-0.140625,0.9794922,-0.2617188,-0.6875,3.03125,-0.9375,190.388,277.4622,171.3337,150.2921,349.8776,173.8372
638.1326,-0.03710938,1.00293,0.2060547,-3.625,-0.125,-0.25,0.1728516,0.9824219,-0.01757813,-0.0625,0.21875,0.65625,-0.140625,0.9794922,-0.2617188,-0.6875,3.03125,-0.9375,190.388,277.4622,171.3337,150.2921,349.8776,173.8372
638.1659,-0.1171875,1.006836,0.2207031,-2.09375,6.34375,2.5,0.1728516,0.9824219,-0.01757813,-0.0625,0.21875,0.65625,-0.140625,0.9794922,-0.2617188,-0.6875,3.03125,-0.9375,190.388,277.4622,171.3337,150.2921,349.8776,173.8372
638.1993,-0.1171875,1.006836,0.2207031,-2.09375,6.34375,2.5,0.1728516,0.9824219,-0.01757813,-0.0625,0.21875,0.65625,-0.140625,0.9794922,-0.2617188,-0.6875,3.03125,-0.9375,190.388,277.4622,171.3337,150.2921,349.8776,173.8372
638.2324,-0.1171875,1.006836,0.2207031,-2.09375,6.34375,2.5,0.1962891,0.9560547,0.01074219,0.40625,-0.5,0.90625,-0.140625,0.9794922,-0.2617188,-0.6875,3.03125,-0.9375,190.388,277.4622,171.3337,150.2921,349.8776,173.8372
638.2659,-0.07324219,0.8896484,0.1591797,3.65625,1.03125,2.125,0.1962891,0.9560547,0.01074219,0.40625,-0.5,0.90625,-0.140625,0.9794922,-0.2617188,-0.6875,3.03125,-0.9375,190.388,277.4622,171.3337,150.2921,349.8776,173.8372
638.3322,-0.07324219,0.8896484,0.1591797,3.65625,1.03125,2.125,0.1962891,0.9560547,0.01074219,0.40625,-0.5,0.90625,-0.140625,0.9794922,-0.2617188,-0.6875,3.03125,-0.9375,190.388,277.4622,171.3337,150.2921,349.8776,173.8372
638.3656,-0.07324219,0.8896484,0.1591797,3.65625,1.03125,2.125,0.1962891,0.9560547,0.01074219,0.40625,-0.5,0.90625,-0.140625,0.9794922,-0.2617188,-0.6875,3.03125,-0.9375,190.388,277.4622,171.3337,150.2921,349.8776,173.8372
638.399,-0.07324219,0.8896484,0.1591797,3.65625,1.03125,2.125,0.04589844,0.9267578,-0.09863281,-1.65625,-0.9375,-0.125,-0.140625,0.9794922,-0.2617188,-0.6875,3.03125,-0.9375,190.388,277.4622,171.3337,150.2921,349.8776,173.8372
638.4323,-0.07324219,0.8896484,0.1591797,3.65625,1.03125,2.125,0.04589844,0.9267578,-0.09863281,-1.65625,-0.9375,-0.125,-0.140625,0.9794922,-0.2617188,-0.6875,3.03125,-0.9375,190.388,277.4622,171.3337,150.0837,350.3667,173.9556
638.4658,-0.07324219,0.8896484,0.1591797,3.65625,1.03125,2.125,0.04589844,0.9267578,-0.09863281,-1.65625,-0.9375,-0.125,-0.140625,0.9794922,-0.2617188,-0.6875,3.03125,-0.9375,190.388,277.4622,171.3337,150.0837,350.3667,173.9556
638.4991,-0.07324219,0.8896484,0.1591797,3.65625,1.03125,2.125,0.1894531,0.9355469,-0.04101563,1.28125,0,0.03125,-0.140625,0.9794922,-0.2617188,-0.6875,3.03125,-0.9375,190.388,277.4622,171.3337,150.0837,350.3667,173.9556
638.555,-0.07324219,0.8896484,0.1591797,3.65625,1.03125,2.125,0.1894531,0.9355469,-0.04101563,1.28125,0,0.03125,-0.140625,0.9794922,-0.2617188,-0.6875,3.03125,-0.9375,190.388,277.4622,171.3337,150.0837,350.3667,173.9556
638.5572,-0.07324219,0.8896484,0.1591797,3.65625,1.03125,2.125,0.1894531,0.9355469,-0.04101563,1.28125,0,0.03125,-0.140625,0.9794922,-0.2617188,-0.6875,3.03125,-0.9375,190.388,277.4622,171.3337,150.0837,350.3667,173.9556
638.5884,-0.07324219,0.8896484,0.1591797,3.65625,1.03125,2.125,0.08007813,0.8398438,-0.1083984,0.65625,0.09375,-0.4375,-0.140625,0.9794922,-0.2617188,-0.6875,3.03125,-0.9375,190.388,277.4622,171.3337,150.0837,350.3667,173.9556
638.6218,-0.07324219,0.8896484,0.1591797,3.65625,1.03125,2.125,0.08007813,0.8398438,-0.1083984,0.65625,0.09375,-0.4375,-0.140625,0.9794922,-0.2617188,-0.6875,3.03125,-0.9375,190.388,277.4622,171.3337,150.0837,350.3667,173.9556
638.6553,-0.07324219,0.8896484,0.1591797,3.65625,1.03125,2.125,0.08007813,0.8398438,-0.1083984,0.65625,0.09375,-0.4375,-0.09667969,1.046875,-0.3007813,-0.0625,-0.6875,-0.5625,190.388,277.4622,171.3337,150.0837,350.3667,173.9556
638.6887,-0.07324219,0.8896484,0.1591797,3.65625,1.03125,2.125,0.08007813,0.8398438,-0.1083984,0.65625,0.09375,-0.4375,-0.09667969,1.046875,-0.3007813,-0.0625,-0.6875,-0.5625,190.388,277.4622,171.3337,150.0406,350.0516,173.4041
638.7224,-0.07324219,0.8896484,0.1591797,3.65625,1.03125,2.125,0.08007813,0.8398438,-0.1083984,0.65625,0.09375,-0.4375,-0.09667969,1.046875,-0.3007813,-0.0625,-0.6875,-0.5625,189.8044,277.0571,172.768,150.0406,350.0516,173.4041
638.7559,-0.07324219,0.8896484,0.1591797,3.65625,1.03125,2.125,0.08007813,0.8398438,-0.1083984,0.65625,0.09375,-0.4375,-0.09667969,1.046875,-0.3007813,-0.0625,-0.6875,-0.5625,189.8044,277.0571,172.768,150.0406,350.0516,173.4041
638.7892,0.1298828,0.9472656,0.1865234,8.34375,4.9375,-3.3125,0.08007813,0.8398438,-0.1083984,0.65625,0.09375,-0.4375,-0.09667969,1.046875,-0.3007813,-0.0625,-0.6875,-0.5625,189.8044,277.0571,172.768,150.0406,350.0516,173.4041
638.8227,0.1298828,0.9472656,0.1865234,8.34375,4.9375,-3.3125,0.08007813,0.8398438,-0.1083984,0.65625,0.09375,-0.4375,0.0078125,0.9033203,-0.2705078,0.65625,0.71875,0.09375,189.8044,277.0571,172.768,150.0406,350.0516,173.4041
638.8558,0.1298828,0.9472656,0.1865234,8.34375,4.9375,-3.3125,0.08007813,0.8398438,-0.1083984,0.65625,0.09375,-0.4375,0.0078125,0.9033203,-0.2705078,0.65625,0.71875,0.09375,189.8044,277.0571,172.768,150.7121,349.5865,174.4566
638.8894,0.09082031,0.9775391,0.08300781,-5.625,10,-4.46875,0.08007813,0.8398438,-0.1083984,0.65625,0.09375,-0.4375,0.0078125,0.9033203,-0.2705078,0.65625,0.71875,0.09375,189.8044,277.0571,172.768,150.7121,349.5865,174.4566
638.9229,0.09082031,0.9775391,0.08300781,-5.625,10,-4.46875,0.08007813,0.8398438,-0.1083984,0.65625,0.09375,-0.4375,-0.1123047,0.9873047,-0.2236328,1.21875,-2.03125,1.3125,189.8044,277.0571,172.768,150.7121,349.5865,174.4566
638.9561,0.09082031,0.9775391,0.08300781,-5.625,10,-4.46875,0.08007813,0.8398438,-0.1083984,0.65625,0.09375,-0.4375,-0.1123047,0.9873047,-0.2236328,1.21875,-2.03125,1.3125,189.8044,277.0571,172.768,150.7121,349.5865,174.4566
638.9897,0.09082031,0.9775391,0.08300781,-5.625,10,-4.46875,0.08007813,0.8398438,-0.1083984,0.65625,0.09375,-0.4375,-0.1123047,0.9873047,-0.2236328,1.21875,-2.03125,1.3125,189.9851,277.1599,173.1212,150.7121,349.5865,174.4566
639.0232,0.09082031,0.9775391,0.08300781,-5.625,10,-4.46875,0.08007813,0.8398438,-0.1083984,0.65625,0.09375,-0.4375,-0.1123047,0.9873047,-0.2236328,1.21875,-2.03125,1.3125,189.9851,277.1599,173.1212,150.7121,349.5865,174.4566
639.0568,-0.1621094,1.052734,0.09667969,-3.375,9.6875,-4.21875,0.08007813,0.8398438,-0.1083984,0.65625,0.09375,-0.4375,-0.1123047,0.9873047,-0.2236328,1.21875,-2.03125,1.3125,189.9851,277.1599,173.1212,150.7121,349.5865,174.4566
639.0905,-0.1621094,1.052734,0.09667969,-3.375,9.6875,-4.21875,0.08007813,0.8398438,-0.1083984,0.65625,0.09375,-0.4375,-0.1123047,0.9873047,-0.2236328,1.21875,-2.03125,1.3125,190.6395,278.7311,173.5213,150.7121,349.5865,174.4566
639.1238,-0.1621094,1.052734,0.09667969,-3.375,9.6875,-4.21875,0.2431641,0.96875,-0.0859375,-4.96875,0.78125,-9.15625,-0.1123047,0.9873047,-0.2236328,1.21875,-2.03125,1.3125,190.6395,278.7311,173.5213,150.7121,349.5865,174.4566
639.1572,-0.1621094,1.052734,0.09667969,-3.375,9.6875,-4.21875,0.2431641,0.96875,-0.0859375,-4.96875,0.78125,-9.15625,-0.1123047,0.9873047,-0.2236328,1.21875,-2.03125,1.3125,190.6167,278.952,173.4461,150.7121,349.5865,174.4566
639.191,-0.1621094,1.052734,0.09667969,-3.375,9.6875,-4.21875,0.2431641,0.96875,-0.0859375,-4.96875,0.78125,-9.15625,-0.1123047,0.9873047,-0.2236328,1.21875,-2.03125,1.3125,190.6167,278.952,173.4461,150.7121,349.5865,174.4566
639.2242,-0.1621094,1.052734,0.09667969,-3.375,9.6875,-4.21875,0.03222656,1.016602,-0.09960938,-20.875,2.0625,-13.25,-0.1123047,0.9873047,-0.2236328,1.21875,-2.03125,1.3125,190.6167,278.952,173.4461,150.7121,349.5865,174.4566
639.2576,0.02148438,0.9023438,0.2890625,-10.09375,5.65625,-3.1875,0.03222656,1.016602,-0.09960938,-20.875,2.0625,-13.25,-0.1123047,0.9873047,-0.2236328,1.21875,-2.03125,1.3125,188.5897,279.2307,173.219,150.7121,349.5865,174.4566
639.2907,0.02148438,0.9023438,0.2890625,-10.09375,5.65625,-3.1875,0.03222656,1.016602,-0.09960938,-20.875,2.0625,-13.25,-0.1123047,0.9873047,-0.2236328,1.21875,-2.03125,1.3125,188.5897,279.2307,173.219,150.7121,349.5865,174.4566
639.3243,0.02148438,0.9023438,0.2890625,-10.09375,5.65625,-3.1875,-0.4746094,1.125,0.3134766,-142.2188,23.125,-66.40625,-0.1123047,0.9873047,-0.2236328,1.21875,-2.03125,1.3125,188.5897,279.2307,173.219,149.1996,351.0702,174.2039
639.3575,0.02148438,0.9023438,0.2890625,-10.09375,5.65625,-3.1875,-0.4746094,1.125,0.3134766,-142.2188,23.125,-66.40625,-0.1123047,0.9873047,-0.2236328,1.21875,-2.03125,1.3125,182.5665,280.1905,172.8267,149.1996,351.0702,174.2039
639.3909,0.02148438,0.9023438,0.2890625,-10.09375,5.65625,-3.1875,-0.4746094,1.125,0.3134766,-142.2188,23.125,-66.40625,-0.1123047,0.9873047,-0.2236328,1.21875,-2.03125,1.3125,182.5665,280.1905,172.8267,149.1996,351.0702,174.2039
639.4241,0.02148438,0.9023438,0.2890625,-10.09375,5.65625,-3.1875,-0.4746094,1.125,0.3134766,-142.2188,23.125,-66.40625,-0.1123047,0.9873047,-0.2236328,1.21875,-2.03125,1.3125,164.9335,277.6732,171.0539,149.1996,351.0702,174.2039
639.4576,0.02148438,0.9023438,0.2890625,-10.09375,5.65625,-3.1875,-0.4746094,1.125,0.3134766,-142.2188,23.125,-66.40625,-0.1123047,0.9873047,-0.2236328,1.21875,-2.03125,1.3125,164.9335,277.6732,171.0539,149.1996,351.0702,174.2039
639.4909,0.02148438,0.9023438,0.2890625,-10.09375,5.65625,-3.1875,-0.06347656,0.9990234,0.4169922,-145.5313,-23.09375,-59.65625,-0.1123047,0.9873047,-0.2236328,1.21875,-2.03125,1.3125,164.9335,277.6732,171.0539,122.5101,336.3599,192.209
639.5242,0.02148438,0.9023438,0.2890625,-10.09375,5.65625,-3.1875,-0.06347656,0.9990234,0.4169922,-145.5313,-23.09375,-59.65625,-0.1123047,0.9873047,-0.2236328,1.21875,-2.03125,1.3125,150.7148,277.3577,166.2344,122.5101,336.3599,192.209
639.5576,0.02148438,0.9023438,0.2890625,-10.09375,5.65625,-3.1875,-0.06347656,0.9990234,0.4169922,-145.5313,-23.09375,-59.65625,-0.1123047,0.9873047,-0.2236328,1.21875,-2.03125,1.3125,150.7148,277.3577,166.2344,122.5101,336.3599,192.209
639.5909,0.02148438,0.9023438,0.2890625,-10.09375,5.65625,-3.1875,-0.06347656,0.9990234,0.4169922,-145.5313,-23.09375,-59.65625,-0.1123047,0.9873047,-0.2236328,1.21875,-2.03125,1.3125,150.7148,277.3577,166.2344,99.79594,293.6023,200.1371
639.6244,-0.1142578,1.140625,0.04003906,-21.25,-22,2.96875,-0.06347656,0.9990234,0.4169922,-145.5313,-23.09375,-59.65625,-0.1123047,0.9873047,-0.2236328,1.21875,-2.03125,1.3125,150.7148,277.3577,166.2344,99.79594,293.6023,200.1371
639.6578,-0.1142578,1.140625,0.04003906,-21.25,-22,2.96875,-0.09765625,0.5087891,0.3496094,-134.5938,24.9375,-68.4375,-0.06445313,-0.05175781,-0.1113281,18.125,-31.21875,3.09375,150.7148,277.3577,166.2344,99.79594,293.6023,200.1371
639.6911,0.0625,0.9179688,0.078125,-24.0625,1.9375,5.96875,-0.09765625,0.5087891,0.3496094,-134.5938,24.9375,-68.4375,-0.06445313,-0.05175781,-0.1113281,18.125,-31.21875,3.09375,150.7148,277.3577,166.2344,92.21658,265.4221,199.8265
639.7245,0.0625,0.9179688,0.078125,-24.0625,1.9375,5.96875,-0.09765625,0.5087891,0.3496094,-134.5938,24.9375,-68.4375,0.1621094,0.3642578,-0.2490234,-56.09375,-3.8125,-31.21875,150.7148,277.3577,166.2344,92.21658,265.4221,199.8265
639.7582,0.0625,0.9179688,0.078125,-24.0625,1.9375,5.96875,-0.08105469,0.04101563,0.3349609,-49.21875,-11.4375,-39.5,0.1621094,0.3642578,-0.2490234,-56.09375,-3.8125,-31.21875,150.7148,277.3577,166.2344,92.21658,265.4221,199.8265
639.7914,0.0625,0.9179688,0.078125,-24.0625,1.9375,5.96875,-0.08105469,0.04101563,0.3349609,-49.21875,-11.4375,-39.5,0.1621094,0.3642578,-0.2490234,-56.09375,-3.8125,-31.21875,150.7148,277.3577,166.2344,92.21658,265.4221,199.8265
639.8245,0.0625,0.9179688,0.078125,-24.0625,1.9375,5.96875,-0.08105469,0.04101563,0.3349609,-49.21875,-11.4375,-39.5,0.1621094,0.3642578,-0.2490234,-56.09375,-3.8125,-31.21875,150.7148,277.3577,166.2344,92.21658,265.4221,199.8265
639.8581,0.0625,0.9179688,0.078125,-24.0625,1.9375,5.96875,-0.1064453,0.2509766,0.53125,29.21875,7.1875,21.78125,0.1621094,0.3642578,-0.2490234,-56.09375,-3.8125,-31.21875,150.7148,277.3577,166.2344,92.36565,266.186,195.283
639.8916,0.0625,0.9179688,0.078125,-24.0625,1.9375,5.96875,-0.1064453,0.2509766,0.53125,29.21875,7.1875,21.78125,0.1621094,0.3642578,-0.2490234,-56.09375,-3.8125,-31.21875,150.7148,277.3577,166.2344,92.36565,266.186,195.283
639.9248,0.0625,0.9179688,0.078125,-24.0625,1.9375,5.96875,-0.1064453,0.2509766,0.53125,29.21875,7.1875,21.78125,-0.0859375,0.6054688,-0.7988281,-86.4375,-37.90625,-24.90625,150.7148,277.3577,166.2344,92.36565,266.186,195.283
639.9585,-0.1269531,0.9863281,0.09082031,-11.1875,15.5,9.125,-0.1064453,0.2509766,0.53125,29.21875,7.1875,21.78125,-0.0859375,0.6054688,-0.7988281,-86.4375,-37.90625,-24.90625,150.7148,277.3577,166.2344,92.36565,266.186,195.283
639.9914,-0.1269531,0.9863281,0.09082031,-11.1875,15.5,9.125,-0.1064453,0.2509766,0.53125,29.21875,7.1875,21.78125,0.1962891,0.828125,-0.9326172,-61.53125,46.8125,-30.15625,150.7148,277.3577,166.2344,92.36565,266.186,195.283
640.0249,-0.1269531,0.9863281,0.09082031,-11.1875,15.5,9.125,-0.1064453,0.2509766,0.53125,29.21875,7.1875,21.78125,0.1962891,0.828125,-0.9326172,-61.53125,46.8125,-30.15625,150.7148,277.3577,166.2344,92.36565,266.186,195.283
640.0586,-0.1308594,0.9335938,0.02441406,1.3125,26,8.15625,-0.1064453,0.2509766,0.53125,29.21875,7.1875,21.78125,0.1962891,0.828125,-0.9326172,-61.53125,46.8125,-30.15625,150.7148,277.3577,166.2344,92.36565,266.186,195.283
640.0914,-0.1308594,0.9335938,0.02441406,1.3125,26,8.15625,-0.1064453,0.2509766,0.53125,29.21875,7.1875,21.78125,-0.08984375,0.9179688,-0.4130859,-64.90625,24.59375,-24.90625,150.7148,277.3577,166.2344,92.36565,266.186,195.283
640.1252,-0.1308594,0.9335938,0.02441406,1.3125,26,8.15625,-0.1064453,0.2509766,0.53125,29.21875,7.1875,21.78125,-0.08984375,0.9179688,-0.4130859,-64.90625,24.59375,-24.90625,150.7148,277.3577,166.2344,92.36565,266.186,195.283
640.1586,-0.1308594,0.9335938,0.02441406,1.3125,26,8.15625,-0.1064453,0.2509766,0.53125,29.21875,7.1875,21.78125,-0.08984375,0.9179688,-0.4130859,-64.90625,24.59375,-24.90625,178.0262,268.8497,168.9297,92.36565,266.186,195.283
640.1922,-0.1308594,0.9335938,0.02441406,1.3125,26,8.15625,-0.1064453,0.2509766,0.53125,29.21875,7.1875,21.78125,-0.28125,1.191406,-0.4169922,-42.96875,-12.34375,22.3125,178.0262,268.8497,168.9297,92.36565,266.186,195.283
640.2254,-0.1308594,0.9335938,0.02441406,1.3125,26,8.15625,-0.1064453,0.2509766,0.53125,29.21875,7.1875,21.78125,-0.28125,1.191406,-0.4169922,-42.96875,-12.34375,22.3125,178.0262,268.8497,168.9297,131.3559,341.513,180.6768
640.2592,-0.1308594,0.9335938,0.02441406,1.3125,26,8.15625,-0.1064453,0.2509766,0.53125,29.21875,7.1875,21.78125,-0.1152344,0.9912109,-0.3359375,-26.25,16.09375,1.8125,178.0262,268.8497,168.9297,131.3559,341.513,180.6768
640.2919,-0.1308594,0.9335938,0.02441406,1.3125,26,8.15625,-0.1064453,0.2509766,0.53125,29.21875,7.1875,21.78125,-0.1152344,0.9912109,-0.3359375,-26.25,16.09375,1.8125,178.0262,268.8497,168.9297,131.3559,341.513,180.6768
640.3254,-0.1308594,0.9335938,0.02441406,1.3125,26,8.15625,-0.1064453,0.2509766,0.53125,29.21875,7.1875,21.78125,-0.1152344,0.9912109,-0.3359375,-26.25,16.09375,1.8125,178.0262,268.8497,168.9297,131.3559,341.513,180.6768
640.3591,-0.1308594,0.9335938,0.02441406,1.3125,26,8.15625,-0.1064453,0.2509766,0.53125,29.21875,7.1875,21.78125,-0.1152344,0.9912109,-0.3359375,-26.25,16.09375,1.8125,178.0262,268.8497,168.9297,131.3559,341.513,180.6768
640.3924,-0.1308594,0.9335938,0.02441406,1.3125,26,8.15625,-0.1064453,0.2509766,0.53125,29.21875,7.1875,21.78125,-0.1152344,0.9912109,-0.3359375,-26.25,16.09375,1.8125,178.0262,268.8497,168.9297,136.165,353.609,183.9947
640.4255,-0.1308594,0.9335938,0.02441406,1.3125,26,8.15625,-0.1064453,0.2509766,0.53125,29.21875,7.1875,21.78125,-0.1152344,0.9912109,-0.3359375,-26.25,16.09375,1.8125,178.0262,268.8497,168.9297,136.165,353.609,183.9947
640.459,-0.1308594,0.9335938,0.02441406,1.3125,26,8.15625,-0.1064453,0.2509766,0.53125,29.21875,7.1875,21.78125,-0.1152344,0.9912109,-0.3359375,-26.25,16.09375,1.8125,178.0262,268.8497,168.9297,136.165,353.609,183.9947
640.492,-0.1308594,0.9335938,0.02441406,1.3125,26,8.15625,-0.1064453,0.2509766,0.53125,29.21875,7.1875,21.78125,-0.1152344,0.9912109,-0.3359375,-26.25,16.09375,1.8125,178.0262,268.8497,168.9297,136.165,353.609,183.9947
640.5254,-0.1308594,0.9335938,0.02441406,1.3125,26,8.15625,-0.1064453,0.2509766,0.53125,29.21875,7.1875,21.78125,-0.1152344,0.9912109,-0.3359375,-26.25,16.09375,1.8125,184.5699,281.118,171.6817,136.165,353.609,183.9947
640.5591,-0.1308594,0.9335938,0.02441406,1.3125,26,8.15625,-0.1064453,0.2509766,0.53125,29.21875,7.1875,21.78125,-0.1152344,0.9912109,-0.3359375,-26.25,16.09375,1.8125,184.5699,281.118,171.6817,136.165,353.609,183.9947
640.592,0.2050781,1.137695,0.04199219,17.0625,-11.1875,3.71875,-0.1064453,0.2509766,0.53125,29.21875,7.1875,21.78125,-0.1152344,0.9912109,-0.3359375,-26.25,16.09375,1.8125,185.8966,281.5591,170.9595,144.6244,343.4941,178.3195
640.6255,0.2050781,1.137695,0.04199219,17.0625,-11.1875,3.71875,-0.1064453,0.2509766,0.53125,29.21875,7.1875,21.78125,-0.09765625,0.8544922,-0.3066406,-18.75,-0.5,-4.34375,185.8966,281.5591,170.9595,144.6244,343.4941,178.3195
640.6592,0.2050781,1.137695,0.04199219,17.0625,-11.1875,3.71875,-0.1064453,0.2509766,0.53125,29.21875,7.1875,21.78125,-0.09765625,0.8544922,-0.3066406,-18.75,-0.5,-4.34375,185.8966,281.5591,170.9595,144.6244,343.4941,178.3195
640.6921,-0.05566406,1.0625,-0.05664063,14.5625,-9.0625,-2.9375,-0.1064453,0.2509766,0.53125,29.21875,7.1875,21.78125,-0.09765625,0.8544922,-0.3066406,-18.75,-0.5,-4.34375,185.8966,281.5591,170.9595,144.6244,343.4941,178.3195
640.7255,-0.05566406,1.0625,-0.05664063,14.5625,-9.0625,-2.9375,-0.1064453,0.2509766,0.53125,29.21875,7.1875,21.78125,-0.09765625,0.8544922,-0.3066406,-18.75,-0.5,-4.34375,185.8966,281.5591,170.9595,144.6244,343.4941,178.3195
640.759,-0.05566406,1.0625,-0.05664063,14.5625,-9.0625,-2.9375,0.0078125,0.9257813,0.078125,-2.9375,-3.90625,-3.1875,-0.09765625,0.8544922,-0.3066406,-18.75,-0.5,-4.34375,185.8966,281.5591,170.9595,147.0877,343.1625,176.344
