680.1783,-0.03515625,0.875,0.3935547,-3.125,-0.5,0.34375,-0.3505859,-0.2675781,0.8320313,-0.625,-2.28125,0.28125,0,0,0,0,0,0,180,30.89007,180,180,0,180
680.2073,-0.03515625,0.875,0.3935547,-3.125,-0.5,0.34375,-0.3505859,-0.2675781,0.8320313,-0.625,-2.28125,0.28125,0,0,0,0,0,0,180,30.89007,180,180,0,180
680.214,0.0546875,0.8417969,0.4033203,-6.5,-0.625,-1,-0.3505859,-0.2675781,0.8320313,-0.625,-2.28125,0.28125,0,0,0,0,0,0,180,30.89007,180,180,0,180
680.2149,0.0546875,0.8417969,0.4033203,-6.5,-0.625,-1,-0.3505859,-0.2675781,0.8320313,-0.625,-2.28125,0.28125,0,0,0,0,0,0,180,30.89007,180,180,0,180
680.2477,0.0546875,0.8417969,0.4033203,-6.5,-0.625,-1,-0.3505859,-0.2675781,0.8320313,-0.625,-2.28125,0.28125,0,0,0,0,0,0,180,30.89007,180,180,0,180
680.2808,0.0546875,0.8417969,0.4033203,-6.5,-0.625,-1,-0.3505859,-0.2675781,0.8320313,-0.625,-2.28125,0.28125,0,0,0,0,0,0,180,30.89007,180,180,0,180
680.3141,-0.009765625,0.7988281,0.5175781,-3.0625,2.1875,-1.34375,-0.3505859,-0.2675781,0.8320313,-0.625,-2.28125,0.28125,0,0,0,0,0,0,180,30.89007,180,180,0,180
680.3477,-0.009765625,0.7988281,0.5175781,-3.0625,2.1875,-1.34375,-0.3505859,-0.2675781,0.8320313,-0.625,-2.28125,0.28125,0,0,0,0,0,0,180,30.89007,180,180,0,180
680.381,-0.1015625,0.8154297,0.4501953,-3.25,2.96875,-1.25,-0.3369141,-0.2275391,0.8066406,0.03125,-0.75,-0.9375,0,0,0,0,0,0,180,30.89007,180,180,0,180
680.4144,-0.1015625,0.8154297,0.4501953,-3.25,2.96875,-1.25,-0.3369141,-0.2275391,0.8066406,0.03125,-0.75,-0.9375,0,0,0,0,0,0,180,30.89007,180,180,0,180
680.4478,-0.1015625,0.8154297,0.4501953,-3.25,2.96875,-1.25,-0.3369141,-0.2275391,0.8066406,0.03125,-0.75,-0.9375,0,0,0,0,0,0,180,30.89007,180,180,0,180
680.4809,-0.1542969,0.8710938,0.5498047,1.8125,0.59375,-1.0625,-0.3369141,-0.2275391,0.8066406,0.03125,-0.75,-0.9375,0,0,0,0,0,0,180,30.89007,180,180,0,180
680.5146,-0.1542969,0.8710938,0.5498047,1.8125,0.59375,-1.0625,-0.3369141,-0.2275391,0.8066406,0.03125,-0.75,-0.9375,0,0,0,0,0,0,180,30.89007,180,180,0,180
680.5482,-0.1542969,0.8710938,0.5498047,1.8125,0.59375,-1.0625,-0.3369141,-0.2275391,0.8066406,0.03125,-0.75,-0.9375,0,0,0,0,0,0,180,30.89007,180,180,0,180
680.5814,0.01074219,0.8886719,0.4521484,-5.875,-0.3125,-0.6875,-0.3369141,-0.2275391,0.8066406,0.03125,-0.75,-0.9375,0,0,0,0,0,0,180,30.89007,180,180,0,180
680.6147,0.01074219,0.8886719,0.4521484,-5.875,-0.3125,-0.6875,-0.3369141,-0.2275391,0.8066406,0.03125,-0.75,-0.9375,0,0,0,0,0,0,180,30.89007,180,180,0,180
680.6481,0.01074219,0.8886719,0.4521484,-5.875,-0.3125,-0.6875,-0.3369141,-0.2275391,0.8066406,0.03125,-0.75,-0.9375,0,0,0,0,0,0,180,30.89007,180,180,0,180
680.6813,-0.01757813,0.90625,0.5175781,-1.34375,2.0625,-2.46875,-0.3369141,-0.2275391,0.8066406,0.03125,-0.75,-0.9375,0,0,0,0,0,0,180,30.89007,180,180,0,180
680.7151,-0.01757813,0.90625,0.5175781,-1.34375,2.0625,-2.46875,-0.3369141,-0.2275391,0.8066406,0.03125,-0.75,-0.9375,0,0,0,0,0,0,180,35.85381,180,180,0,180
680.7485,-0.04296875,0.7519531,0.5361328,0.21875,1.875,-1.71875,-0.3369141,-0.2275391,0.8066406,0.03125,-0.75,-0.9375,0,0,0,0,0,0,180,35.85381,180,180,0,180
680.7817,-0.04296875,0.7519531,0.5361328,0.21875,1.875,-1.71875,-0.3369141,-0.2275391,0.8066406,0.03125,-0.75,-0.9375,0,0,0,0,0,0,180,35.85381,180,180,0,180
680.8151,0.01464844,0.7470703,0.4873047,-1.40625,1.28125,-2.28125,-0.3369141,-0.2275391,0.8066406,0.03125,-0.75,-0.9375,0,0,0,0,0,0,180,35.85381,180,180,0,180
680.8486,0.01464844,0.7470703,0.4873047,-1.40625,1.28125,-2.28125,-0.3369141,-0.2275391,0.8066406,0.03125,-0.75,-0.9375,0,0,0,0,0,0,180,35.85381,180,180,0,180
680.8817,0.01464844,0.7470703,0.4873047,-1.40625,1.28125,-2.28125,-0.3369141,-0.2275391,0.8066406,0.03125,-0.75,-0.9375,0,0,0,0,0,0,180,35.85381,180,180,0,180
680.915,-0.02539063,0.8203125,0.4667969,0.40625,0.78125,-1.90625,-0.3369141,-0.2275391,0.8066406,0.03125,-0.75,-0.9375,0,0,0,0,0,0,180,35.85381,180,180,0,180
680.9485,-0.02539063,0.8203125,0.4667969,0.40625,0.78125,-1.90625,-0.3369141,-0.2275391,0.8066406,0.03125,-0.75,-0.9375,0,0,0,0,0,0,180,35.85381,180,180,0,180
680.9819,-0.0078125,0.8505859,0.4765625,1.09375,0.15625,-1.71875,-0.3369141,-0.2275391,0.8066406,0.03125,-0.75,-0.9375,0,0,0,0,0,0,180,35.85381,180,180,0,180
681.0152,-0.0078125,0.8505859,0.4765625,1.09375,0.15625,-1.71875,-0.3369141,-0.2275391,0.8066406,0.03125,-0.75,-0.9375,0,0,0,0,0,0,180,35.85381,180,180,0,180
681.0488,-0.0078125,0.8505859,0.4765625,1.09375,0.15625,-1.71875,-0.3369141,-0.2275391,0.8066406,0.03125,-0.75,-0.9375,0,0,0,0,0,0,180,35.85381,180,180,0,180
681.082,-0.09960938,0.7753906,0.4951172,6.9375,-0.9375,-0.625,-0.3369141,-0.2275391,0.8066406,0.03125,-0.75,-0.9375,0,0,0,0,0,0,180,35.85381,180,180,0,180
681.1155,-0.09960938,0.7753906,0.4951172,6.9375,-0.9375,-0.625,-0.3369141,-0.2275391,0.8066406,0.03125,-0.75,-0.9375,0,0,0,0,0,0,180,35.85381,180,180,0,180
681.1488,-0.09960938,0.7753906,0.4951172,6.9375,-0.9375,-0.625,-0.3369141,-0.2275391,0.8066406,0.03125,-0.75,-0.9375,0,0,0,0,0,0,180,35.85381,180,180,0,180
681.1821,-0.03027344,0.7177734,0.3974609,-0.5625,1.5625,-1.40625,-0.3369141,-0.2275391,0.8066406,0.03125,-0.75,-0.9375,0,0,0,0,0,0,180,35.85381,180,180,0,180
681.2156,-0.03027344,0.7177734,0.3974609,-0.5625,1.5625,-1.40625,-0.3369141,-0.2275391,0.8066406,0.03125,-0.75,-0.9375,0,0,0,0,0,0,180,35.85381,180,180,0,180
681.2494,-0.03027344,0.7177734,0.3974609,-0.5625,1.5625,-1.40625,-0.3369141,-0.2275391,0.8066406,0.03125,-0.75,-0.9375,0,0,0,0,0,0,180,35.85381,180,180,0,180
681.2821,-0.07714844,0.9082031,0.4599609,9.75,1.09375,-0.4375,-0.3369141,-0.2275391,0.8066406,0.03125,-0.75,-0.9375,0,0,0,0,0,0,180,35.85381,180,180,0,180
681.3156,-0.07714844,0.9082031,0.4599609,9.75,1.09375,-0.4375,-0.3369141,-0.2275391,0.8066406,0.03125,-0.75,-0.9375,0,0,0,0,0,0,180,35.85381,180,180,0,180
681.3491,-0.07714844,0.9082031,0.4599609,9.75,1.09375,-0.4375,-0.3369141,-0.2275391,0.8066406,0.03125,-0.75,-0.9375,0,0,0,0,0,0,180,35.85381,180,180,0,180
681.3823,-0.1074219,0.8544922,0.4208984,0.21875,0.40625,-0.5,-0.3369141,-0.2275391,0.8066406,0.03125,-0.75,-0.9375,0,0,0,0,0,0,180,35.43063,180,180,0,180
681.4156,-0.1074219,0.8544922,0.4208984,0.21875,0.40625,-0.5,-0.3369141,-0.2275391,0.8066406,0.03125,-0.75,-0.9375,0,0,0,0,0,0,180,35.43063,180,180,0,180
681.4492,-0.1074219,0.8544922,0.4208984,0.21875,0.40625,-0.5,-0.3369141,-0.2275391,0.8066406,0.03125,-0.75,-0.9375,0,0,0,0,0,0,180,35.43063,180,180,0,180
681.4823,-0.06542969,0.9082031,0.4589844,0.15625,0.84375,-0.9375,-0.3369141,-0.2275391,0.8066406,0.03125,-0.75,-0.9375,0,0,0,0,0,0,180,35.43063,180,180,0,180
681.5156,-0.06542969,0.9082031,0.4589844,0.15625,0.84375,-0.9375,-0.3369141,-0.2275391,0.8066406,0.03125,-0.75,-0.9375,0,0,0,0,0,0,180,35.43063,180,180,0,180
681.549,-0.015625,0.7353516,0.3945313,-3.1875,1.15625,-1,-0.3369141,-0.2275391,0.8066406,0.03125,-0.75,-0.9375,0,0,0,0,0,0,180,35.43063,180,180,0,180
681.5826,-0.015625,0.7353516,0.3945313,-3.1875,1.15625,-1,-0.3369141,-0.2275391,0.8066406,0.03125,-0.75,-0.9375,0,0,0,0,0,0,180,35.43063,180,180,0,180
681.6157,-0.015625,0.7353516,0.3945313,-3.1875,1.15625,-1,-0.3369141,-0.2275391,0.8066406,0.03125,-0.75,-0.9375,0,0,0,0,0,0,180,35.43063,180,180,0,180
681.6501,-0.015625,0.7353516,0.3945313,-3.1875,1.15625,-1,-0.3369141,-0.2275391,0.8066406,0.03125,-0.75,-0.9375,0,0,0,0,0,0,180,35.43063,180,180,0,180
681.6829,-0.01464844,0.8779297,0.5273438,3.65625,1.875,-0.8125,-0.3369141,-0.2275391,0.8066406,0.03125,-0.75,-0.9375,0,0,0,0,0,0,180,35.43063,180,180,0,180
681.7163,-0.01464844,0.8779297,0.5273438,3.65625,1.875,-0.8125,-0.3369141,-0.2275391,0.8066406,0.03125,-0.75,-0.9375,0,0,0,0,0,0,180,35.43063,180,180,0,180
681.7498,-0.01464844,0.8779297,0.5273438,3.65625,1.875,-0.8125,-0.3369141,-0.2275391,0.8066406,0.03125,-0.75,-0.9375,0,0,0,0,0,0,180,35.43063,180,180,0,180
681.7833,-0.04003906,0.7089844,0.4169922,-6,-0.5625,0,-0.3369141,-0.2275391,0.8066406,0.03125,-0.75,-0.9375,0,0,0,0,0,0,180,35.43063,180,180,0,180
681.817,-0.04003906,0.7089844,0.4169922,-6,-0.5625,0,-0.3369141,-0.2275391,0.8066406,0.03125,-0.75,-0.9375,0,0,0,0,0,0,180,35.43063,180,180,0,180
681.8503,-0.1015625,0.8417969,0.5019531,-2.40625,-2.625,-1.25,-0.3369141,-0.2275391,0.8066406,0.03125,-0.75,-0.9375,0,0,0,0,0,0,180,35.43063,180,180,0,180
681.8836,-0.1015625,0.8417969,0.5019531,-2.40625,-2.625,-1.25,-0.3369141,-0.2275391,0.8066406,0.03125,-0.75,-0.9375,0,0,0,0,0,0,180,35.43063,180,180,0,180
681.9171,-0.1015625,0.8417969,0.5019531,-2.40625,-2.625,-1.25,-0.3369141,-0.2275391,0.8066406,0.03125,-0.75,-0.9375,0,0,0,0,0,0,180,35.43063,180,180,0,180
681.9503,0.0009765625,0.8652344,0.4160156,-7.09375,-2.03125,1.375,-0.3369141,-0.2275391,0.8066406,0.03125,-0.75,-0.9375,0,0,0,0,0,0,180,35.43063,180,180,0,180
681.9837,0.0009765625,0.8652344,0.4160156,-7.09375,-2.03125,1.375,-0.3369141,-0.2275391,0.8066406,0.03125,-0.75,-0.9375,0,0,0,0,0,0,180,35.43063,180,180,0,180
682.0168,0.0009765625,0.8652344,0.4160156,-7.09375,-2.03125,1.375,-0.3369141,-0.2275391,0.8066406,0.03125,-0.75,-0.9375,0,0,0,0,0,0,180,35.43063,180,180,0,180
682.0505,-0.01464844,0.8457031,0.4345703,-3.0625,-0.8125,0.65625,-0.3369141,-0.2275391,0.8066406,0.03125,-0.75,-0.9375,0,0,0,0,0,0,180,35.43063,180,180,0,180
682.0838,-0.01464844,0.8457031,0.4345703,-3.0625,-0.8125,0.65625,-0.3369141,-0.2275391,0.8066406,0.03125,-0.75,-0.9375,0,0,0,0,0,0,180,35.43063,180,180,0,180
682.1174,-0.01464844,0.8457031,0.4345703,-3.0625,-0.8125,0.65625,-0.3369141,-0.2275391,0.8066406,0.03125,-0.75,-0.9375,0,0,0,0,0,0,180,35.43063,180,180,0,180
682.1508,-0.03320313,0.8808594,0.5039063,0.53125,-1.1875,0.15625,-0.3369141,-0.2275391,0.8066406,0.03125,-0.75,-0.9375,0,0,0,0,0,0,180,35.43063,180,180,0,180
682.184,-0.03320313,0.8808594,0.5039063,0.53125,-1.1875,0.15625,-0.3369141,-0.2275391,0.8066406,0.03125,-0.75,-0.9375,0,0,0,0,0,0,180,35.43063,180,180,0,180
682.2173,-0.03320313,0.8808594,0.5039063,0.53125,-1.1875,0.15625,-0.3369141,-0.2275391,0.8066406,0.03125,-0.75,-0.9375,0,0,0,0,0,0,180,35.43063,180,180,0,180
682.2509,0.01074219,0.8144531,0.4267578,3.15625,-0.375,-0.0625,-0.3369141,-0.2275391,0.8066406,0.03125,-0.75,-0.9375,0,0,0,0,0,0,180,35.43063,180,180,0,180
682.2845,0.01074219,0.8144531,0.4267578,3.15625,-0.375,-0.0625,-0.3369141,-0.2275391,0.8066406,0.03125,-0.75,-0.9375,0,0,0,0,0,0,180,35.43063,180,180,0,180
682.3178,0.01074219,0.8144531,0.4267578,3.15625,-0.375,-0.0625,-0.3369141,-0.2275391,0.8066406,0.03125,-0.75,-0.9375,0,0,0,0,0,0,180,35.43063,180,180,0,180
682.3514,-0.01953125,0.8320313,0.4619141,2.59375,-1.125,-1,-0.3369141,-0.2275391,0.8066406,0.03125,-0.75,-0.9375,0,0,0,0,0,0,180,35.43063,180,180,0,180
682.3848,-0.01953125,0.8320313,0.4619141,2.59375,-1.125,-1,-0.3369141,-0.2275391,0.8066406,0.03125,-0.75,-0.9375,0,0,0,0,0,0,180,35.43063,180,180,0,180
682.4183,0.0009765625,0.8378906,0.4355469,5.34375,1.15625,-1.65625,-0.3369141,-0.2275391,0.8066406,0.03125,-0.75,-0.9375,0,0,0,0,0,0,180,35.43063,180,180,0,180
682.4515,0.0009765625,0.8378906,0.4355469,5.34375,1.15625,-1.65625,-0.3369141,-0.2275391,0.8066406,0.03125,-0.75,-0.9375,0,0,0,0,0,0,180,35.43063,180,180,0,180
682.4846,0.0009765625,0.8378906,0.4355469,5.34375,1.15625,-1.65625,-0.3369141,-0.2275391,0.8066406,0.03125,-0.75,-0.9375,0,0,0,0,0,0,180,35.43063,180,180,0,180
682.5183,-0.1308594,0.7792969,0.5507813,-1,0.15625,-1.125,-0.3369141,-0.2275391,0.8066406,0.03125,-0.75,-0.9375,0,0,0,0,0,0,180,35.43063,180,180,0,180
682.5516,-0.1308594,0.7792969,0.5507813,-1,0.15625,-1.125,-0.3369141,-0.2275391,0.8066406,0.03125,-0.75,-0.9375,0,0,0,0,0,0,180,35.43063,180,180,0,180
682.5848,-0.1308594,0.7792969,0.5507813,-1,0.15625,-1.125,-0.3369141,-0.2275391,0.8066406,0.03125,-0.75,-0.9375,0,0,0,0,0,0,180,35.43063,180,180,0,180
682.6183,-0.01269531,1.044922,-0.1220703,71.53125,0.53125,6.8125,-0.3369141,-0.2275391,0.8066406,0.03125,-0.75,-0.9375,0,0,0,0,0,0,180,35.43063,180,180,0,180
682.6519,-0.01269531,1.044922,-0.1220703,71.53125,0.53125,6.8125,-0.3369141,-0.2275391,0.8066406,0.03125,-0.75,-0.9375,0,0,0,0,0,0,180,35.43063,180,180,0,180
682.6851,-0.01269531,1.044922,-0.1220703,71.53125,0.53125,6.8125,-0.3369141,-0.2275391,0.8066406,0.03125,-0.75,-0.9375,0,0,0,0,0,0,180,35.43063,180,180,0,180
682.7186,-0.1230469,0.9208984,0.2783203,27.625,15.71875,-3.90625,-0.2675781,-0.1826172,0.9863281,-0.375,-0.0625,-0.6875,0,0,0,0,0,0,180,35.43063,180,180,0,180
682.7519,-0.1230469,0.9208984,0.2783203,27.625,15.71875,-3.90625,-0.2675781,-0.1826172,0.9863281,-0.375,-0.0625,-0.6875,0,0,0,0,0,0,180,35.43063,180,180,0,180
682.7851,-0.1230469,0.9208984,0.2783203,27.625,15.71875,-3.90625,-0.2675781,-0.1826172,0.9863281,-0.375,-0.0625,-0.6875,0,0,0,0,0,0,180,35.43063,180,180,0,180
682.819,-0.08203125,0.8886719,0.3779297,-34.0625,54.3125,-11.4375,-0.2675781,-0.1826172,0.9863281,-0.375,-0.0625,-0.6875,0,0,0,0,0,0,180,35.43063,180,180,0,180
682.8522,-0.08203125,0.8886719,0.3779297,-34.0625,54.3125,-11.4375,-0.2675781,-0.1826172,0.9863281,-0.375,-0.0625,-0.6875,0,0,0,0,0,0,180,35.43063,180,180,0,180
682.8851,-0.08203125,0.8886719,0.3779297,-34.0625,54.3125,-11.4375,-0.2675781,-0.1826172,0.9863281,-0.375,-0.0625,-0.6875,0,0,0,0,0,0,180,35.43063,180,180,0,180
682.9355,-0.2705078,0.8740234,0.2070313,-8.0625,10.3125,-9.125,-0.2675781,-0.1826172,0.9863281,-0.375,-0.0625,-0.6875,0,0,0,0,0,0,180,35.43063,180,180,0,180
682.9689,-0.2705078,0.8740234,0.2070313,-8.0625,10.3125,-9.125,-0.2675781,-0.1826172,0.9863281,-0.375,-0.0625,-0.6875,0,0,0,0,0,0,180,35.43063,180,180,0,180
683.0021,-0.3007813,0.8330078,0.3925781,1.875,-17.21875,-1.34375,-0.2675781,-0.1826172,0.9863281,-0.375,-0.0625,-0.6875,0,0,0,0,0,0,180,35.43063,180,180,0,180
683.0358,-0.3007813,0.8330078,0.3925781,1.875,-17.21875,-1.34375,-0.2675781,-0.1826172,0.9863281,-0.375,-0.0625,-0.6875,0,0,0,0,0,0,180,35.43063,180,180,0,180
683.0692,-0.3007813,0.8330078,0.3925781,1.875,-17.21875,-1.34375,-0.2675781,-0.1826172,0.9863281,-0.375,-0.0625,-0.6875,0,0,0,0,0,0,180,35.43063,180,180,0,180
683.1022,-0.1835938,0.9013672,0.4082031,8.46875,-5.375,-5.75,-0.2675781,-0.1826172,0.9863281,-0.375,-0.0625,-0.6875,0,0,0,0,0,0,180,35.43063,180,180,0,180
683.1361,-0.1835938,0.9013672,0.4082031,8.46875,-5.375,-5.75,-0.2675781,-0.1826172,0.9863281,-0.375,-0.0625,-0.6875,0,0,0,0,0,0,180,35.43063,180,180,0,180
683.1697,-0.1835938,0.9013672,0.4082031,8.46875,-5.375,-5.75,-0.2675781,-0.1826172,0.9863281,-0.375,-0.0625,-0.6875,0,0,0,0,0,0,180,35.43063,180,180,0,180
683.2024,-0.01953125,0.8955078,0.2568359,18.46875,6.15625,1.875,-0.2675781,-0.1826172,0.9863281,-0.375,-0.0625,-0.6875,0,0,0,0,0,0,180,35.43063,180,180,0,180
683.2362,-0.01953125,0.8955078,0.2568359,18.46875,6.15625,1.875,-0.2949219,-0.2138672,0.9277344,1.5625,-0.0625,1.09375,0,0,0,0,0,0,180,35.43063,180,180,0,180
683.2693,-0.01953125,0.8955078,0.2568359,18.46875,6.15625,1.875,-0.2949219,-0.2138672,0.9277344,1.5625,-0.0625,1.09375,0,0,0,0,0,0,180,35.43063,180,180,0,180
683.3027,-0.2587891,0.9824219,0.3984375,44.96875,9.9375,5.28125,-0.2949219,-0.2138672,0.9277344,1.5625,-0.0625,1.09375,0,0,0,0,0,0,180,35.43063,180,180,0,180
683.3361,-0.2587891,0.9824219,0.3984375,44.96875,9.9375,5.28125,-0.2949219,-0.2138672,0.9277344,1.5625,-0.0625,1.09375,0,0,0,0,0,0,180,35.43063,180,180,0,180
683.3693,-0.2587891,0.9824219,0.3984375,44.96875,9.9375,5.28125,-0.2949219,-0.2138672,0.9277344,1.5625,-0.0625,1.09375,0,0,0,0,0,0,180,35.43063,180,180,0,180
683.4025,-0.1308594,0.8388672,0.4121094,82.3125,2.96875,9.5,-0.2949219,-0.2138672,0.9277344,1.5625,-0.0625,1.09375,0,0,0,0,0,0,180,35.43063,180,180,0,180
683.436,-0.1308594,0.8388672,0.4121094,82.3125,2.96875,9.5,-0.2949219,-0.2138672,0.9277344,1.5625,-0.0625,1.09375,0,0,0,0,0,0,180,35.43063,180,180,0,180
683.4699,-0.2236328,0.7753906,0.1123047,74.625,16.15625,15.0625,-0.2949219,-0.2138672,0.9277344,1.5625,-0.0625,1.09375,0,0,0,0,0,0,180,35.43063,180,180,0,180
683.5034,-0.2236328,0.7753906,0.1123047,74.625,16.15625,15.0625,-0.2949219,-0.2138672,0.9277344,1.5625,-0.0625,1.09375,0,0,0,0,0,0,180,35.43063,180,180,0,180
683.5052,-0.2236328,0.7753906,0.1123047,74.625,16.15625,15.0625,-0.2949219,-0.2138672,0.9277344,1.5625,-0.0625,1.09375,0,0,0,0,0,0,180,35.43063,180,180,0,180
683.5369,-0.2236328,0.7753906,0.1123047,74.625,16.15625,15.0625,-0.2949219,-0.2138672,0.9277344,1.5625,-0.0625,1.09375,0,0,0,0,0,0,180,35.43063,180,180,0,180
683.5699,-0.1533203,0.9023438,-0.004882813,107.0313,7.75,7.8125,-0.2949219,-0.2138672,0.9277344,1.5625,-0.0625,1.09375,0,0,0,0,0,0,176.1532,28.90075,180,180,0,180
683.6035,-0.1533203,0.9023438,-0.004882813,107.0313,7.75,7.8125,-0.2949219,-0.2138672,0.9277344,1.5625,-0.0625,1.09375,0,0,0,0,0,0,176.1532,28.90075,180,180,0,180
683.6368,-0.1533203,0.9023438,-0.004882813,107.0313,7.75,7.8125,-0.2949219,-0.2138672,0.9277344,1.5625,-0.0625,1.09375,0,0,0,0,0,0,176.1532,28.90075,180,180,0,180
683.6702,-0.1533203,0.9023438,-0.004882813,107.0313,7.75,7.8125,-0.2949219,-0.2138672,0.9277344,1.5625,-0.0625,1.09375,0,0,0,0,0,0,176.1532,28.90075,180,180,0,180
683.7038,0.04492188,0.8330078,-0.2148438,180.6563,-7.40625,10.78125,-0.2949219,-0.2138672,0.9277344,1.5625,-0.0625,1.09375,0,0,0,0,0,0,176.1532,28.90075,180,180,0,180
683.7371,0.04492188,0.8330078,-0.2148438,180.6563,-7.40625,10.78125,-0.2949219,-0.2138672,0.9277344,1.5625,-0.0625,1.09375,0,0,0,0,0,0,176.1532,28.90075,180,180,0,180
683.7703,0.03417969,1.045898,-1.180664,117.4688,-24.84375,-0.0625,-0.2949219,-0.2138672,0.9277344,1.5625,-0.0625,1.09375,0,0,0,0,0,0,171.7491,11.81832,180,180,0,180
683.8036,0.03417969,1.045898,-1.180664,117.4688,-24.84375,-0.0625,-0.2949219,-0.2138672,0.9277344,1.5625,-0.0625,1.09375,0,0,0,0,0,0,171.7491,11.81832,180,180,0,180
683.8376,0.03417969,1.045898,-1.180664,117.4688,-24.84375,-0.0625,-0.2949219,-0.2138672,0.9277344,1.5625,-0.0625,1.09375,0,0,0,0,0,0,171.7491,11.81832,180,180,0,180
683.8703,0.04980469,0.8779297,-1.004883,12.1875,11.28125,0.15625,-0.2949219,-0.2138672,0.9277344,1.5625,-0.0625,1.09375,0,0,0,0,0,0,171.7491,11.81832,180,180,0,180
683.9039,0.04980469,0.8779297,-1.004883,12.1875,11.28125,0.15625,-0.2949219,-0.2138672,0.9277344,1.5625,-0.0625,1.09375,0,0,0,0,0,0,171.7491,11.81832,180,180,0,180
683.938,0.04980469,0.8779297,-1.004883,12.1875,11.28125,0.15625,-0.2949219,-0.2138672,0.9277344,1.5625,-0.0625,1.09375,0,0,0,0,0,0,171.7491,11.81832,180,180,0,180
683.9713,-0.0703125,0.8183594,-0.9697266,-29.5625,-6.125,8.03125,-0.2949219,-0.2138672,0.9277344,1.5625,-0.0625,1.09375,0,0,0,0,0,0,171.7491,11.81832,180,180,0,180
684.0053,-0.0703125,0.8183594,-0.9697266,-29.5625,-6.125,8.03125,-0.2949219,-0.2138672,0.9277344,1.5625,-0.0625,1.09375,0,0,0,0,0,0,171.7491,11.81832,180,180,0,180
684.0388,-0.0703125,0.8183594,-0.9697266,-29.5625,-6.125,8.03125,-0.3144531,-0.2539063,1.066406,0.65625,-16.875,-3.90625,0,0,0,0,0,0,171.7491,11.81832,180,180,0,180
684.072,0.02050781,0.7666016,-0.6572266,-65.375,9.3125,16.59375,-0.3144531,-0.2539063,1.066406,0.65625,-16.875,-3.90625,0,0,0,0,0,0,171.7491,11.81832,180,180,0,180
684.106,0.02050781,0.7666016,-0.6572266,-65.375,9.3125,16.59375,-0.3144531,-0.2539063,1.066406,0.65625,-16.875,-3.90625,0,0,0,0,0,0,171.7491,11.81832,180,180,0,180
684.1389,0.02050781,0.7666016,-0.6572266,-65.375,9.3125,16.59375,-0.3144531,-0.2539063,1.066406,0.65625,-16.875,-3.90625,0,0,0,0,0,0,171.7491,11.81832,180,180,0,180
684.172,0.0390625,0.6835938,-0.4570313,-77.59375,10.25,10.53125,-0.3144531,-0.2539063,1.066406,0.65625,-16.875,-3.90625,0,0,0,0,0,0,171.7491,11.81832,180,180,0,180
684.2056,0.0390625,0.6835938,-0.4570313,-77.59375,10.25,10.53125,-0.3144531,-0.2539063,1.066406,0.65625,-16.875,-3.90625,0,0,0,0,0,0,171.7491,11.81832,180,180,0,180
684.2391,0.0390625,0.6835938,-0.4570313,-77.59375,10.25,10.53125,-0.3144531,-0.2539063,1.066406,0.65625,-16.875,-3.90625,0,0,0,0,0,0,171.7491,11.81832,180,180,0,180
684.2724,0.1210938,0.6582031,-0.3710938,-52.625,13.15625,14.875,-0.3144531,-0.2539063,1.066406,0.65625,-16.875,-3.90625,0,0,0,0,0,0,171.7491,11.81832,180,180,0,180
684.3056,0.1210938,0.6582031,-0.3710938,-52.625,13.15625,14.875,-0.3144531,-0.2539063,1.066406,0.65625,-16.875,-3.90625,0,0,0,0,0,0,171.7491,11.81832,180,180,0,180
684.3392,0.1210938,0.6582031,-0.3710938,-52.625,13.15625,14.875,-0.1621094,-0.2119141,0.8886719,7,-4.21875,-5.25,0,0,0,0,0,0,171.7491,11.81832,180,180,0,180
684.3723,0.046875,0.6875,-0.1855469,-78.125,10.46875,0.59375,-0.1621094,-0.2119141,0.8886719,7,-4.21875,-5.25,0,0,0,0,0,0,171.7491,11.81832,180,180,0,180
684.4059,0.046875,0.6875,-0.1855469,-78.125,10.46875,0.59375,-0.1621094,-0.2119141,0.8886719,7,-4.21875,-5.25,0,0,0,0,0,0,171.7491,11.81832,180,180,0,180
684.4394,0.109375,0.4570313,-0.1591797,-93.46875,10.1875,-1.65625,-0.1621094,-0.2119141,0.8886719,7,-4.21875,-5.25,0,0,0,0,0,0,171.7491,11.81832,180,180,0,180
684.4727,0.109375,0.4570313,-0.1591797,-93.46875,10.1875,-1.65625,-0.1621094,-0.2119141,0.8886719,7,-4.21875,-5.25,0,0,0,0,0,0,171.7491,11.81832,180,180,0,180
684.5059,0.109375,0.4570313,-0.1591797,-93.46875,10.1875,-1.65625,-0.1621094,-0.2119141,0.8886719,7,-4.21875,-5.25,0,0,0,0,0,0,171.7491,11.81832,180,180,0,180
684.5396,0.008789063,1.078125,-0.4599609,-10.28125,-2.15625,-3.375,-0.1621094,-0.2119141,0.8886719,7,-4.21875,-5.25,0,0,0,0,0,0,171.7491,11.81832,180,180,0,180
684.5726,0.008789063,1.078125,-0.4599609,-10.28125,-2.15625,-3.375,-0.1621094,-0.2119141,0.8886719,7,-4.21875,-5.25,0,0,0,0,0,0,171.7491,11.81832,180,180,0,180
684.6061,0.008789063,1.078125,-0.4599609,-10.28125,-2.15625,-3.375,-0.1621094,-0.2119141,0.8886719,7,-4.21875,-5.25,0,0,0,0,0,0,171.7491,11.81832,180,180,0,180
684.6398,0.1103516,1.131836,-0.2080078,20.5,-29.5,12.875,-0.390625,-0.08007813,0.9453125,-5.9375,-0.9375,13.96875,0,0,0,0,0,0,171.7491,11.81832,180,180,0,180
684.6727,0.1103516,1.131836,-0.2080078,20.5,-29.5,12.875,-0.390625,-0.08007813,0.9453125,-5.9375,-0.9375,13.96875,0,0,0,0,0,0,171.7491,11.81832,180,180,0,180
684.7066,0.1103516,1.131836,-0.2080078,20.5,-29.5,12.875,-0.390625,-0.08007813,0.9453125,-5.9375,-0.9375,13.96875,0,0,0,0,0,0,171.7491,11.81832,180,180,0,180
684.7395,0.08789063,1.071289,-0.09570313,58.09375,-24.75,-17.46875,-0.390625,-0.08007813,0.9453125,-5.9375,-0.9375,13.96875,0,0,0,0,0,0,171.7491,11.81832,180,180,0,180
684.7727,0.08789063,1.071289,-0.09570313,58.09375,-24.75,-17.46875,-0.390625,-0.08007813,0.9453125,-5.9375,-0.9375,13.96875,0,0,0,0,0,0,171.7491,11.81832,180,180,0,180
684.8063,0.08789063,1.071289,-0.09570313,58.09375,-24.75,-17.46875,-0.390625,-0.08007813,0.9453125,-5.9375,-0.9375,13.96875,0,0,0,0,0,0,171.7491,11.81832,180,180,0,180
684.8394,0.1289063,1.239258,-0.046875,36.1875,3.34375,-25.34375,-0.390625,-0.08007813,0.9453125,-5.9375,-0.9375,13.96875,0,0,0,0,0,0,171.7491,11.81832,180,180,0,180
684.8727,0.1289063,1.239258,-0.046875,36.1875,3.34375,-25.34375,-0.390625,-0.08007813,0.9453125,-5.9375,-0.9375,13.96875,0,0,0,0,0,0,171.7491,11.81832,180,180,0,180
684.9069,0.1289063,1.239258,-0.046875,36.1875,3.34375,-25.34375,-0.390625,-0.08007813,0.9453125,-5.9375,-0.9375,13.96875,0,0,0,0,0,0,171.7491,11.81832,180,180,0,180
684.9402,0.02636719,0.8964844,0.2158203,-36.34375,40.4375,-16.75,-0.390625,-0.08007813,0.9453125,-5.9375,-0.9375,13.96875,0,0,0,0,0,0,171.7491,11.81832,180,180,0,180
684.9734,0.02636719,0.8964844,0.2158203,-36.34375,40.4375,-16.75,-0.390625,-0.08007813,0.9453125,-5.9375,-0.9375,13.96875,0,0,0,0,0,0,171.7491,11.81832,180,180,0,180
685.0069,0.02636719,0.8964844,0.2158203,-36.34375,40.4375,-16.75,-0.390625,-0.08007813,0.9453125,-5.9375,-0.9375,13.96875,0,0,0,0,0,0,171.7491,11.81832,180,180,0,180
685.0401,0.04394531,0.9541016,-0.2109375,-103.7813,13.96875,-42.5625,-0.390625,-0.08007813,0.9453125,-5.9375,-0.9375,13.96875,0,0,0,0,0,0,171.7491,11.81832,180,180,0,180
685.0738,0.04394531,0.9541016,-0.2109375,-103.7813,13.96875,-42.5625,-0.390625,-0.08007813,0.9453125,-5.9375,-0.9375,13.96875,0,0,0,0,0,0,171.7491,11.81832,180,180,0,180
685.1075,0.04394531,0.9541016,-0.2109375,-103.7813,13.96875,-42.5625,-0.390625,-0.08007813,0.9453125,-5.9375,-0.9375,13.96875,0,0,0,0,0,0,171.7491,11.81832,180,180,0,180
685.1415,-0.1757813,0.9541016,0.1083984,10.90625,26.21875,29.65625,-0.390625,-0.08007813,0.9453125,-5.9375,-0.9375,13.96875,0,0,0,0,0,0,171.7491,11.81832,180,180,0,180
685.1747,-0.1757813,0.9541016,0.1083984,10.90625,26.21875,29.65625,-0.390625,-0.08007813,0.9453125,-5.9375,-0.9375,13.96875,0,0,0,0,0,0,171.7491,11.81832,180,180,0,180
685.209,-0.1757813,0.9541016,0.1083984,10.90625,26.21875,29.65625,-0.390625,-0.08007813,0.9453125,-5.9375,-0.9375,13.96875,0,0,0,0,0,0,171.7491,11.81832,180,180,0,180
685.2424,0.1054688,1.625977,0.3564453,-23.8125,0.46875,11.34375,-0.390625,-0.08007813,0.9453125,-5.9375,-0.9375,13.96875,0,0,0,0,0,0,171.7491,11.81832,180,180,0,180
685.2752,0.1054688,1.625977,0.3564453,-23.8125,0.46875,11.34375,-0.390625,-0.08007813,0.9453125,-5.9375,-0.9375,13.96875,0,0,0,0,0,0,171.7491,11.81832,180,180,0,180
685.3082,-0.5146484,0.7412109,-0.5048828,-62.21875,-68.0625,-7.03125,-0.390625,-0.08007813,0.9453125,-5.9375,-0.9375,13.96875,0,0,0,0,0,0,171.7491,11.81832,180,180,0,180
685.3427,-0.5146484,0.7412109,-0.5048828,-62.21875,-68.0625,-7.03125,-0.390625,-0.08007813,0.9453125,-5.9375,-0.9375,13.96875,0,0,0,0,0,0,171.7491,11.81832,180,180,0,180
685.3751,-0.5146484,0.7412109,-0.5048828,-62.21875,-68.0625,-7.03125,-0.390625,-0.08007813,0.9453125,-5.9375,-0.9375,13.96875,0,0,0,0,0,0,171.7491,11.81832,180,180,0,180
685.4085,-0.07519531,0.6035156,0.015625,-24.75,1.9375,7.125,-0.390625,-0.08007813,0.9453125,-5.9375,-0.9375,13.96875,0,0,0,0,0,0,171.7491,11.81832,180,180,0,180
685.442,-0.07519531,0.6035156,0.015625,-24.75,1.9375,7.125,-0.390625,-0.08007813,0.9453125,-5.9375,-0.9375,13.96875,0,0,0,0,0,0,171.7491,11.81832,180,180,0,180
685.4751,-0.07519531,0.6035156,0.015625,-24.75,1.9375,7.125,-0.2587891,0.5976563,0.6982422,120.6563,-23.21875,30.875,0,0,0,0,0,0,171.7491,11.81832,180,180,0,180
685.5084,0.1005859,0.6835938,0.04882813,1.375,-20.9375,-14.40625,-0.2587891,0.5976563,0.6982422,120.6563,-23.21875,30.875,0,0,0,0,0,0,171.7491,11.81832,180,180,0,180
685.5427,0.1005859,0.6835938,0.04882813,1.375,-20.9375,-14.40625,-0.2587891,0.5976563,0.6982422,120.6563,-23.21875,30.875,0,0,0,0,0,0,171.7491,11.81832,180,180,0,180
685.5755,0.1005859,0.6835938,0.04882813,1.375,-20.9375,-14.40625,-0.2587891,0.5976563,0.6982422,120.6563,-23.21875,30.875,0,0,0,0,0,0,171.7491,11.81832,180,180,0,180
685.609,-0.1064453,0.9013672,-0.02050781,-57.75,83.96875,-2.09375,-0.2587891,0.5976563,0.6982422,120.6563,-23.21875,30.875,0,0,0,0,0,0,171.7491,11.81832,180,180,0,180
685.6431,-0.1064453,0.9013672,-0.02050781,-57.75,83.96875,-2.09375,-0.2587891,0.5976563,0.6982422,120.6563,-23.21875,30.875,0,0,0,0,0,0,171.7491,11.81832,180,180,0,180
685.6754,-0.1064453,0.9013672,-0.02050781,-57.75,83.96875,-2.09375,-0.2587891,0.5976563,0.6982422,120.6563,-23.21875,30.875,0,0,0,0,0,0,171.7491,11.81832,180,180,0,180
685.709,-0.1064453,0.9013672,-0.02050781,-57.75,83.96875,-2.09375,-0.1425781,0.8046875,0.06933594,155.25,-5.875,21.21875,0,0,0,0,0,0,171.7491,11.81832,180,180,0,180
685.7429,-0.1064453,0.9013672,-0.02050781,-57.75,83.96875,-2.09375,-0.1425781,0.8046875,0.06933594,155.25,-5.875,21.21875,0,0,0,0,0,0,171.7491,11.81832,180,180,0,180
685.7756,-0.1064453,0.9013672,-0.02050781,-57.75,83.96875,-2.09375,-0.8017578,1.495117,0.1279297,-146.8125,-24.5,-26.5625,0,0,0,0,0,0,171.7491,11.81832,180,180,0,180
685.8089,-0.08203125,0.8535156,0.2441406,-5.25,-4.40625,-6.3125,-0.8017578,1.495117,0.1279297,-146.8125,-24.5,-26.5625,0,0,0,0,0,0,171.7491,11.81832,180,180,0,180
685.8432,-0.1689453,0.5048828,-0.02929688,-6.4375,4.0625,9.8125,-0.8017578,1.495117,0.1279297,-146.8125,-24.5,-26.5625,0,0,0,0,0,0,171.7491,11.81832,180,180,0,180
685.8757,-0.1689453,0.5048828,-0.02929688,-6.4375,4.0625,9.8125,-0.8017578,1.495117,0.1279297,-146.8125,-24.5,-26.5625,0,0,0,0,0,0,171.7491,11.81832,180,180,0,180
685.9093,0.1210938,1.586914,0.01269531,-6.96875,0.71875,-4.09375,-0.8017578,1.495117,0.1279297,-146.8125,-24.5,-26.5625,0,0,0,0,0,0,171.7491,11.81832,180,180,0,180
685.9432,0.1210938,1.586914,0.01269531,-6.96875,0.71875,-4.09375,-0.8017578,1.495117,0.1279297,-146.8125,-24.5,-26.5625,0,0,0,0,0,0,171.7491,11.81832,180,180,0,180
685.9758,0.1210938,1.586914,0.01269531,-6.96875,0.71875,-4.09375,-0.8017578,1.495117,0.1279297,-146.8125,-24.5,-26.5625,0,0,0,0,0,0,171.7491,11.81832,180,180,0,180
686.0093,0.1259766,0.9921875,-0.8945313,-44.9375,-93.75,25.125,-0.8017578,1.495117,0.1279297,-146.8125,-24.5,-26.5625,0,0,0,0,0,0,171.7491,11.81832,180,180,0,180
686.0432,0.1259766,0.9921875,-0.8945313,-44.9375,-93.75,25.125,-0.8017578,1.495117,0.1279297,-146.8125,-24.5,-26.5625,0,0,0,0,0,0,171.7491,11.81832,180,180,0,180
686.0765,0.1259766,0.9921875,-0.8945313,-44.9375,-93.75,25.125,-0.8017578,1.495117,0.1279297,-146.8125,-24.5,-26.5625,0,0,0,0,0,0,171.7491,11.81832,180,180,0,180
686.1096,0.05566406,1.229492,0.203125,-23.8125,-55.5625,-5.5,-0.8017578,1.495117,0.1279297,-146.8125,-24.5,-26.5625,0,0,0,0,0,0,171.7491,11.81832,180,180,0,180
686.1438,0.05566406,1.229492,0.203125,-23.8125,-55.5625,-5.5,-0.8017578,1.495117,0.1279297,-146.8125,-24.5,-26.5625,0,0,0,0,0,0,171.7491,11.81832,180,180,0,180
686.1763,0.05566406,1.229492,0.203125,-23.8125,-55.5625,-5.5,-0.8017578,1.495117,0.1279297,-146.8125,-24.5,-26.5625,0,0,0,0,0,0,171.7491,11.81832,180,180,0,180
686.2105,0.1835938,0.9482422,0.0859375,-25.28125,6.09375,-19.25,-0.8017578,1.495117,0.1279297,-146.8125,-24.5,-26.5625,0,0,0,0,0,0,171.7491,11.81832,180,180,0,180
686.2441,0.1835938,0.9482422,0.0859375,-25.28125,6.09375,-19.25,-0.8017578,1.495117,0.1279297,-146.8125,-24.5,-26.5625,0,0,0,0,0,0,171.7491,11.81832,180,180,0,180
686.2772,0.1835938,0.9482422,0.0859375,-25.28125,6.09375,-19.25,-0.8017578,1.495117,0.1279297,-146.8125,-24.5,-26.5625,0,0,0,0,0,0,171.7491,11.81832,180,180,0,180
686.3102,0.3046875,0.5390625,0.0078125,6.09375,30.4375,-1.71875,-0.8017578,1.495117,0.1279297,-146.8125,-24.5,-26.5625,0,0,0,0,0,0,171.7491,11.81832,180,180,0,180
686.3441,0.3046875,0.5390625,0.0078125,6.09375,30.4375,-1.71875,-0.8017578,1.495117,0.1279297,-146.8125,-24.5,-26.5625,0,0,0,0,0,0,171.7491,11.81832,180,180,0,180
686.3771,0.3046875,0.5390625,0.0078125,6.09375,30.4375,-1.71875,-0.140625,0.2089844,-0.4746094,-177.25,25.25,-6.5,0,0,0,0,0,0,171.7491,11.81832,180,180,0,180
686.4105,-0.109375,0.8408203,0.4248047,24.09375,76.65625,1.9375,-0.140625,0.2089844,-0.4746094,-177.25,25.25,-6.5,0,0,0,0,0,0,169.1675,55.45256,180,180,0,180
686.4445,-0.109375,0.8408203,0.4248047,24.09375,76.65625,1.9375,-0.140625,0.2089844,-0.4746094,-177.25,25.25,-6.5,0,0,0,0,0,0,169.1675,55.45256,180,180,0,180
686.4773,-0.109375,0.8408203,0.4248047,24.09375,76.65625,1.9375,-0.140625,0.2089844,-0.4746094,-177.25,25.25,-6.5,0,0,0,0,0,0,169.1675,55.45256,180,180,0,180
686.5112,-0.1474609,0.5058594,-0.3525391,21.28125,36.96875,9.625,-0.140625,0.2089844,-0.4746094,-177.25,25.25,-6.5,0,0,0,0,0,0,169.1675,55.45256,180,180,0,180
686.5454,-0.1474609,0.5058594,-0.3525391,21.28125,36.96875,9.625,-0.140625,0.2089844,-0.4746094,-177.25,25.25,-6.5,0,0,0,0,0,0,169.1675,55.45256,180,180,0,180
686.5778,-0.1474609,0.5058594,-0.3525391,21.28125,36.96875,9.625,-0.140625,0.2089844,-0.4746094,-177.25,25.25,-6.5,0,0,0,0,0,0,169.1675,55.45256,180,180,0,180
686.6113,0.1855469,0.9599609,0.2216797,-24.125,-0.875,-5.9375,-0.140625,0.2089844,-0.4746094,-177.25,25.25,-6.5,0,0,0,0,0,0,169.1675,55.45256,180,180,0,180
686.6457,0.1855469,0.9599609,0.2216797,-24.125,-0.875,-5.9375,-0.140625,0.2089844,-0.4746094,-177.25,25.25,-6.5,0,0,0,0,0,0,169.1675,55.45256,180,180,0,180
686.6783,0.1855469,0.9599609,0.2216797,-24.125,-0.875,-5.9375,-0.140625,0.2089844,-0.4746094,-177.25,25.25,-6.5,0,0,0,0,0,0,169.1675,55.45256,180,180,0,180
686.7115,-0.004882813,1.999023,-0.9648438,85.0625,100.25,56.25,-0.140625,0.2089844,-0.4746094,-177.25,25.25,-6.5,0,0,0,0,0,0,169.1675,55.45256,180,180,0,180
686.7455,-0.004882813,1.999023,-0.9648438,85.0625,100.25,56.25,-0.6630859,0.9931641,0.03515625,162.4688,100.5625,30.1875,0,0,0,0,0,0,166.8847,73.86426,180,180,0,180
686.7789,-0.004882813,1.999023,-0.9648438,85.0625,100.25,56.25,-0.6630859,0.9931641,0.03515625,162.4688,100.5625,30.1875,0,0,0,0,0,0,166.8847,73.86426,180,180,0,180
686.8121,0.2041016,0.9316406,-0.2021484,3.09375,75.90625,-7.65625,-0.6630859,0.9931641,0.03515625,162.4688,100.5625,30.1875,0,0,0,0,0,0,166.8847,73.86426,180,180,0,180
686.8466,0.2041016,0.9316406,-0.2021484,3.09375,75.90625,-7.65625,-0.6630859,0.9931641,0.03515625,162.4688,100.5625,30.1875,0,0,0,0,0,0,166.8847,73.86426,180,180,0,180
686.879,0.2041016,0.9316406,-0.2021484,3.09375,75.90625,-7.65625,-0.6630859,0.9931641,0.03515625,162.4688,100.5625,30.1875,0,0,0,0,0,0,166.8847,73.86426,180,180,0,180
686.9127,0.09570313,0.9570313,0.001953125,-22.78125,114.8438,-16.1875,-0.6630859,0.9931641,0.03515625,162.4688,100.5625,30.1875,0,0,0,0,0,0,166.8847,73.86426,180,180,0,180
686.9462,0.09570313,0.9570313,0.001953125,-22.78125,114.8438,-16.1875,-0.6630859,0.9931641,0.03515625,162.4688,100.5625,30.1875,0,0,0,0,0,0,166.8847,73.86426,180,180,0,180
686.9794,0.09570313,0.9570313,0.001953125,-22.78125,114.8438,-16.1875,-0.6630859,0.9931641,0.03515625,162.4688,100.5625,30.1875,0,0,0,0,0,0,166.8847,73.86426,180,180,0,180
687.0389,0.7441406,0.6298828,-0.6152344,29.15625,159.3438,-29.375,-0.6630859,0.9931641,0.03515625,162.4688,100.5625,30.1875,0,0,0,0,0,0,166.8847,73.86426,180,180,0,180
687.0413,0.7441406,0.6298828,-0.6152344,29.15625,159.3438,-29.375,-0.6630859,0.9931641,0.03515625,162.4688,100.5625,30.1875,0,0,0,0,0,0,166.8847,73.86426,180,180,0,180
687.0728,0.7441406,0.6298828,-0.6152344,29.15625,159.3438,-29.375,-0.6630859,0.9931641,0.03515625,162.4688,100.5625,30.1875,0,0,0,0,0,0,166.8847,73.86426,180,180,0,180
687.1059,0.1835938,0.9257813,-0.1660156,113.8125,147.75,-6.78125,-0.6630859,0.9931641,0.03515625,162.4688,100.5625,30.1875,0,0,0,0,0,0,166.8847,73.86426,180,180,0,180
687.1398,0.1835938,0.9257813,-0.1660156,113.8125,147.75,-6.78125,-0.6630859,0.9931641,0.03515625,162.4688,100.5625,30.1875,0,0,0,0,0,0,166.8847,73.86426,180,180,0,180
687.1726,0.1835938,0.9257813,-0.1660156,113.8125,147.75,-6.78125,-0.6630859,0.9931641,0.03515625,162.4688,100.5625,30.1875,0,0,0,0,0,0,166.8847,73.86426,180,180,0,180
687.2062,0.2099609,0.7568359,0.002929688,7.84375,97.21875,-23.15625,-0.6630859,0.9931641,0.03515625,162.4688,100.5625,30.1875,0,0,0,0,0,0,166.8847,73.86426,180,180,0,180
687.2401,0.2099609,0.7568359,0.002929688,7.84375,97.21875,-23.15625,-0.6630859,0.9931641,0.03515625,162.4688,100.5625,30.1875,0,0,0,0,0,0,166.8847,73.86426,180,180,0,180
687.2728,0.2099609,0.7568359,0.002929688,7.84375,97.21875,-23.15625,-0.6630859,0.9931641,0.03515625,162.4688,100.5625,30.1875,0,0,0,0,0,0,166.8847,73.86426,180,180,0,180
687.3066,0.2099609,0.7568359,0.002929688,7.84375,97.21875,-23.15625,1.962891,1.959961,0.1669922,191.5625,75.53125,4.875,0,0,0,0,0,0,166.8847,73.86426,180,180,0,180
687.3397,0.2421875,0.9316406,-0.0234375,-31.09375,61.625,-45.84375,1.962891,1.959961,0.1669922,191.5625,75.53125,4.875,0,0,0,0,0,0,166.8847,73.86426,180,180,0,180
687.3727,0.2421875,0.9316406,-0.0234375,-31.09375,61.625,-45.84375,1.962891,1.959961,0.1669922,191.5625,75.53125,4.875,0,0,0,0,0,0,166.8847,73.86426,180,180,0,180
687.406,0.2421875,0.9316406,-0.0234375,-31.09375,61.625,-45.84375,1.962891,1.959961,0.1669922,191.5625,75.53125,4.875,0,0,0,0,0,0,166.8847,73.86426,180,180,0,180
687.4401,-0.1435547,1.158203,-0.3515625,13.15625,100.6875,-3.625,1.962891,1.959961,0.1669922,191.5625,75.53125,4.875,0,0,0,0,0,0,166.8847,73.86426,180,180,0,180
687.4726,-0.1435547,1.158203,-0.3515625,13.15625,100.6875,-3.625,1.962891,1.959961,0.1669922,191.5625,75.53125,4.875,0,0,0,0,0,0,166.8847,73.86426,180,180,0,180
687.5063,-0.1435547,1.158203,-0.3515625,13.15625,100.6875,-3.625,1.962891,1.959961,0.1669922,191.5625,75.53125,4.875,0,0,0,0,0,0,166.8847,73.86426,180,180,0,180
687.5406,-0.06835938,0.9052734,-0.05859375,-4.96875,114.5938,-27.53125,1.962891,1.959961,0.1669922,191.5625,75.53125,4.875,0,0,0,0,0,0,166.8847,73.86426,180,180,0,180
687.5731,-0.06835938,0.9052734,-0.05859375,-4.96875,114.5938,-27.53125,1.962891,1.959961,0.1669922,191.5625,75.53125,4.875,0,0,0,0,0,0,166.8847,73.86426,180,180,0,180
687.6066,-0.004882813,0.8378906,-0.3017578,-20.71875,102.9375,-28.9375,1.962891,1.959961,0.1669922,191.5625,75.53125,4.875,0,0,0,0,0,0,166.8847,73.86426,180,180,0,180
687.641,-0.004882813,0.8378906,-0.3017578,-20.71875,102.9375,-28.9375,1.962891,1.959961,0.1669922,191.5625,75.53125,4.875,0,0,0,0,0,0,166.8847,73.86426,180,180,0,180
687.6738,-0.004882813,0.8378906,-0.3017578,-20.71875,102.9375,-28.9375,1.962891,1.959961,0.1669922,191.5625,75.53125,4.875,0,0,0,0,0,0,166.8847,73.86426,180,180,0,180
687.707,-0.004882813,0.8378906,-0.3017578,-20.71875,102.9375,-28.9375,1.962891,1.959961,0.1669922,191.5625,75.53125,4.875,0,0,0,0,0,0,155.7012,152.4642,180,180,0,180
687.7408,-0.004882813,0.8378906,-0.3017578,-20.71875,102.9375,-28.9375,1.962891,1.959961,0.1669922,191.5625,75.53125,4.875,0,0,0,0,0,0,155.7012,152.4642,180,180,0,180
687.7736,0.1035156,1.15918,-0.7871094,4.6875,170.8125,-40.3125,1.962891,1.959961,0.1669922,191.5625,75.53125,4.875,0,0,0,0,0,0,155.7012,152.4642,180,180,0,180
687.8066,0.1035156,1.15918,-0.7871094,4.6875,170.8125,-40.3125,1.962891,1.959961,0.1669922,191.5625,75.53125,4.875,0,0,0,0,0,0,155.7012,152.4642,180,180,0,180
687.841,0.1035156,1.15918,-0.7871094,4.6875,170.8125,-40.3125,1.962891,1.959961,0.1669922,191.5625,75.53125,4.875,0,0,0,0,0,0,155.7012,152.4642,180,180,0,180
687.8738,0.1337891,0.9257813,-0.1855469,17.1875,138.4688,-16.4375,1.962891,1.959961,0.1669922,191.5625,75.53125,4.875,0,0,0,0,0,0,155.7012,152.4642,180,180,0,180
687.9076,0.1337891,0.9257813,-0.1855469,17.1875,138.4688,-16.4375,1.962891,1.959961,0.1669922,191.5625,75.53125,4.875,0,0,0,0,0,0,155.7012,152.4642,180,180,0,180
687.9416,0.1337891,0.9257813,-0.1855469,17.1875,138.4688,-16.4375,1.962891,1.959961,0.1669922,191.5625,75.53125,4.875,0,0,0,0,0,0,155.7012,152.4642,180,180,0,180
687.9743,-0.05078125,1.02832,-0.2373047,-10.875,65.21875,-9,1.962891,1.959961,0.1669922,191.5625,75.53125,4.875,0,0,0,0,0,0,155.7012,152.4642,180,180,0,180
688.0082,-0.05078125,1.02832,-0.2373047,-10.875,65.21875,-9,1.962891,1.959961,0.1669922,191.5625,75.53125,4.875,0,0,0,0,0,0,155.7012,152.4642,180,180,0,180
688.042,0.1503906,1.098633,0.05761719,-36.9375,16.84375,-15.9375,1.962891,1.959961,0.1669922,191.5625,75.53125,4.875,0,0,0,0,0,0,155.7012,152.4642,180,180,0,180
688.0747,0.1503906,1.098633,0.05761719,-36.9375,16.84375,-15.9375,1.962891,1.959961,0.1669922,191.5625,75.53125,4.875,0,0,0,0,0,0,155.7012,152.4642,180,180,0,180
688.1088,-0.01464844,1.160156,-0.7441406,16.28125,50.46875,8.71875,1.962891,1.959961,0.1669922,191.5625,75.53125,4.875,0,0,0,0,0,0,155.7012,152.4642,180,180,0,180
688.1425,-0.01464844,1.160156,-0.7441406,16.28125,50.46875,8.71875,1.962891,1.959961,0.1669922,191.5625,75.53125,4.875,0,0,0,0,0,0,155.7012,152.4642,180,180,0,180
688.1747,-0.01464844,1.160156,-0.7441406,16.28125,50.46875,8.71875,1.962891,1.959961,0.1669922,191.5625,75.53125,4.875,0,0,0,0,0,0,155.7012,152.4642,180,180,0,180
688.2087,0.078125,1.175781,-0.1748047,-14.96875,37.09375,-21.4375,1.962891,1.959961,0.1669922,191.5625,75.53125,4.875,0,0,0,0,0,0,155.7012,152.4642,180,180,0,180
688.2427,0.078125,1.175781,-0.1748047,-14.96875,37.09375,-21.4375,1.962891,1.959961,0.1669922,191.5625,75.53125,4.875,0,0,0,0,0,0,155.7012,152.4642,180,180,0,180
688.2752,0.078125,1.175781,-0.1748047,-14.96875,37.09375,-21.4375,1.962891,1.959961,0.1669922,191.5625,75.53125,4.875,0,0,0,0,0,0,155.7012,152.4642,180,180,0,180
688.3095,-0.1376953,0.9326172,-0.05078125,-19.5,14.28125,-32.5625,1.962891,1.959961,0.1669922,191.5625,75.53125,4.875,0,0,0,0,0,0,155.7012,152.4642,180,180,0,180
688.3427,-0.1376953,0.9326172,-0.05078125,-19.5,14.28125,-32.5625,1.962891,1.959961,0.1669922,191.5625,75.53125,4.875,0,0,0,0,0,0,156.999,180.8102,180,180,0,180
688.3751,-0.1376953,0.9326172,-0.05078125,-19.5,14.28125,-32.5625,1.962891,1.959961,0.1669922,191.5625,75.53125,4.875,0,0,0,0,0,0,156.999,180.8102,180,180,0,180
688.4093,0.2646484,1.056641,0.09472656,-38.09375,50.875,-3.8125,1.962891,1.959961,0.1669922,191.5625,75.53125,4.875,0,0,0,0,0,0,156.999,180.8102,180,180,0,180
688.4427,0.2646484,1.056641,0.09472656,-38.09375,50.875,-3.8125,1.962891,1.959961,0.1669922,191.5625,75.53125,4.875,0,0,0,0,0,0,156.999,180.8102,180,180,0,180
688.4752,0.2646484,1.056641,0.09472656,-38.09375,50.875,-3.8125,1.962891,1.959961,0.1669922,191.5625,75.53125,4.875,0,0,0,0,0,0,156.999,180.8102,180,180,0,180
688.5092,0.2646484,1.056641,0.09472656,-38.09375,50.875,-3.8125,1.962891,1.959961,0.1669922,191.5625,75.53125,4.875,0,0,0,0,0,0,156.999,180.8102,180,180,0,180
688.5428,0.1630859,0.4755859,0.3066406,-52.625,44.78125,-26.125,1.962891,1.959961,0.1669922,191.5625,75.53125,4.875,0,0,0,0,0,0,156.999,180.8102,180,180,0,180
688.5756,0.1630859,0.4755859,0.3066406,-52.625,44.78125,-26.125,1.962891,1.959961,0.1669922,191.5625,75.53125,4.875,0,0,0,0,0,0,156.999,180.8102,180,180,0,180
688.6096,0.1630859,0.4755859,0.3066406,-52.625,44.78125,-26.125,1.962891,1.959961,0.1669922,191.5625,75.53125,4.875,0,0,0,0,0,0,156.999,180.8102,180,180,0,180
688.6429,-0.0859375,0.7646484,0.1103516,-23.5625,53.15625,11.09375,1.962891,1.959961,0.1669922,191.5625,75.53125,4.875,0,0,0,0,0,0,156.999,180.8102,180,180,0,180
688.6758,-0.0859375,0.7646484,0.1103516,-23.5625,53.15625,11.09375,1.962891,1.959961,0.1669922,191.5625,75.53125,4.875,0,0,0,0,0,0,156.999,180.8102,180,180,0,180
688.7098,0.1611328,1.402344,-0.05371094,18.84375,13.46875,2,1.962891,1.959961,0.1669922,191.5625,75.53125,4.875,0,0,0,0,0,0,156.999,180.8102,180,180,0,180
688.7437,0.1611328,1.402344,-0.05371094,18.84375,13.46875,2,1.962891,1.959961,0.1669922,191.5625,75.53125,4.875,0,0,0,0,0,0,156.999,180.8102,180,180,0,180
688.7763,0.1611328,1.402344,-0.05371094,18.84375,13.46875,2,1.962891,1.959961,0.1669922,191.5625,75.53125,4.875,0,0,0,0,0,0,156.999,180.8102,180,180,0,180
688.8099,0.3720703,0.5917969,-0.6748047,-17.21875,-59.71875,-3.90625,1.962891,1.959961,0.1669922,191.5625,75.53125,4.875,0,0,0,0,0,0,156.999,180.8102,180,180,0,180
688.8445,0.3720703,0.5917969,-0.6748047,-17.21875,-59.71875,-3.90625,1.962891,1.959961,0.1669922,191.5625,75.53125,4.875,0,0,0,0,0,0,156.999,180.8102,180,180,0,180
688.8761,0.3720703,0.5917969,-0.6748047,-17.21875,-59.71875,-3.90625,1.962891,1.959961,0.1669922,191.5625,75.53125,4.875,0,0,0,0,0,0,156.999,180.8102,180,180,0,180
688.9104,0.03808594,1.333008,-0.1601563,25.3125,8.21875,-4.90625,1.962891,1.959961,0.1669922,191.5625,75.53125,4.875,0,0,0,0,0,0,164.4317,173.1733,173.0815,180,0,180
688.9438,0.03808594,1.333008,-0.1601563,25.3125,8.21875,-4.90625,1.962891,1.959961,0.1669922,191.5625,75.53125,4.875,0,0,0,0,0,0,164.4317,173.1733,173.0815,180,0,180
688.9764,0.03808594,1.333008,-0.1601563,25.3125,8.21875,-4.90625,1.962891,1.959961,0.1669922,191.5625,75.53125,4.875,0,0,0,0,0,0,164.4317,173.1733,173.0815,180,0,180
689.0106,0.08789063,0.7871094,-0.1669922,9.375,-22.59375,-11.1875,1.962891,1.959961,0.1669922,191.5625,75.53125,4.875,0,0,0,0,0,0,164.4317,173.1733,173.0815,180,0,180
689.0443,0.08789063,0.7871094,-0.1669922,9.375,-22.59375,-11.1875,1.962891,1.959961,0.1669922,191.5625,75.53125,4.875,0,0,0,0,0,0,164.4317,173.1733,173.0815,180,0,180
689.0772,0.08789063,0.7871094,-0.1669922,9.375,-22.59375,-11.1875,1.962891,1.959961,0.1669922,191.5625,75.53125,4.875,0,0,0,0,0,0,164.4317,173.1733,173.0815,180,0,180
689.1113,0.1552734,0.8769531,0.0546875,-31.5625,46.3125,4.125,0.734375,1.371094,0.7900391,-7.875,83.59375,20.75,0,0,0,0,0,0,164.4317,173.1733,173.0815,180,0,180
689.1445,0.1552734,0.8769531,0.0546875,-31.5625,46.3125,4.125,0.734375,1.371094,0.7900391,-7.875,83.59375,20.75,0,0,0,0,0,0,164.4317,173.1733,173.0815,180,0,180
689.1768,0.1552734,0.8769531,0.0546875,-31.5625,46.3125,4.125,0.734375,1.371094,0.7900391,-7.875,83.59375,20.75,0,0,0,0,0,0,164.4317,173.1733,173.0815,180,0,180
689.2109,-0.2832031,0.9414063,0.4052734,-15.46875,-28.40625,-5.6875,0.734375,1.371094,0.7900391,-7.875,83.59375,20.75,0,0,0,0,0,0,164.4317,173.1733,173.0815,180,0,180
689.2449,-0.2832031,0.9414063,0.4052734,-15.46875,-28.40625,-5.6875,0.734375,1.371094,0.7900391,-7.875,83.59375,20.75,0,0,0,0,0,0,164.4317,173.1733,173.0815,180,0,180
689.2775,-0.2832031,0.9414063,0.4052734,-15.46875,-28.40625,-5.6875,-0.7490234,0.8300781,0.3515625,70.90625,82.625,32.21875,0,0,0,0,0,0,164.4317,173.1733,173.0815,180,0,180
689.3112,0.03222656,0.6425781,-0.1992188,-20.59375,14.28125,8.21875,-0.7490234,0.8300781,0.3515625,70.90625,82.625,32.21875,0,0,0,0,0,0,164.4317,173.1733,173.0815,180,0,180
689.3448,0.03222656,0.6425781,-0.1992188,-20.59375,14.28125,8.21875,-0.7490234,0.8300781,0.3515625,70.90625,82.625,32.21875,0,0,0,0,0,0,164.4317,173.1733,173.0815,180,0,180
689.3773,0.03222656,0.6425781,-0.1992188,-20.59375,14.28125,8.21875,-0.7490234,0.8300781,0.3515625,70.90625,82.625,32.21875,0,0,0,0,0,0,164.4317,173.1733,173.0815,180,0,180
689.4115,-0.2070313,1.0625,-0.006835938,-54.53125,-8.8125,-17.59375,-0.7490234,0.8300781,0.3515625,70.90625,82.625,32.21875,0,0,0,0,0,0,164.4317,173.1733,173.0815,180,0,180
689.4454,-0.2070313,1.0625,-0.006835938,-54.53125,-8.8125,-17.59375,-0.7490234,0.8300781,0.3515625,70.90625,82.625,32.21875,0,0,0,0,0,0,164.4317,173.1733,173.0815,180,0,180
689.4774,-0.2070313,1.0625,-0.006835938,-54.53125,-8.8125,-17.59375,-0.7490234,0.8300781,0.3515625,70.90625,82.625,32.21875,0,0,0,0,0,0,164.4317,173.1733,173.0815,180,0,180
689.5117,0.1679688,1.405273,-1.608398,69.1875,-11.5,48.625,-0.7490234,0.8300781,0.3515625,70.90625,82.625,32.21875,0,0,0,0,0,0,164.4317,173.1733,173.0815,180,0,180
689.5452,0.1679688,1.405273,-1.608398,69.1875,-11.5,48.625,-0.7490234,0.8300781,0.3515625,70.90625,82.625,32.21875,0,0,0,0,0,0,164.4317,173.1733,173.0815,180,0,180
689.5778,0.1679688,1.405273,-1.608398,69.1875,-11.5,48.625,-0.7490234,0.8300781,0.3515625,70.90625,82.625,32.21875,0,0,0,0,0,0,164.4317,173.1733,173.0815,180,0,180
689.6116,-0.1152344,0.8867188,-0.05761719,-13.375,-32.1875,-8.625,-0.7490234,0.8300781,0.3515625,70.90625,82.625,32.21875,0,0,0,0,0,0,164.4317,173.1733,173.0815,180,0,180
689.6461,-0.1152344,0.8867188,-0.05761719,-13.375,-32.1875,-8.625,-0.7490234,0.8300781,0.3515625,70.90625,82.625,32.21875,0,0,0,0,0,0,164.4317,173.1733,173.0815,180,0,180
689.6786,-0.1152344,0.8867188,-0.05761719,-13.375,-32.1875,-8.625,-0.7490234,0.8300781,0.3515625,70.90625,82.625,32.21875,0,0,0,0,0,0,164.4317,173.1733,173.0815,180,0,180
689.7123,-0.1152344,0.8867188,-0.05761719,-13.375,-32.1875,-8.625,-0.7490234,0.8300781,0.3515625,70.90625,82.625,32.21875,0,0,0,0,0,0,180,71.84481,127.6133,180,0,180
689.7458,-0.1982422,0.8173828,-0.2080078,-44.21875,35.15625,-6.78125,-0.7490234,0.8300781,0.3515625,70.90625,82.625,32.21875,0,0,0,0,0,0,180,71.84481,127.6133,180,0,180
689.7787,-0.1982422,0.8173828,-0.2080078,-44.21875,35.15625,-6.78125,-0.7490234,0.8300781,0.3515625,70.90625,82.625,32.21875,0,0,0,0,0,0,180,71.84481,127.6133,180,0,180
689.813,0.3779297,1.12793,-1.493164,-31.5625,83,-65.125,-0.7490234,0.8300781,0.3515625,70.90625,82.625,32.21875,0,0,0,0,0,0,180,71.84481,127.6133,180,0,180
689.8462,0.3779297,1.12793,-1.493164,-31.5625,83,-65.125,-0.7490234,0.8300781,0.3515625,70.90625,82.625,32.21875,0,0,0,0,0,0,180,71.84481,127.6133,180,0,180
689.8786,0.3779297,1.12793,-1.493164,-31.5625,83,-65.125,-0.7490234,0.8300781,0.3515625,70.90625,82.625,32.21875,0,0,0,0,0,0,180,71.84481,127.6133,180,0,180
689.9128,-0.05078125,1.097656,-0.2099609,13.15625,81.59375,-16.9375,-0.7490234,0.8300781,0.3515625,70.90625,82.625,32.21875,0,0,0,0,0,0,180,71.84481,127.6133,180,0,180
689.9462,-0.05078125,1.097656,-0.2099609,13.15625,81.59375,-16.9375,-0.7490234,0.8300781,0.3515625,70.90625,82.625,32.21875,0,0,0,0,0,0,180,71.84481,127.6133,180,0,180
689.9786,-0.05078125,1.097656,-0.2099609,13.15625,81.59375,-16.9375,-0.7490234,0.8300781,0.3515625,70.90625,82.625,32.21875,0,0,0,0,0,0,180,71.84481,127.6133,180,0,180
690.0129,0.1464844,0.9599609,-0.1933594,-0.8125,92.5625,-15.53125,-0.7490234,0.8300781,0.3515625,70.90625,82.625,32.21875,0,0,0,0,0,0,180,94.66871,161.9474,180,0,180
690.0466,0.1464844,0.9599609,-0.1933594,-0.8125,92.5625,-15.53125,-0.7490234,0.8300781,0.3515625,70.90625,82.625,32.21875,0,0,0,0,0,0,180,94.66871,161.9474,180,0,180
690.0787,0.1464844,0.9599609,-0.1933594,-0.8125,92.5625,-15.53125,-0.7490234,0.8300781,0.3515625,70.90625,82.625,32.21875,0,0,0,0,0,0,180,94.66871,161.9474,180,0,180
690.1128,0.05566406,0.5400391,-0.1435547,-42.125,57.65625,-31.25,-0.7490234,0.8300781,0.3515625,70.90625,82.625,32.21875,0,0,0,0,0,0,180,94.66871,161.9474,180,0,180
690.1467,0.05566406,0.5400391,-0.1435547,-42.125,57.65625,-31.25,-0.7490234,0.8300781,0.3515625,70.90625,82.625,32.21875,0,0,0,0,0,0,180,94.66871,161.9474,180,0,180
690.1788,0.05566406,0.5400391,-0.1435547,-42.125,57.65625,-31.25,-0.7490234,0.8300781,0.3515625,70.90625,82.625,32.21875,0,0,0,0,0,0,180,94.66871,161.9474,180,0,180
690.2131,0.06835938,0.7587891,-0.2431641,39,96.53125,4,-0.7490234,0.8300781,0.3515625,70.90625,82.625,32.21875,0,0,0,0,0,0,180,94.66871,161.9474,180,0,180
690.2462,0.06835938,0.7587891,-0.2431641,39,96.53125,4,-0.7490234,0.8300781,0.3515625,70.90625,82.625,32.21875,0,0,0,0,0,0,180,94.66871,161.9474,180,0,180
690.2787,0.06835938,0.7587891,-0.2431641,39,96.53125,4,-0.7490234,0.8300781,0.3515625,70.90625,82.625,32.21875,0,0,0,0,0,0,180,94.66871,161.9474,180,0,180
690.3126,-0.01660156,0.7216797,-0.09082031,-0.3125,121.25,-23.8125,-0.7490234,0.8300781,0.3515625,70.90625,82.625,32.21875,0,0,0,0,0,0,180,94.66871,161.9474,180,0,180
690.3467,-0.01660156,0.7216797,-0.09082031,-0.3125,121.25,-23.8125,-0.7490234,0.8300781,0.3515625,70.90625,82.625,32.21875,0,0,0,0,0,0,180,94.66871,161.9474,180,0,180
690.379,-0.01660156,0.7216797,-0.09082031,-0.3125,121.25,-23.8125,-0.7490234,0.8300781,0.3515625,70.90625,82.625,32.21875,0,0,0,0,0,0,180,94.66871,161.9474,180,0,180
690.4128,-0.1201172,0.7529297,-0.203125,1.15625,149.875,-20.28125,-0.7490234,0.8300781,0.3515625,70.90625,82.625,32.21875,0,0,0,0,0,0,180,94.66871,161.9474,180,0,180
690.4463,-0.1201172,0.7529297,-0.203125,1.15625,149.875,-20.28125,-0.7490234,0.8300781,0.3515625,70.90625,82.625,32.21875,0,0,0,0,0,0,180,94.66871,161.9474,180,0,180
690.4789,-0.1201172,0.7529297,-0.203125,1.15625,149.875,-20.28125,-0.7490234,0.8300781,0.3515625,70.90625,82.625,32.21875,0,0,0,0,0,0,180,94.66871,161.9474,180,0,180
690.5132,-0.3671875,0.9257813,-0.4960938,8.40625,131.0313,-18.9375,-0.7490234,0.8300781,0.3515625,70.90625,82.625,32.21875,0,0,0,0,0,0,180,94.66871,161.9474,180,0,180
690.5466,-0.3671875,0.9257813,-0.4960938,8.40625,131.0313,-18.9375,-0.7490234,0.8300781,0.3515625,70.90625,82.625,32.21875,0,0,0,0,0,0,180,94.66871,161.9474,180,0,180
690.5789,-0.3671875,0.9257813,-0.4960938,8.40625,131.0313,-18.9375,-0.7490234,0.8300781,0.3515625,70.90625,82.625,32.21875,0,0,0,0,0,0,180,94.66871,161.9474,180,0,180
690.6133,0.1835938,1.378906,-0.9589844,83.65625,162.4688,-10.4375,-0.7490234,0.8300781,0.3515625,70.90625,82.625,32.21875,0,0,0,0,0,0,180,94.66871,161.9474,180,0,180
690.6467,0.1835938,1.378906,-0.9589844,83.65625,162.4688,-10.4375,-0.7490234,0.8300781,0.3515625,70.90625,82.625,32.21875,0,0,0,0,0,0,180,94.66871,161.9474,180,0,180
690.6794,0.1835938,1.378906,-0.9589844,83.65625,162.4688,-10.4375,-0.7490234,0.8300781,0.3515625,70.90625,82.625,32.21875,0,0,0,0,0,0,180,94.66871,161.9474,180,0,180
690.7133,0.1181641,0.9052734,-0.3222656,30.875,88.0625,-12.84375,-0.7490234,0.8300781,0.3515625,70.90625,82.625,32.21875,0,0,0,0,0,0,180,94.66871,161.9474,180,0,180
690.7471,0.1455078,0.890625,-0.3730469,28.375,38.4375,-5.03125,-0.7490234,0.8300781,0.3515625,70.90625,82.625,32.21875,0,0,0,0,0,0,180,94.66871,161.9474,180,0,180
690.7801,0.1455078,0.890625,-0.3730469,28.375,38.4375,-5.03125,-0.7490234,0.8300781,0.3515625,70.90625,82.625,32.21875,0,0,0,0,0,0,180,94.66871,161.9474,180,0,180
690.8138,0.1455078,0.890625,-0.3730469,28.375,38.4375,-5.03125,-0.7490234,0.8300781,0.3515625,70.90625,82.625,32.21875,0,0,0,0,0,0,180,94.66871,161.9474,180,0,180
690.8469,0.140625,0.8261719,-0.4306641,14.6875,31.25,-7.46875,-0.7490234,0.8300781,0.3515625,70.90625,82.625,32.21875,0,0,0,0,0,0,180,94.66871,161.9474,180,0,180
690.8799,0.140625,0.8261719,-0.4306641,14.6875,31.25,-7.46875,-0.7490234,0.8300781,0.3515625,70.90625,82.625,32.21875,0,0,0,0,0,0,180,94.66871,161.9474,180,0,180
690.9139,0.1943359,0.7353516,-0.5390625,39.34375,-4.03125,-24.4375,-1.060547,0.7705078,0.7792969,-131.375,-13.125,-123.4375,0,0,0,0,0,0,180,178.8123,145.6458,180,0,180
690.9474,0.1943359,0.7353516,-0.5390625,39.34375,-4.03125,-24.4375,-1.060547,0.7705078,0.7792969,-131.375,-13.125,-123.4375,0,0,0,0,0,0,180,178.8123,145.6458,180,0,180
690.9805,0.1943359,0.7353516,-0.5390625,39.34375,-4.03125,-24.4375,-1.060547,0.7705078,0.7792969,-131.375,-13.125,-123.4375,0,0,0,0,0,0,180,178.8123,145.6458,180,0,180
691.0146,0.1943359,0.7353516,-0.5390625,39.34375,-4.03125,-24.4375,-1.060547,0.7705078,0.7792969,-131.375,-13.125,-123.4375,0,0,0,0,0,0,180,178.8123,145.6458,180,0,180
691.0475,0.140625,0.8076172,-0.5839844,35.1875,29.9375,-30.46875,-1.060547,0.7705078,0.7792969,-131.375,-13.125,-123.4375,0,0,0,0,0,0,180,178.8123,145.6458,180,0,180
691.0809,0.140625,0.8076172,-0.5839844,35.1875,29.9375,-30.46875,-1.060547,0.7705078,0.7792969,-131.375,-13.125,-123.4375,0,0,0,0,0,0,180,178.8123,145.6458,180,0,180
691.1143,0.140625,0.8076172,-0.5839844,35.1875,29.9375,-30.46875,-1.060547,0.7705078,0.7792969,-131.375,-13.125,-123.4375,0,0,0,0,0,0,180,178.8123,145.6458,180,0,180
691.1471,-0.109375,0.6152344,-0.5507813,38.0625,40.6875,-27.59375,-1.060547,0.7705078,0.7792969,-131.375,-13.125,-123.4375,0,0,0,0,0,0,180,178.8123,145.6458,180,0,180
691.1987,-0.109375,0.6152344,-0.5507813,38.0625,40.6875,-27.59375,-1.060547,0.7705078,0.7792969,-131.375,-13.125,-123.4375,0,0,0,0,0,0,180,178.8123,145.6458,180,0,180
691.2015,-0.109375,0.6152344,-0.5507813,38.0625,40.6875,-27.59375,-1.060547,0.7705078,0.7792969,-131.375,-13.125,-123.4375,0,0,0,0,0,0,180,178.8123,145.6458,180,0,180
691.2328,-0.109375,0.6152344,-0.5507813,38.0625,40.6875,-27.59375,-1.060547,0.7705078,0.7792969,-131.375,-13.125,-123.4375,0,0,0,0,0,0,180,178.8123,145.6458,180,0,180
691.266,-0.2021484,0.4990234,-0.4980469,23.3125,39.15625,-28.65625,-1.060547,0.7705078,0.7792969,-131.375,-13.125,-123.4375,0,0,0,0,0,0,180,178.8123,145.6458,180,0,180
691.2999,-0.2021484,0.4990234,-0.4980469,23.3125,39.15625,-28.65625,-1.060547,0.7705078,0.7792969,-131.375,-13.125,-123.4375,0,0,0,0,0,0,180,178.8123,145.6458,180,0,180
691.3331,-0.0546875,0.6630859,-0.5537109,30.75,21.84375,-32.59375,-1.060547,0.7705078,0.7792969,-131.375,-13.125,-123.4375,0,0,0,0,0,0,180,178.8123,145.6458,180,0,180
691.3666,-0.0546875,0.6630859,-0.5537109,30.75,21.84375,-32.59375,-1.060547,0.7705078,0.7792969,-131.375,-13.125,-123.4375,0,0,0,0,0,0,180,178.8123,145.6458,180,0,180
691.4003,-0.0546875,0.6630859,-0.5537109,30.75,21.84375,-32.59375,-1.060547,0.7705078,0.7792969,-131.375,-13.125,-123.4375,0,0,0,0,0,0,180,178.8123,145.6458,180,0,180
691.4333,0.09863281,0.7412109,-0.7177734,45.46875,20.0625,-37.375,-1.060547,0.7705078,0.7792969,-131.375,-13.125,-123.4375,0,0,0,0,0,0,180,178.8123,145.6458,180,0,180
691.4664,0.09863281,0.7412109,-0.7177734,45.46875,20.0625,-37.375,-1.060547,0.7705078,0.7792969,-131.375,-13.125,-123.4375,0,0,0,0,0,0,180,178.8123,145.6458,180,0,180
691.4999,0.09863281,0.7412109,-0.7177734,45.46875,20.0625,-37.375,-0.2285156,1.0625,0.6787109,0.96875,70.40625,-21.9375,0,0,0,0,0,0,180,178.8123,145.6458,180,0,180
691.5334,-0.1298828,0.71875,-0.8857422,28.5625,0.03125,-21.8125,-0.2285156,1.0625,0.6787109,0.96875,70.40625,-21.9375,0,0,0,0,0,0,180,178.8123,145.6458,180,0,180
691.5665,-0.1298828,0.71875,-0.8857422,28.5625,0.03125,-21.8125,-0.2285156,1.0625,0.6787109,0.96875,70.40625,-21.9375,0,0,0,0,0,0,180,178.8123,145.6458,180,0,180
691.6,-0.1298828,0.71875,-0.8857422,28.5625,0.03125,-21.8125,-0.2285156,1.0625,0.6787109,0.96875,70.40625,-21.9375,0,0,0,0,0,0,180,178.8123,145.6458,180,0,180
691.6337,-0.01757813,0.5888672,-0.9257813,8.71875,5.96875,-21.5625,-0.2285156,1.0625,0.6787109,0.96875,70.40625,-21.9375,0,0,0,0,0,0,180,178.8123,145.6458,180,0,180
691.6666,-0.01757813,0.5888672,-0.9257813,8.71875,5.96875,-21.5625,-0.2285156,1.0625,0.6787109,0.96875,70.40625,-21.9375,0,0,0,0,0,0,180,178.8123,145.6458,180,0,180
691.7002,-0.01757813,0.5888672,-0.9257813,8.71875,5.96875,-21.5625,-0.2285156,1.0625,0.6787109,0.96875,70.40625,-21.9375,0,0,0,0,0,0,180,178.8123,145.6458,180,0,180
691.7338,-0.08496094,0.5986328,-0.8876953,6.75,-2.21875,-22.0625,-0.2285156,1.0625,0.6787109,0.96875,70.40625,-21.9375,0,0,0,0,0,0,180,178.8123,145.6458,180,0,180
691.767,-0.08496094,0.5986328,-0.8876953,6.75,-2.21875,-22.0625,-0.2285156,1.0625,0.6787109,0.96875,70.40625,-21.9375,0,0,0,0,0,0,180,178.8123,145.6458,180,0,180
691.8009,-0.08496094,0.5986328,-0.8876953,6.75,-2.21875,-22.0625,-0.734375,0.5800781,0.1240234,-128.1875,246.375,97.75,0,0,0,0,0,0,180,178.8123,145.6458,180,0,180
691.8347,-0.01269531,0.5302734,-0.9101563,-3.5,12.75,-24.375,-0.734375,0.5800781,0.1240234,-128.1875,246.375,97.75,0,0,0,0,0,0,180,178.8123,145.6458,180,0,180
691.8679,-0.01269531,0.5302734,-0.9101563,-3.5,12.75,-24.375,-0.734375,0.5800781,0.1240234,-128.1875,246.375,97.75,0,0,0,0,0,0,180,178.8123,145.6458,180,0,180
691.9015,-0.1689453,0.4912109,-0.9013672,-19.65625,9.03125,-24.25,-0.734375,0.5800781,0.1240234,-128.1875,246.375,97.75,0,0,0,0,0,0,180,178.8123,145.6458,180,0,180
691.9354,-0.1689453,0.4912109,-0.9013672,-19.65625,9.03125,-24.25,-0.734375,0.5800781,0.1240234,-128.1875,246.375,97.75,0,0,0,0,0,0,180,178.8123,145.6458,180,0,180
691.9683,-0.1689453,0.4912109,-0.9013672,-19.65625,9.03125,-24.25,-0.734375,0.5800781,0.1240234,-128.1875,246.375,97.75,0,0,0,0,0,0,180,178.8123,145.6458,180,0,180
692.0018,0.001953125,0.5869141,-0.8046875,-35.84375,8.65625,-19.59375,-0.734375,0.5800781,0.1240234,-128.1875,246.375,97.75,0,0,0,0,0,0,180,178.8123,145.6458,180,0,180
692.035,0.001953125,0.5869141,-0.8046875,-35.84375,8.65625,-19.59375,-0.734375,0.5800781,0.1240234,-128.1875,246.375,97.75,0,0,0,0,0,0,180,178.8123,145.6458,180,0,180
692.0685,0.001953125,0.5869141,-0.8046875,-35.84375,8.65625,-19.59375,-0.734375,0.5800781,0.1240234,-128.1875,246.375,97.75,0,0,0,0,0,0,180,178.8123,145.6458,180,0,180
692.1021,0.001953125,0.5869141,-0.8046875,-35.84375,8.65625,-19.59375,-0.734375,0.5800781,0.1240234,-128.1875,246.375,97.75,0,0,0,0,0,0,180,178.8123,145.6458,180,0,180
692.1354,0.001953125,0.5869141,-0.8046875,-35.84375,8.65625,-19.59375,-0.734375,0.5800781,0.1240234,-128.1875,246.375,97.75,0,0,0,0,0,0,180,178.8123,145.6458,180,0,180
692.1691,0.001953125,0.5869141,-0.8046875,-35.84375,8.65625,-19.59375,-0.734375,0.5800781,0.1240234,-128.1875,246.375,97.75,0,0,0,0,0,0,180,178.8123,145.6458,180,0,180
692.2023,-0.06054688,0.4550781,-0.6816406,-40.53125,28.125,-1.84375,-0.734375,0.5800781,0.1240234,-128.1875,246.375,97.75,0,0,0,0,0,0,180,178.8123,145.6458,180,0,180
692.269,-0.005859375,0.8876953,-0.6445313,-114.8125,20.4375,7.90625,-0.734375,0.5800781,0.1240234,-128.1875,246.375,97.75,0,0,0,0,0,0,180,178.8123,145.6458,180,0,180
692.3022,-0.05859375,0.7861328,-0.3339844,-74.0625,23.65625,15.25,-0.734375,0.5800781,0.1240234,-128.1875,246.375,97.75,0,0,0,0,0,0,180,178.8123,145.6458,180,0,180
692.3356,-0.05859375,0.7861328,-0.3339844,-74.0625,23.65625,15.25,-0.734375,0.5800781,0.1240234,-128.1875,246.375,97.75,0,0,0,0,0,0,180,178.8123,145.6458,180,0,180
692.3686,-0.05859375,0.7861328,-0.3339844,-74.0625,23.65625,15.25,-0.734375,0.5800781,0.1240234,-128.1875,246.375,97.75,0,0,0,0,0,0,180,178.8123,145.6458,180,0,180
692.4022,-0.01367188,0.7753906,-0.2763672,-90.09375,24.40625,-1.0625,-0.734375,0.5800781,0.1240234,-128.1875,246.375,97.75,0,0,0,0,0,0,180,178.8123,145.6458,180,0,180
692.4354,-0.01367188,0.7753906,-0.2763672,-90.09375,24.40625,-1.0625,-0.734375,0.5800781,0.1240234,-128.1875,246.375,97.75,0,0,0,0,0,0,180,178.8123,145.6458,180,0,180
692.4684,-0.01367188,0.7753906,-0.2763672,-90.09375,24.40625,-1.0625,-0.734375,0.5800781,0.1240234,-128.1875,246.375,97.75,0,0,0,0,0,0,180,178.8123,145.6458,180,0,180
692.5018,-0.02636719,0.9931641,-0.3251953,-63,14.875,-11,-0.734375,0.5800781,0.1240234,-128.1875,246.375,97.75,0,0,0,0,0,0,180,178.8123,145.6458,180,0,180
692.5353,-0.02636719,0.9931641,-0.3251953,-63,14.875,-11,-0.734375,0.5800781,0.1240234,-128.1875,246.375,97.75,0,0,0,0,0,0,180,178.8123,145.6458,180,0,180
692.5684,-0.02636719,0.9931641,-0.3251953,-63,14.875,-11,-0.734375,0.5800781,0.1240234,-128.1875,246.375,97.75,0,0,0,0,0,0,180,178.8123,145.6458,180,0,180
692.6018,0.02148438,0.875,-0.07226563,-61.71875,-3.625,-16.8125,-0.734375,0.5800781,0.1240234,-128.1875,246.375,97.75,0,0,0,0,0,0,180,71.53131,180,180,0,180
692.6351,0.02148438,0.875,-0.07226563,-61.71875,-3.625,-16.8125,-0.734375,0.5800781,0.1240234,-128.1875,246.375,97.75,0,0,0,0,0,0,180,71.53131,180,180,0,180
