639.0899,0.1376953,1.012695,0.1445313,1.09375,1.375,-0.4375,0.2744141,0.2548828,0.9033203,0.78125,0.28125,-1.0625,0.09667969,0.9746094,-0.3105469,0.65625,-1.125,0.78125,99.99131,83.66999,174.2677,95.27669,84.06448,158.79
639.0927,0.1376953,1.012695,0.1445313,1.09375,1.375,-0.4375,0.2744141,0.2548828,0.9033203,0.78125,0.28125,-1.0625,0.09667969,0.9746094,-0.3105469,0.65625,-1.125,0.78125,100.1022,83.47535,174.2772,95.27669,84.06448,158.79
639.1129,0.1376953,1.012695,0.1445313,1.09375,1.375,-0.4375,0.2744141,0.2548828,0.9033203,0.78125,0.28125,-1.0625,0.09667969,0.9746094,-0.3105469,0.65625,-1.125,0.78125,100.1022,83.47535,174.2772,95.27669,84.06448,158.79
639.1468,0.1376953,1.012695,0.1445313,1.09375,1.375,-0.4375,0.2744141,0.2548828,0.9033203,0.78125,0.28125,-1.0625,0.09667969,0.9746094,-0.3105469,0.65625,-1.125,0.78125,100.1022,83.47535,174.2772,95.30827,83.99953,158.5771
639.1798,0.1376953,1.012695,0.1445313,1.09375,1.375,-0.4375,0.2744141,0.2548828,0.9033203,0.78125,0.28125,-1.0625,0.1054688,0.9521484,-0.2949219,0.53125,-0.1875,0.09375,100.1022,83.47535,174.2772,95.30827,83.99953,158.5771
639.2131,-0.05078125,0.9003906,0.06640625,3.9375,1.75,1.21875,0.2744141,0.2548828,0.9033203,0.78125,0.28125,-1.0625,0.1054688,0.9521484,-0.2949219,0.53125,-0.1875,0.09375,100.1022,83.47535,174.2772,95.30827,83.99953,158.5771
639.2465,-0.05078125,0.9003906,0.06640625,3.9375,1.75,1.21875,0.2744141,0.2548828,0.9033203,0.78125,0.28125,-1.0625,0.1054688,0.9521484,-0.2949219,0.53125,-0.1875,0.09375,99.97424,83.99792,174.1736,95.30827,83.99953,158.5771
639.2797,0.1757813,0.9023438,0.04980469,2.59375,-2.09375,0.09375,0.2744141,0.2548828,0.9033203,0.78125,0.28125,-1.0625,0.1054688,0.9521484,-0.2949219,0.53125,-0.1875,0.09375,99.97424,83.99792,174.1736,95.15284,84.31317,158.5621
639.3134,0.1757813,0.9023438,0.04980469,2.59375,-2.09375,0.09375,0.2744141,0.2548828,0.9033203,0.78125,0.28125,-1.0625,0.1679688,0.9453125,-0.2832031,0.40625,-1.25,-0.125,99.97424,83.99792,174.1736,95.15284,84.31317,158.5621
639.3464,0.1757813,0.9023438,0.04980469,2.59375,-2.09375,0.09375,0.2744141,0.2548828,0.9033203,0.78125,0.28125,-1.0625,0.1679688,0.9453125,-0.2832031,0.40625,-1.25,-0.125,99.97424,83.99792,174.1736,95.15284,84.31317,158.5621
639.3799,0.1757813,0.9023438,0.04980469,2.59375,-2.09375,0.09375,0.2177734,0.2050781,0.8935547,-0.875,0.21875,-0.5625,0.08691406,0.9746094,-0.2480469,0.21875,0.59375,-0.0625,99.97424,83.99792,174.1736,95.32049,83.89267,158.7825
639.4128,0.04101563,1.02832,0.01171875,-1,1.21875,1.15625,0.2177734,0.2050781,0.8935547,-0.875,0.21875,-0.5625,0.08691406,0.9746094,-0.2480469,0.21875,0.59375,-0.0625,99.97424,83.99792,174.1736,95.32049,83.89267,158.7825
639.4475,0.04101563,1.02832,0.01171875,-1,1.21875,1.15625,0.1953125,0.1855469,0.9238281,0.71875,-0.8125,0.46875,0.08691406,0.9746094,-0.2480469,0.21875,0.59375,-0.0625,99.97424,83.99792,174.1736,95.32049,83.89267,158.7825
639.4796,0.04101563,1.02832,0.01171875,-1,1.21875,1.15625,0.1953125,0.1855469,0.9238281,0.71875,-0.8125,0.46875,0.04394531,0.9003906,-0.2578125,0,0.59375,0.09375,100.0544,83.86777,174.2597,95.44241,83.45528,158.5043
639.5128,0.04101563,1.02832,0.01171875,-1,1.21875,1.15625,0.1953125,0.1855469,0.9238281,0.71875,-0.8125,0.46875,0.04394531,0.9003906,-0.2578125,0,0.59375,0.09375,100.0544,83.86777,174.2597,95.44241,83.45528,158.5043
639.5459,0.04101563,1.02832,0.01171875,-1,1.21875,1.15625,0.1953125,0.1855469,0.9238281,0.71875,-0.8125,0.46875,0.04394531,0.9003906,-0.2578125,0,0.59375,0.09375,100.0544,83.86777,174.2597,95.44241,83.45528,158.5043
639.5798,0.04101563,1.02832,0.01171875,-1,1.21875,1.15625,0.3105469,0.2373047,0.90625,0.59375,-3.125,-0.8125,0.1113281,0.75,-0.1513672,0.09375,-0.5625,0.59375,100.0544,83.86777,174.2597,95.49112,83.20107,158.3333
639.613,0.04101563,1.02832,0.01171875,-1,1.21875,1.15625,0.3105469,0.2373047,0.90625,0.59375,-3.125,-0.8125,0.1113281,0.75,-0.1513672,0.09375,-0.5625,0.59375,100.0544,83.86777,174.2597,95.49112,83.20107,158.3333
639.6464,0.04101563,1.02832,0.01171875,-1,1.21875,1.15625,0.3105469,0.2373047,0.90625,0.59375,-3.125,-0.8125,0.1113281,0.75,-0.1513672,0.09375,-0.5625,0.59375,100.0544,83.86777,174.2597,95.49112,83.20107,158.3333
639.6796,0.04101563,1.02832,0.01171875,-1,1.21875,1.15625,0.3105469,0.2373047,0.90625,0.59375,-3.125,-0.8125,0.1015625,0.8935547,-0.3320313,0.09375,-0.25,0.21875,100.0544,83.86777,174.2597,95.72178,82.91043,158.4984
639.7128,0.01074219,1.0625,0.1455078,-2.28125,0.28125,0.28125,0.3105469,0.2373047,0.90625,0.59375,-3.125,-0.8125,0.1015625,0.8935547,-0.3320313,0.09375,-0.25,0.21875,100.0544,83.86777,174.2597,95.72178,82.91043,158.4984
639.7463,0.01074219,1.0625,0.1455078,-2.28125,0.28125,0.28125,0.2949219,0.1835938,0.8974609,0,0.78125,-0.25,0.1015625,0.8935547,-0.3320313,0.09375,-0.25,0.21875,100.0544,83.86777,174.2597,95.72178,82.91043,158.4984
639.7795,0.01074219,1.0625,0.1455078,-2.28125,0.28125,0.28125,0.2949219,0.1835938,0.8974609,0,0.78125,-0.25,0.1757813,0.8066406,-0.2216797,0.09375,0.40625,0.21875,100.0544,83.86777,174.2597,95.73693,83.02785,158.6678
639.8126,0.01074219,1.0625,0.1455078,-2.28125,0.28125,0.28125,0.2949219,0.1835938,0.8974609,0,0.78125,-0.25,0.1757813,0.8066406,-0.2216797,0.09375,0.40625,0.21875,100.0544,83.86777,174.2597,95.73693,83.02785,158.6678
639.846,0.01074219,1.0625,0.1455078,-2.28125,0.28125,0.28125,0.2949219,0.1835938,0.8974609,0,0.78125,-0.25,0.1757813,0.8066406,-0.2216797,0.09375,0.40625,0.21875,100.0544,83.86777,174.2597,95.73693,83.02785,158.6678
639.8798,0.1054688,1.037109,0.1425781,-0.8125,0,0.65625,0.2949219,0.1835938,0.8974609,0,0.78125,-0.25,0.1201172,0.9755859,-0.2519531,-0.5,0.96875,0.53125,100.0376,84.60239,174.5201,95.34741,83.53706,159.218
639.9126,0.1054688,1.037109,0.1425781,-0.8125,0,0.65625,0.2949219,0.1835938,0.8974609,0,0.78125,-0.25,0.1201172,0.9755859,-0.2519531,-0.5,0.96875,0.53125,100.0376,84.60239,174.5201,95.34741,83.53706,159.218
639.9458,0.1054688,1.037109,0.1425781,-0.8125,0,0.65625,0.2480469,0.2412109,0.8164063,-0.1875,0.46875,-0.9375,0.1201172,0.9755859,-0.2519531,-0.5,0.96875,0.53125,100.0376,84.60239,174.5201,95.34741,83.53706,159.218
639.9797,0.1054688,1.037109,0.1425781,-0.8125,0,0.65625,0.2480469,0.2412109,0.8164063,-0.1875,0.46875,-0.9375,0.1289063,0.9570313,-0.3691406,0,1.375,-0.1875,100.0376,84.60239,174.5201,95.26974,83.71507,159.3259
640.0127,0.1054688,1.037109,0.1425781,-0.8125,0,0.65625,0.2480469,0.2412109,0.8164063,-0.1875,0.46875,-0.9375,0.1289063,0.9570313,-0.3691406,0,1.375,-0.1875,100.0376,84.60239,174.5201,95.26974,83.71507,159.3259
640.046,0.1054688,0.8974609,0.1074219,-2.28125,0.90625,-0.3125,0.2480469,0.2412109,0.8164063,-0.1875,0.46875,-0.9375,0.1289063,0.9570313,-0.3691406,0,1.375,-0.1875,100.1407,84.50415,174.46,95.26974,83.71507,159.3259
640.0793,0.09179688,0.8730469,0.1982422,-1.96875,0.28125,0.53125,0.3076172,0.1992188,0.9599609,0.34375,-0.1875,0,0.02441406,0.9560547,-0.3251953,0,1.28125,-0.875,100.1407,84.50415,174.46,95.20383,83.73079,159.0611
640.1124,0.09179688,0.8730469,0.1982422,-1.96875,0.28125,0.53125,0.3076172,0.1992188,0.9599609,0.34375,-0.1875,0,0.02441406,0.9560547,-0.3251953,0,1.28125,-0.875,100.1407,84.50415,174.46,95.20383,83.73079,159.0611
640.1458,0.09179688,0.8730469,0.1982422,-1.96875,0.28125,0.53125,0.3076172,0.1992188,0.9599609,0.34375,-0.1875,0,0.02441406,0.9560547,-0.3251953,0,1.28125,-0.875,100.1407,84.50415,174.46,95.20383,83.73079,159.0611
640.1793,0.09179688,0.8730469,0.1982422,-1.96875,0.28125,0.53125,0.3076172,0.1992188,0.9599609,0.34375,-0.1875,0,0.1738281,0.9433594,-0.2636719,0.84375,0.84375,-0.5,100.1407,84.50415,174.46,95.34066,83.23595,158.7922
640.2124,0.09179688,0.8730469,0.1982422,-1.96875,0.28125,0.53125,0.3076172,0.1992188,0.9599609,0.34375,-0.1875,0,0.1738281,0.9433594,-0.2636719,0.84375,0.84375,-0.5,100.1407,84.50415,174.46,95.34066,83.23595,158.7922
640.2455,0.09179688,0.8730469,0.1982422,-1.96875,0.28125,0.53125,0.3076172,0.1992188,0.9599609,0.34375,-0.1875,0,0.1738281,0.9433594,-0.2636719,0.84375,0.84375,-0.5,100.1407,84.50415,174.46,95.34066,83.23595,158.7922
640.2789,0.09179688,0.8730469,0.1982422,-1.96875,0.28125,0.53125,0.1933594,0.2246094,0.8613281,-0.0625,-0.5625,-0.5625,0.1738281,0.9433594,-0.2636719,0.84375,0.84375,-0.5,100.1219,84.76405,174.4191,95.34066,83.23595,158.7922
640.3129,-0.03515625,1.016602,0.125,-1.46875,0.21875,-1.46875,0.1933594,0.2246094,0.8613281,-0.0625,-0.5625,-0.5625,0.03808594,1.023438,-0.3603516,0.78125,-0.5,-0.3125,100.1219,84.76405,174.4191,95.34066,83.23595,158.7922
640.346,-0.03515625,1.016602,0.125,-1.46875,0.21875,-1.46875,0.1933594,0.2246094,0.8613281,-0.0625,-0.5625,-0.5625,0.03808594,1.023438,-0.3603516,0.78125,-0.5,-0.3125,100.1219,84.76405,174.4191,95.20682,83.47059,158.8664
640.379,-0.03515625,1.016602,0.125,-1.46875,0.21875,-1.46875,0.1933594,0.2246094,0.8613281,-0.0625,-0.5625,-0.5625,0.07910156,0.8525391,-0.2695313,0.21875,-0.5625,-0.5625,99.81085,85.54517,174.4663,95.07591,83.76783,158.5688
640.4124,-0.03515625,1.016602,0.125,-1.46875,0.21875,-1.46875,0.1933594,0.2246094,0.8613281,-0.0625,-0.5625,-0.5625,0.07910156,0.8525391,-0.2695313,0.21875,-0.5625,-0.5625,99.81085,85.54517,174.4663,95.07591,83.76783,158.5688
640.4456,-0.03515625,1.016602,0.125,-1.46875,0.21875,-1.46875,0.1933594,0.2246094,0.8613281,-0.0625,-0.5625,-0.5625,0.07910156,0.8525391,-0.2695313,0.21875,-0.5625,-0.5625,99.81085,85.54517,174.4663,95.07591,83.76783,158.5688
640.4789,-0.03515625,1.016602,0.125,-1.46875,0.21875,-1.46875,0.1933594,0.2246094,0.8613281,-0.0625,-0.5625,-0.5625,0.07910156,0.8525391,-0.2695313,0.21875,-0.5625,-0.5625,99.8201,85.6486,174.3345,94.88693,84.17168,158.494
640.5118,-0.0009765625,0.8701172,0.1435547,-1.3125,0.34375,-0.625,0.1992188,0.2236328,1.037109,1.21875,0.65625,0,0.15625,0.84375,-0.2402344,0.15625,0.71875,-0.75,99.8201,85.6486,174.3345,94.88693,84.17168,158.494
640.5455,-0.0009765625,0.8701172,0.1435547,-1.3125,0.34375,-0.625,0.1992188,0.2236328,1.037109,1.21875,0.65625,0,0.15625,0.84375,-0.2402344,0.15625,0.71875,-0.75,99.8201,85.6486,174.3345,94.88693,84.17168,158.494
640.5787,-0.0009765625,0.8701172,0.1435547,-1.3125,0.34375,-0.625,0.1992188,0.2236328,1.037109,1.21875,0.65625,0,0.15625,0.84375,-0.2402344,0.15625,0.71875,-0.75,99.8201,85.6486,174.3345,94.81779,84.24121,158.3996
640.6119,-0.0009765625,0.8701172,0.1435547,-1.3125,0.34375,-0.625,0.1992188,0.2236328,1.037109,1.21875,0.65625,0,0.07519531,0.7949219,-0.2548828,-0.0625,0.15625,0.40625,99.8201,85.6486,174.3345,94.81779,84.24121,158.3996
640.6453,-0.0009765625,0.8701172,0.1435547,-1.3125,0.34375,-0.625,0.1992188,0.2236328,1.037109,1.21875,0.65625,0,0.07519531,0.7949219,-0.2548828,-0.0625,0.15625,0.40625,99.8201,85.6486,174.3345,94.81779,84.24121,158.3996
640.6785,-0.0009765625,0.8701172,0.1435547,-1.3125,0.34375,-0.625,0.1992188,0.2236328,1.037109,1.21875,0.65625,0,0.07519531,0.7949219,-0.2548828,-0.0625,0.15625,0.40625,100.0629,84.85973,174.4201,94.96192,83.9733,158.5822
640.7117,-0.0009765625,0.8701172,0.1435547,-1.3125,0.34375,-0.625,0.1992188,0.2236328,1.037109,1.21875,0.65625,0,0.04785156,0.9912109,-0.3457031,-1.3125,-0.25,-0.1875,100.0629,84.85973,174.4201,94.96192,83.9733,158.5822
640.7449,-0.0009765625,0.8701172,0.1435547,-1.3125,0.34375,-0.625,0.1992188,0.2236328,1.037109,1.21875,0.65625,0,0.04785156,0.9912109,-0.3457031,-1.3125,-0.25,-0.1875,100.0629,84.85973,174.4201,94.96192,83.9733,158.5822
640.7785,-0.001953125,0.9560547,0.1445313,2.59375,0.96875,0.90625,0.1992188,0.2236328,1.037109,1.21875,0.65625,0,0.04785156,0.9912109,-0.3457031,-1.3125,-0.25,-0.1875,100.0629,84.85973,174.4201,94.75142,84.57375,158.6836
640.8119,-0.001953125,0.9560547,0.1445313,2.59375,0.96875,0.90625,0.1992188,0.2236328,1.037109,1.21875,0.65625,0,0.07519531,0.9492188,-0.2744141,-0.5625,-0.0625,0.09375,100.0629,84.85973,174.4201,94.75142,84.57375,158.6836
640.8447,-0.001953125,0.9560547,0.1445313,2.59375,0.96875,0.90625,0.1992188,0.2236328,1.037109,1.21875,0.65625,0,0.07519531,0.9492188,-0.2744141,-0.5625,-0.0625,0.09375,100.0629,84.85973,174.4201,94.75142,84.57375,158.6836
640.8784,-0.001953125,0.9560547,0.1445313,2.59375,0.96875,0.90625,0.1992188,0.2236328,1.037109,1.21875,0.65625,0,0.07519531,0.9492188,-0.2744141,-0.5625,-0.0625,0.09375,99.81931,85.66899,174.4322,94.93945,83.90006,158.3785
640.9113,-0.001953125,0.9560547,0.1445313,2.59375,0.96875,0.90625,0.1992188,0.2236328,1.037109,1.21875,0.65625,0,0.1416016,0.9580078,-0.2636719,0.40625,0.90625,-0.75,99.81931,85.66899,174.4322,94.93945,83.90006,158.3785
640.9454,-0.06542969,0.8974609,0.1386719,1.4375,2.1875,-0.875,0.3212891,0.2529297,0.9130859,-0.0625,-0.375,-0.0625,0.1416016,0.9580078,-0.2636719,0.40625,0.90625,-0.75,99.81931,85.66899,174.4322,94.93945,83.90006,158.3785
640.9781,-0.06542969,0.8974609,0.1386719,1.4375,2.1875,-0.875,0.1914063,0.2382813,0.9863281,-0.25,0.65625,0,0.06933594,0.9492188,-0.1572266,0.15625,0.28125,0,99.81931,85.66899,174.4322,94.871,84.1084,158.7043
641.0115,-0.06542969,0.8974609,0.1386719,1.4375,2.1875,-0.875,0.1914063,0.2382813,0.9863281,-0.25,0.65625,0,0.06933594,0.9492188,-0.1572266,0.15625,0.28125,0,99.81931,85.66899,174.4322,94.871,84.1084,158.7043
641.0449,0.1015625,0.9414063,0.1074219,3.34375,-0.4375,-0.3125,0.1914063,0.2382813,0.9863281,-0.25,0.65625,0,0.06933594,0.9492188,-0.1572266,0.15625,0.28125,0,99.81931,85.66899,174.4322,94.871,84.1084,158.7043
641.0785,0.1015625,0.9414063,0.1074219,3.34375,-0.4375,-0.3125,0.1914063,0.2382813,0.9863281,-0.25,0.65625,0,0.06933594,0.9492188,-0.1572266,0.15625,0.28125,0,99.81931,85.66899,174.4322,95.00076,83.7518,158.3356
641.1119,0.1015625,0.9414063,0.1074219,3.34375,-0.4375,-0.3125,0.1914063,0.2382813,0.9863281,-0.25,0.65625,0,0.0859375,0.9902344,-0.3183594,-0.6875,-0.25,0,99.81931,85.66899,174.4322,95.00076,83.7518,158.3356
641.1446,0.1015625,0.9414063,0.1074219,3.34375,-0.4375,-0.3125,0.1914063,0.2382813,0.9863281,-0.25,0.65625,0,0.0859375,0.9902344,-0.3183594,-0.6875,-0.25,0,99.81931,85.66899,174.4322,95.00076,83.7518,158.3356
641.1783,0.1015625,0.9414063,0.1074219,3.34375,-0.4375,-0.3125,0.1914063,0.2382813,0.9863281,-0.25,0.65625,0,0.0859375,0.9902344,-0.3183594,-0.6875,-0.25,0,99.66833,86.27556,174.4737,95.11166,83.22002,158.2103
641.2114,0.1015625,0.9414063,0.1074219,3.34375,-0.4375,-0.3125,0.1914063,0.2382813,0.9863281,-0.25,0.65625,0,0.1591797,0.9257813,-0.2871094,0,0.03125,0.15625,99.66833,86.27556,174.4737,95.11166,83.22002,158.2103
641.2451,0.0009765625,0.8466797,0.125,4.125,-0.9375,-0.0625,0.1914063,0.2382813,0.9863281,-0.25,0.65625,0,0.1591797,0.9257813,-0.2871094,0,0.03125,0.15625,99.66833,86.27556,174.4737,95.11166,83.22002,158.2103
641.2781,0.0009765625,0.8466797,0.125,4.125,-0.9375,-0.0625,0.1914063,0.2382813,0.9863281,-0.25,0.65625,0,0.1591797,0.9257813,-0.2871094,0,0.03125,0.15625,99.66833,86.27556,174.4737,95.11166,83.22002,158.2103
641.3116,0.0009765625,0.8466797,0.125,4.125,-0.9375,-0.0625,0.1914063,0.2382813,0.9863281,-0.25,0.65625,0,0.109375,0.9042969,-0.2216797,-0.0625,0,-0.25,99.66833,86.27556,174.4737,95.11166,83.22002,158.2103
641.3448,0.0009765625,0.8466797,0.125,4.125,-0.9375,-0.0625,0.1914063,0.2382813,0.9863281,-0.25,0.65625,0,0.109375,0.9042969,-0.2216797,-0.0625,0,-0.25,99.66833,86.27556,174.4737,95.09989,83.13692,158.0052
641.3779,0.03125,0.9130859,0.1347656,2.0625,0.96875,-0.0625,0.1708984,0.2988281,1.008789,0,0.46875,-1.40625,0.109375,0.9042969,-0.2216797,-0.0625,0,-0.25,99.66833,86.27556,174.4737,95.46074,82.14916,157.9361
641.4114,0.03125,0.9130859,0.1347656,2.0625,0.96875,-0.0625,0.1708984,0.2988281,1.008789,0,0.46875,-1.40625,0.1220703,1.039063,-0.3115234,-0.0625,0.53125,0.15625,99.66833,86.27556,174.4737,95.46074,82.14916,157.9361
641.4443,0.03125,0.9130859,0.1347656,2.0625,0.96875,-0.0625,0.1708984,0.2988281,1.008789,0,0.46875,-1.40625,0.1220703,1.039063,-0.3115234,-0.0625,0.53125,0.15625,99.66833,86.27556,174.4737,95.46074,82.14916,157.9361
641.4779,0.03125,0.9130859,0.1347656,2.0625,0.96875,-0.0625,0.1708984,0.2988281,1.008789,0,0.46875,-1.40625,0.1220703,1.039063,-0.3115234,-0.0625,0.53125,0.15625,99.66833,86.27556,174.4737,95.40544,82.38698,158.221
641.5111,0.0859375,0.9296875,0.04492188,-2.59375,0.46875,-1,0.1708984,0.2988281,1.008789,0,0.46875,-1.40625,0.1220703,1.039063,-0.3115234,-0.0625,0.53125,0.15625,99.66833,86.27556,174.4737,95.40544,82.38698,158.221
641.5449,0.0859375,0.9296875,0.04492188,-2.59375,0.46875,-1,0.1708984,0.2988281,1.008789,0,0.46875,-1.40625,0.07421875,0.9472656,-0.2226563,-0.125,0.21875,-0.3125,99.66833,86.27556,174.4737,95.40544,82.38698,158.221
641.5776,0.0859375,0.9296875,0.04492188,-2.59375,0.46875,-1,0.1708984,0.2988281,1.008789,0,0.46875,-1.40625,-0.02929688,0.9501953,-0.2900391,0.09375,-0.5,0.21875,99.66833,86.27556,174.4737,95.26119,82.78822,158.2832
641.6109,0.0859375,0.9296875,0.04492188,-2.59375,0.46875,-1,0.1708984,0.2988281,1.008789,0,0.46875,-1.40625,-0.02929688,0.9501953,-0.2900391,0.09375,-0.5,0.21875,99.66833,86.27556,174.4737,95.26119,82.78822,158.2832
641.6446,0.0859375,0.9296875,0.04492188,-2.59375,0.46875,-1,0.1708984,0.2988281,1.008789,0,0.46875,-1.40625,-0.02929688,0.9501953,-0.2900391,0.09375,-0.5,0.21875,99.66833,86.27556,174.4737,95.26119,82.78822,158.2832
641.6777,0.0859375,0.9296875,0.04492188,-2.59375,0.46875,-1,0.1708984,0.2988281,1.008789,0,0.46875,-1.40625,-0.02929688,0.9501953,-0.2900391,0.09375,-0.5,0.21875,99.90833,86.18327,174.1355,95.40022,82.44006,158.2325
641.7106,0.02246094,0.9648438,0.1533203,-2.15625,0.09375,-0.5,0.1708984,0.2988281,1.008789,0,0.46875,-1.40625,0.1767578,0.9238281,-0.2978516,0.03125,0.59375,-0.5,99.90833,86.18327,174.1355,95.40022,82.44006,158.2325
641.744,0.02246094,0.9648438,0.1533203,-2.15625,0.09375,-0.5,0.2763672,0.06054688,0.953125,0.09375,0.46875,0.21875,0.1767578,0.9238281,-0.2978516,0.03125,0.59375,-0.5,99.90833,86.18327,174.1355,95.40022,82.44006,158.2325
641.7772,0.005859375,0.9707031,0.1503906,-2.03125,-0.4375,-0.5,0.2763672,0.06054688,0.953125,0.09375,0.46875,0.21875,0.1767578,0.9238281,-0.2978516,0.03125,0.59375,-0.5,99.90833,86.18327,174.1355,95.37341,82.34024,157.8007
641.811,0.005859375,0.9707031,0.1503906,-2.03125,-0.4375,-0.5,0.2763672,0.06054688,0.953125,0.09375,0.46875,0.21875,0.1621094,0.9765625,-0.3291016,0.03125,0.03125,-0.5,99.90833,86.18327,174.1355,95.37341,82.34024,157.8007
641.844,0.005859375,0.9707031,0.1503906,-2.03125,-0.4375,-0.5,0.2763672,0.06054688,0.953125,0.09375,0.46875,0.21875,0.1621094,0.9765625,-0.3291016,0.03125,0.03125,-0.5,99.90833,86.18327,174.1355,95.37341,82.34024,157.8007
641.8772,-0.03320313,0.9550781,0.09277344,0.21875,-1.78125,0.71875,0.2763672,0.06054688,0.953125,0.09375,0.46875,0.21875,0.1621094,0.9765625,-0.3291016,0.03125,0.03125,-0.5,99.84405,86.155,174.5168,95.37341,82.34024,157.8007
641.9106,-0.03320313,0.9550781,0.09277344,0.21875,-1.78125,0.71875,0.2763672,0.06054688,0.953125,0.09375,0.46875,0.21875,0.07226563,0.9248047,-0.3466797,0.21875,0.40625,-0.25,99.84405,86.155,174.5168,95.37341,82.34024,157.8007
641.9438,-0.1025391,0.9599609,0.2548828,-2.28125,0.09375,-0.75,0.2763672,0.06054688,0.953125,0.09375,0.46875,0.21875,0.07226563,0.9248047,-0.3466797,0.21875,0.40625,-0.25,100.1406,85.47562,174.5994,95.14597,82.8418,157.9439
641.9772,-0.1025391,0.9599609,0.2548828,-2.28125,0.09375,-0.75,0.2763672,0.06054688,0.953125,0.09375,0.46875,0.21875,0.07226563,0.9248047,-0.3466797,0.21875,0.40625,-0.25,100.1406,85.47562,174.5994,95.16148,82.75079,158.0666
642.0107,-0.1025391,0.9599609,0.2548828,-2.28125,0.09375,-0.75,0.2880859,0.2246094,0.9472656,-0.1875,-0.1875,0.96875,0.07226563,0.9248047,-0.3466797,0.21875,0.40625,-0.25,100.1406,85.47562,174.5994,95.16148,82.75079,158.0666
642.0441,-0.1025391,0.9599609,0.2548828,-2.28125,0.09375,-0.75,0.2880859,0.2246094,0.9472656,-0.1875,-0.1875,0.96875,0.1015625,0.8740234,-0.2919922,-0.0625,-0.3125,0.59375,100.1406,85.47562,174.5994,95.16148,82.75079,158.0666
642.0775,-0.1025391,0.9599609,0.2548828,-2.28125,0.09375,-0.75,0.2880859,0.2246094,0.9472656,-0.1875,-0.1875,0.96875,0.1015625,0.8740234,-0.2919922,-0.0625,-0.3125,0.59375,100.1406,85.47562,174.5994,95.27258,82.43187,158.1186
642.1105,-0.1025391,0.9599609,0.2548828,-2.28125,0.09375,-0.75,0.2880859,0.2246094,0.9472656,-0.1875,-0.1875,0.96875,0.2275391,0.8945313,-0.3271484,-0.6875,-0.9375,-0.5,100.1406,85.47562,174.5994,95.27258,82.43187,158.1186
642.144,-0.1025391,0.9599609,0.2548828,-2.28125,0.09375,-0.75,0.2880859,0.2246094,0.9472656,-0.1875,-0.1875,0.96875,0.2275391,0.8945313,-0.3271484,-0.6875,-0.9375,-0.5,100.1406,85.47562,174.5994,95.27258,82.43187,158.1186
642.1769,0.04980469,0.9248047,0.03613281,-2.75,-1.78125,-1.25,0.2880859,0.2246094,0.9472656,-0.1875,-0.1875,0.96875,0.1455078,0.9628906,-0.2587891,-0.125,-0.1875,-0.1875,100.0809,85.71599,174.5418,95.24585,82.45024,157.9861
642.2103,0.04980469,0.9248047,0.03613281,-2.75,-1.78125,-1.25,0.2880859,0.2246094,0.9472656,-0.1875,-0.1875,0.96875,0.1455078,0.9628906,-0.2587891,-0.125,-0.1875,-0.1875,100.0809,85.71599,174.5418,95.24585,82.45024,157.9861
642.2438,0.008789063,0.8134766,0.09277344,-3.3125,1.09375,-0.4375,0.2880859,0.2246094,0.9472656,-0.1875,-0.1875,0.96875,0.1455078,0.9628906,-0.2587891,-0.125,-0.1875,-0.1875,100.0809,85.71599,174.5418,95.24585,82.45024,157.9861
642.277,0.008789063,0.8134766,0.09277344,-3.3125,1.09375,-0.4375,0.2880859,0.2246094,0.9472656,-0.1875,-0.1875,0.96875,0.1455078,0.9628906,-0.2587891,-0.125,-0.1875,-0.1875,100.2512,85.22777,174.2482,95.09156,82.57709,158.3011
642.3105,0.008789063,0.8134766,0.09277344,-3.3125,1.09375,-0.4375,0.2880859,0.2246094,0.9472656,-0.1875,-0.1875,0.96875,0.1064453,0.8759766,-0.3867188,-1.0625,-1,-0.4375,100.2512,85.22777,174.2482,95.09156,82.57709,158.3011
642.3584,0.008789063,0.8134766,0.09277344,-3.3125,1.09375,-0.4375,0.2880859,0.2246094,0.9472656,-0.1875,-0.1875,0.96875,0.1064453,0.8759766,-0.3867188,-1.0625,-1,-0.4375,100.2512,85.22777,174.2482,95.09156,82.57709,158.3011
642.377,-0.1152344,1.068359,0.1630859,-5.15625,1.6875,0.46875,0.2617188,0.1425781,0.8457031,-0.3125,0.84375,-1.3125,0.1201172,0.9121094,-0.3486328,-0.875,-0.625,0.46875,100.2512,85.22777,174.2482,95.47776,81.76373,158.3179
642.4102,-0.1152344,1.068359,0.1630859,-5.15625,1.6875,0.46875,0.2617188,0.1425781,0.8457031,-0.3125,0.84375,-1.3125,0.1201172,0.9121094,-0.3486328,-0.875,-0.625,0.46875,100.2512,85.22777,174.2482,95.47776,81.76373,158.3179
642.4437,-0.1152344,1.068359,0.1630859,-5.15625,1.6875,0.46875,0.2617188,0.1425781,0.8457031,-0.3125,0.84375,-1.3125,0.1201172,0.9121094,-0.3486328,-0.875,-0.625,0.46875,100.2512,85.22777,174.2482,95.47776,81.76373,158.3179
642.4769,-0.1152344,1.068359,0.1630859,-5.15625,1.6875,0.46875,0.2070313,0.1796875,0.9492188,1.3125,0.96875,-0.1875,0.1835938,0.8671875,-0.3417969,-2.15625,1.6875,-1.65625,99.93742,86.0919,174.3034,95.17555,82.5085,157.9869
642.5101,-0.1152344,1.068359,0.1630859,-5.15625,1.6875,0.46875,0.2070313,0.1796875,0.9492188,1.3125,0.96875,-0.1875,0.1835938,0.8671875,-0.3417969,-2.15625,1.6875,-1.65625,99.93742,86.0919,174.3034,95.17555,82.5085,157.9869
642.5434,-0.1152344,1.068359,0.1630859,-5.15625,1.6875,0.46875,0.2070313,0.1796875,0.9492188,1.3125,0.96875,-0.1875,0.1835938,0.8671875,-0.3417969,-2.15625,1.6875,-1.65625,99.93742,86.0919,174.3034,95.17555,82.5085,157.9869
642.5766,-0.1152344,1.068359,0.1630859,-5.15625,1.6875,0.46875,0.2070313,0.1796875,0.9492188,1.3125,0.96875,-0.1875,0.1835938,0.8671875,-0.3417969,-2.15625,1.6875,-1.65625,99.93742,86.0919,174.3034,95.00892,82.53517,158.201
642.6102,-0.1152344,1.068359,0.1630859,-5.15625,1.6875,0.46875,0.2070313,0.1796875,0.9492188,1.3125,0.96875,-0.1875,0.00390625,1.123047,-0.2255859,-1.84375,2.78125,-4.53125,99.93742,86.0919,174.3034,95.00892,82.53517,158.201
642.6433,-0.1152344,1.068359,0.1630859,-5.15625,1.6875,0.46875,0.2070313,0.1796875,0.9492188,1.3125,0.96875,-0.1875,0.00390625,1.123047,-0.2255859,-1.84375,2.78125,-4.53125,99.93742,86.0919,174.3034,95.00892,82.53517,158.201
642.6768,0.04785156,0.7607422,0.140625,-2.40625,0.53125,-1.1875,0.2070313,0.1796875,0.9492188,1.3125,0.96875,-0.1875,0.00390625,1.123047,-0.2255859,-1.84375,2.78125,-4.53125,99.87608,85.60238,174.8217,94.88663,82.51135,158.5684
642.71,-0.03222656,0.9697266,0.1640625,-1.59375,-1.125,1.4375,0.1269531,0.1347656,0.90625,-0.1875,-1,0.21875,0.1953125,0.9609375,-0.3115234,0.65625,0.53125,-4.21875,99.87608,85.60238,174.8217,94.88663,82.51135,158.5684
642.7437,-0.03222656,0.9697266,0.1640625,-1.59375,-1.125,1.4375,0.1269531,0.1347656,0.90625,-0.1875,-1,0.21875,0.1953125,0.9609375,-0.3115234,0.65625,0.53125,-4.21875,99.87608,85.60238,174.8217,94.88663,82.51135,158.5684
642.7766,-0.03222656,0.9697266,0.1640625,-1.59375,-1.125,1.4375,0.1269531,0.1347656,0.90625,-0.1875,-1,0.21875,0.1953125,0.9609375,-0.3115234,0.65625,0.53125,-4.21875,99.89316,85.56923,174.8181,94.64573,82.50778,158.8151
642.81,-0.03222656,0.9697266,0.1640625,-1.59375,-1.125,1.4375,0.1269531,0.1347656,0.90625,-0.1875,-1,0.21875,0.01074219,0.9248047,-0.2304688,-5.875,8.09375,-11.1875,99.89316,85.56923,174.8181,94.64573,82.50778,158.8151
642.8433,0.08789063,0.9628906,0.078125,6.21875,-2.21875,-0.3125,0.1269531,0.1347656,0.90625,-0.1875,-1,0.21875,0.01074219,0.9248047,-0.2304688,-5.875,8.09375,-11.1875,99.89316,85.56923,174.8181,94.64573,82.50778,158.8151
642.877,0.08789063,0.9628906,0.078125,6.21875,-2.21875,-0.3125,0.1269531,0.1347656,0.90625,-0.1875,-1,0.21875,0.01074219,0.9248047,-0.2304688,-5.875,8.09375,-11.1875,99.89316,85.56923,174.8181,95.07594,80.05521,158.1571
642.9102,0.08789063,0.9628906,0.078125,6.21875,-2.21875,-0.3125,0.1269531,0.1347656,0.90625,-0.1875,-1,0.21875,0.1845703,0.9296875,-0.2822266,6.75,4.5,-4.90625,99.89316,85.56923,174.8181,95.07594,80.05521,158.1571
642.9432,0.08300781,0.9511719,0.1552734,3.53125,0.65625,0.15625,0.1269531,0.1347656,0.90625,-0.1875,-1,0.21875,0.1845703,0.9296875,-0.2822266,6.75,4.5,-4.90625,99.83255,85.59555,174.9004,95.07594,80.05521,158.1571
642.9767,0.08300781,0.9511719,0.1552734,3.53125,0.65625,0.15625,0.1269531,0.1347656,0.90625,-0.1875,-1,0.21875,0.1845703,0.9296875,-0.2822266,6.75,4.5,-4.90625,99.83255,85.59555,174.9004,94.46861,81.31109,158.1045
643.0098,0.08300781,0.9511719,0.1552734,3.53125,0.65625,0.15625,0.1923828,0.2646484,0.9482422,0.21875,-0.125,-0.625,0.1845703,0.9296875,-0.2822266,6.75,4.5,-4.90625,99.83255,85.59555,174.9004,94.46861,81.31109,158.1045
643.0437,0.08300781,0.9511719,0.1552734,3.53125,0.65625,0.15625,0.1923828,0.2646484,0.9482422,0.21875,-0.125,-0.625,-0.1162109,0.6767578,-0.5273438,29.59375,-14.59375,7.25,99.83255,85.59555,174.9004,94.46861,81.31109,158.1045
643.0765,0.08300781,0.9511719,0.1552734,3.53125,0.65625,0.15625,0.3535156,0.1894531,0.9072266,4.375,-4.59375,0.15625,-0.1162109,0.6767578,-0.5273438,29.59375,-14.59375,7.25,99.83255,85.59555,174.9004,90.66776,93.93226,156.1667
643.1096,0.08300781,0.9511719,0.1552734,3.53125,0.65625,0.15625,0.3535156,0.1894531,0.9072266,4.375,-4.59375,0.15625,0.8808594,0.9707031,0.02832031,33,-4.65625,27.9375,99.83255,85.59555,174.9004,90.66776,93.93226,156.1667
643.1431,0.00390625,1.09375,0.0703125,57.125,-8.4375,4.25,0.3535156,0.1894531,0.9072266,4.375,-4.59375,0.15625,0.8808594,0.9707031,0.02832031,33,-4.65625,27.9375,99.83255,85.59555,174.9004,90.66776,93.93226,156.1667
643.1762,0.00390625,1.09375,0.0703125,57.125,-8.4375,4.25,0.3535156,0.1894531,0.9072266,4.375,-4.59375,0.15625,0.8808594,0.9707031,0.02832031,33,-4.65625,27.9375,99.83255,85.59555,174.9004,86.27788,101.2854,158.8277
643.2098,-0.03417969,0.8867188,0.08203125,30.75,1.9375,-0.375,0.3535156,0.1894531,0.9072266,4.375,-4.59375,0.15625,0.0390625,0.9335938,-0.5498047,70.3125,51.125,-21.4375,99.83255,85.59555,174.9004,86.27788,101.2854,158.8277
643.2429,-0.03417969,0.8867188,0.08203125,30.75,1.9375,-0.375,0.3535156,0.1894531,0.9072266,4.375,-4.59375,0.15625,0.0390625,0.9335938,-0.5498047,70.3125,51.125,-21.4375,100.2859,83.89381,174.3758,86.27788,101.2854,158.8277
643.276,-0.03417969,0.8867188,0.08203125,30.75,1.9375,-0.375,0.3535156,0.1894531,0.9072266,4.375,-4.59375,0.15625,0.0390625,0.9335938,-0.5498047,70.3125,51.125,-21.4375,100.2859,83.89381,174.3758,76.5951,113.5531,160.763
643.3093,-0.03417969,0.8867188,0.08203125,30.75,1.9375,-0.375,0.2578125,0.2167969,0.9707031,2.0625,2.375,2.65625,0.0390625,0.9335938,-0.5498047,70.3125,51.125,-21.4375,100.2859,83.89381,174.3758,76.5951,113.5531,160.763
643.343,-0.03417969,0.8867188,0.08203125,30.75,1.9375,-0.375,0.2578125,0.2167969,0.9707031,2.0625,2.375,2.65625,0.08300781,0.8300781,-0.5498047,57.59375,24.65625,-11.96875,100.2859,83.89381,174.3758,76.5951,113.5531,160.763
643.3765,-0.2001953,0.6162109,-0.009765625,10.375,3.65625,12.125,0.1757813,0.1835938,0.9501953,2.90625,22.75,11.09375,0.08300781,0.8300781,-0.5498047,57.59375,24.65625,-11.96875,100.1926,83.99329,173.7397,65.3179,127.0082,163.0388
643.4092,-0.2001953,0.6162109,-0.009765625,10.375,3.65625,12.125,0.1757813,0.1835938,0.9501953,2.90625,22.75,11.09375,0.4785156,1.303711,-0.1123047,81.78125,15.84375,50.34375,100.1926,83.99329,173.7397,65.3179,127.0082,163.0388
643.4428,-0.2001953,0.6162109,-0.009765625,10.375,3.65625,12.125,0.1757813,0.1835938,0.9501953,2.90625,22.75,11.09375,0.4785156,1.303711,-0.1123047,81.78125,15.84375,50.34375,100.1926,83.99329,173.7397,65.3179,127.0082,163.0388
643.4763,-0.2001953,0.6162109,-0.009765625,10.375,3.65625,12.125,0.1757813,0.1835938,0.9501953,2.90625,22.75,11.09375,0.4785156,1.303711,-0.1123047,81.78125,15.84375,50.34375,99.42934,81.38089,174.0601,53.02872,142.6273,166.9435
643.5093,-0.2001953,0.6162109,-0.009765625,10.375,3.65625,12.125,0.1757813,0.1835938,0.9501953,2.90625,22.75,11.09375,-0.4345703,1.999023,-0.6640625,30.75,-76.375,37.59375,99.42934,81.38089,174.0601,53.02872,142.6273,166.9435
643.5425,-0.2001953,0.6162109,-0.009765625,10.375,3.65625,12.125,0.1757813,0.1835938,0.9501953,2.90625,22.75,11.09375,-0.4345703,1.999023,-0.6640625,30.75,-76.375,37.59375,99.42934,81.38089,174.0601,53.02872,142.6273,166.9435
643.5759,-0.2001953,0.6162109,-0.009765625,10.375,3.65625,12.125,0.1757813,0.1835938,0.9501953,2.90625,22.75,11.09375,-0.4345703,1.999023,-0.6640625,30.75,-76.375,37.59375,98.96941,82.92841,175.6034,63.09966,128.4699,161.039
643.6093,-0.2001953,0.6162109,-0.009765625,10.375,3.65625,12.125,0.1757813,0.1835938,0.9501953,2.90625,22.75,11.09375,-0.5244141,0.9335938,0.1787109,-246.1563,10.375,-168.4063,98.96941,82.92841,175.6034,63.09966,128.4699,161.039
643.6423,0.1787109,0.984375,0.2958984,132.3125,-5.4375,37.59375,0.3583984,-0.078125,1.095703,96.78125,-56.46875,-26.625,-0.5244141,0.9335938,0.1787109,-246.1563,10.375,-168.4063,98.96941,82.92841,175.6034,63.09966,128.4699,161.039
643.6763,0.1787109,0.984375,0.2958984,132.3125,-5.4375,37.59375,0.3583984,-0.078125,1.095703,96.78125,-56.46875,-26.625,-0.5244141,0.9335938,0.1787109,-246.1563,10.375,-168.4063,98.96941,82.92841,175.6034,100.2161,83.0811,152.1366
643.7095,0.1787109,0.984375,0.2958984,132.3125,-5.4375,37.59375,0.3583984,-0.078125,1.095703,96.78125,-56.46875,-26.625,-0.2148438,0.3652344,-1.275391,-380.75,80.0625,-63.84375,98.96941,82.92841,175.6034,100.2161,83.0811,152.1366
643.7424,0.1787109,0.984375,0.2958984,132.3125,-5.4375,37.59375,0.3583984,-0.078125,1.095703,96.78125,-56.46875,-26.625,-0.2148438,0.3652344,-1.275391,-380.75,80.0625,-63.84375,104.9135,73.76474,175.0381,100.2161,83.0811,152.1366
643.7759,0.1787109,0.984375,0.2958984,132.3125,-5.4375,37.59375,0.3583984,-0.078125,1.095703,96.78125,-56.46875,-26.625,-0.2148438,0.3652344,-1.275391,-380.75,80.0625,-63.84375,104.9135,73.76474,175.0381,120.475,55.66162,150.8989
643.8095,0.1787109,0.984375,0.2958984,132.3125,-5.4375,37.59375,0.0859375,0.4121094,0.7412109,100.1563,-2.46875,-10.875,1.999023,1.680664,1.999023,-129.9688,-256.5313,-16.125,104.9135,73.76474,175.0381,120.475,55.66162,150.8989
643.8423,0.1787109,0.984375,0.2958984,132.3125,-5.4375,37.59375,0.0859375,0.4121094,0.7412109,100.1563,-2.46875,-10.875,1.999023,1.680664,1.999023,-129.9688,-256.5313,-16.125,104.9135,73.76474,175.0381,120.475,55.66162,150.8989
643.8759,0.1787109,0.984375,0.2958984,132.3125,-5.4375,37.59375,0.0859375,0.4121094,0.7412109,100.1563,-2.46875,-10.875,1.999023,1.680664,1.999023,-129.9688,-256.5313,-16.125,104.9135,73.76474,175.0381,101.0409,74.39671,151.9189
643.9094,0.1787109,0.984375,0.2958984,132.3125,-5.4375,37.59375,0.0859375,0.4121094,0.7412109,100.1563,-2.46875,-10.875,1.999023,1.999023,-0.5830078,-187.2188,-582.2813,329.4063,104.9135,73.76474,175.0381,101.0409,74.39671,151.9189
643.9426,0.09863281,0.9072266,-1.170898,-52.09375,14.625,-12.09375,0.1279297,0.5537109,0.8759766,128.8438,-36.8125,-23.8125,1.999023,1.999023,-0.5830078,-187.2188,-582.2813,329.4063,121.6912,55.3091,169.1928,101.0409,74.39671,151.9189
643.9758,0.09863281,0.9072266,-1.170898,-52.09375,14.625,-12.09375,0.1279297,0.5537109,0.8759766,128.8438,-36.8125,-23.8125,1.999023,1.999023,-0.5830078,-187.2188,-582.2813,329.4063,131.3842,52.28349,166.8606,113.5829,65.8138,164.88
644.0089,0.09863281,0.9072266,-1.170898,-52.09375,14.625,-12.09375,0.1279297,0.5537109,0.8759766,128.8438,-36.8125,-23.8125,0.1142578,0.1025391,-0.1162109,-49.40625,-80.34375,10.125,131.3842,52.28349,166.8606,113.5829,65.8138,164.88
644.0422,0.09863281,0.9072266,-1.170898,-52.09375,14.625,-12.09375,0.1279297,0.5537109,0.8759766,128.8438,-36.8125,-23.8125,0.1142578,0.1025391,-0.1162109,-49.40625,-80.34375,10.125,131.3842,52.28349,166.8606,113.5829,65.8138,164.88
644.0758,0.09863281,0.9072266,-1.170898,-52.09375,14.625,-12.09375,0.1279297,0.5537109,0.8759766,128.8438,-36.8125,-23.8125,0.1142578,0.1025391,-0.1162109,-49.40625,-80.34375,10.125,131.3842,52.28349,166.8606,125.5249,51.23064,166.2312
644.109,0.09863281,0.9072266,-1.170898,-52.09375,14.625,-12.09375,0.1279297,0.5537109,0.8759766,128.8438,-36.8125,-23.8125,-0.07421875,0.8808594,-0.2167969,74.03125,-62.09375,-2.09375,131.3842,52.28349,166.8606,125.5249,51.23064,166.2312
644.1419,0.09863281,0.9072266,-1.170898,-52.09375,14.625,-12.09375,0.1357422,0.3085938,0.01171875,-102.125,-105.4375,-5.15625,-0.07421875,0.8808594,-0.2167969,74.03125,-62.09375,-2.09375,131.3842,52.28349,166.8606,125.5249,51.23064,166.2312
644.1752,0.09863281,0.9072266,-1.170898,-52.09375,14.625,-12.09375,0.1357422,0.3085938,0.01171875,-102.125,-105.4375,-5.15625,-0.07421875,0.8808594,-0.2167969,74.03125,-62.09375,-2.09375,131.3842,52.28349,166.8606,123.6207,57.66246,166.256
644.2093,0.09863281,0.9072266,-1.170898,-52.09375,14.625,-12.09375,0.1357422,0.3085938,0.01171875,-102.125,-105.4375,-5.15625,0.3144531,1.274414,0.5830078,164.8438,-107.5625,-15.40625,131.3842,52.28349,166.8606,123.6207,57.66246,166.256
644.2427,0.09863281,0.9072266,-1.170898,-52.09375,14.625,-12.09375,0.1650391,-0.02148438,-0.6201172,60.21875,153.9063,-25.34375,0.3144531,1.274414,0.5830078,164.8438,-107.5625,-15.40625,127.9892,55.91824,176.3957,123.6207,57.66246,166.256
644.2758,0.09863281,0.9072266,-1.170898,-52.09375,14.625,-12.09375,0.1650391,-0.02148438,-0.6201172,60.21875,153.9063,-25.34375,0.3144531,1.274414,0.5830078,164.8438,-107.5625,-15.40625,127.9892,55.91824,176.3957,108.9074,70.51605,166.3944
644.3092,0.09863281,0.9072266,-1.170898,-52.09375,14.625,-12.09375,0.1650391,-0.02148438,-0.6201172,60.21875,153.9063,-25.34375,0.2021484,1.999023,0.2333984,241.375,-130.6875,-10.40625,127.9892,55.91824,176.3957,108.9074,70.51605,166.3944
644.3418,-0.09375,-0.1386719,-0.8320313,-63.3125,22.6875,63.40625,0.1650391,-0.02148438,-0.6201172,60.21875,153.9063,-25.34375,0.2021484,1.999023,0.2333984,241.375,-130.6875,-10.40625,127.9892,55.91824,176.3957,108.9074,70.51605,166.3944
644.3757,-0.09375,-0.1386719,-0.8320313,-63.3125,22.6875,63.40625,0.1650391,-0.02148438,-0.6201172,60.21875,153.9063,-25.34375,0.2021484,1.999023,0.2333984,241.375,-130.6875,-10.40625,127.9892,55.91824,176.3957,97.62697,85.71067,170.5917
644.4088,-0.09375,-0.1386719,-0.8320313,-63.3125,22.6875,63.40625,-0.2216797,1.055664,-1.210938,199.5625,-398.4063,-37,-0.4365234,0.8818359,-0.6357422,-152.9688,5.84375,-33.34375,127.9892,55.91824,176.3957,97.62697,85.71067,170.5917
644.4418,-0.09375,-0.1386719,-0.8320313,-63.3125,22.6875,63.40625,-0.2216797,1.055664,-1.210938,199.5625,-398.4063,-37,-0.4365234,0.8818359,-0.6357422,-152.9688,5.84375,-33.34375,127.9892,55.91824,176.3957,97.62697,85.71067,170.5917
644.4752,-0.09375,-0.1386719,-0.8320313,-63.3125,22.6875,63.40625,-0.2216797,1.055664,-1.210938,199.5625,-398.4063,-37,-0.4365234,0.8818359,-0.6357422,-152.9688,5.84375,-33.34375,127.9892,55.91824,176.3957,111.5271,45.25307,165.7971
644.5084,-0.09375,-0.1386719,-0.8320313,-63.3125,22.6875,63.40625,-0.2216797,1.055664,-1.210938,199.5625,-398.4063,-37,-0.4365234,0.8818359,-0.6357422,-152.9688,5.84375,-33.34375,127.9892,55.91824,176.3957,111.5271,45.25307,165.7971
644.5422,-0.09375,-0.1386719,-0.8320313,-63.3125,22.6875,63.40625,-0.2216797,1.055664,-1.210938,199.5625,-398.4063,-37,0.08300781,0.4121094,-1.225586,-384.7813,-35.40625,-33.21875,127.9892,55.91824,176.3957,111.5271,45.25307,165.7971
644.5751,0.1386719,0.05957031,0.0546875,-89.3125,-34.875,10.59375,0.5488281,0.78125,-0.00390625,137.5625,-76.84375,-82.03125,0.08300781,0.4121094,-1.225586,-384.7813,-35.40625,-33.21875,170.8601,34.39528,162.7281,186.3496,16.15298,169.5028
644.6084,0.1386719,0.05957031,0.0546875,-89.3125,-34.875,10.59375,0.5556641,0.9794922,0.01074219,144.5313,-17.15625,-65.25,-0.2714844,0.875,-0.7451172,-239.0313,-58.1875,83.125,170.8601,34.39528,162.7281,186.3496,16.15298,169.5028
644.6415,0.1289063,0.3701172,0.009765625,29.90625,-34.5625,21.96875,0.5556641,0.9794922,0.01074219,144.5313,-17.15625,-65.25,-0.2714844,0.875,-0.7451172,-239.0313,-58.1875,83.125,170.8601,34.39528,162.7281,186.3496,16.15298,169.5028
644.6748,0.1289063,0.3701172,0.009765625,29.90625,-34.5625,21.96875,0.5556641,0.9794922,0.01074219,144.5313,-17.15625,-65.25,-0.2714844,0.875,-0.7451172,-239.0313,-58.1875,83.125,186.3406,35.31168,163.6829,196.9415,13.26993,191.9901
644.7084,0.1289063,0.3701172,0.009765625,29.90625,-34.5625,21.96875,0.5556641,0.9794922,0.01074219,144.5313,-17.15625,-65.25,-2,1.999023,-2,957.25,471.3438,-485,186.3406,35.31168,163.6829,196.9415,13.26993,191.9901
644.7417,0.1289063,0.3701172,0.009765625,29.90625,-34.5625,21.96875,0.5556641,0.9794922,0.01074219,144.5313,-17.15625,-65.25,-2,1.999023,-2,957.25,471.3438,-485,186.3406,35.31168,163.6829,196.9415,13.26993,191.9901
644.775,0.3623047,1.072266,0.1689453,-93.21875,-30.34375,0.09375,0.5556641,0.9794922,0.01074219,144.5313,-17.15625,-65.25,-2,1.999023,-2,957.25,471.3438,-485,186.3406,35.31168,163.6829,162.3604,357.5913,178.8104
644.8083,0.3623047,1.072266,0.1689453,-93.21875,-30.34375,0.09375,0.5556641,0.9794922,0.01074219,144.5313,-17.15625,-65.25,0.1484375,1.999023,-0.9824219,-144,-60.9375,-57.03125,186.3406,35.31168,163.6829,162.3604,357.5913,178.8104
644.8417,0.2324219,0.9833984,-1.078125,77.5625,66.8125,-18.875,0.9726563,1.936523,0.9667969,60.46875,-192.8125,-29.3125,0.1484375,1.999023,-0.9824219,-144,-60.9375,-57.03125,186.3406,35.31168,163.6829,162.3604,357.5913,178.8104
644.876,0.2324219,0.9833984,-1.078125,77.5625,66.8125,-18.875,0.9726563,1.936523,0.9667969,60.46875,-192.8125,-29.3125,0.1484375,1.999023,-0.9824219,-144,-60.9375,-57.03125,194.4433,47.06687,168.8526,162.3604,357.5913,178.8104
644.9083,0.2324219,0.9833984,-1.078125,77.5625,66.8125,-18.875,-0.1142578,1.750977,-0.5527344,-137.0313,110.3438,62.3125,-0.2802734,1.140625,-0.2578125,65.96875,-4.71875,-91.5625,194.4433,47.06687,168.8526,162.3604,357.5913,178.8104
644.9413,0.1572266,1.052734,-0.09765625,-10.21875,55.90625,18.65625,-0.1142578,1.750977,-0.5527344,-137.0313,110.3438,62.3125,-0.2802734,1.140625,-0.2578125,65.96875,-4.71875,-91.5625,194.4433,47.06687,168.8526,164.1253,346.0648,187.401
644.9744,0.1572266,1.052734,-0.09765625,-10.21875,55.90625,18.65625,-0.1142578,1.750977,-0.5527344,-137.0313,110.3438,62.3125,-0.2802734,1.140625,-0.2578125,65.96875,-4.71875,-91.5625,194.4433,47.06687,168.8526,165.0047,353.9388,183.3012
645.0082,0.1572266,1.052734,-0.09765625,-10.21875,55.90625,18.65625,-0.1142578,1.750977,-0.5527344,-137.0313,110.3438,62.3125,-0.2802734,1.140625,-0.2578125,65.96875,-4.71875,-91.5625,194.4433,47.06687,168.8526,165.0047,353.9388,183.3012
645.0416,0.1572266,1.052734,-0.09765625,-10.21875,55.90625,18.65625,-0.1142578,1.750977,-0.5527344,-137.0313,110.3438,62.3125,0.00390625,0.9150391,0.4023438,111.25,0.59375,-36.09375,194.4433,47.06687,168.8526,165.0047,353.9388,183.3012
645.075,0.1572266,1.052734,-0.09765625,-10.21875,55.90625,18.65625,-0.4365234,0.1083984,-0.8564453,-63,99.90625,65.34375,0.00390625,0.9150391,0.4023438,111.25,0.59375,-36.09375,166.1303,45.38704,164.6298,138.0353,13.96581,166.0657
645.1079,0.1572266,1.052734,-0.09765625,-10.21875,55.90625,18.65625,-0.4365234,0.1083984,-0.8564453,-63,99.90625,65.34375,-0.7001953,1.999023,0.3486328,263.2813,-63.375,-70.6875,166.1303,45.38704,164.6298,138.0353,13.96581,166.0657
645.1412,0.1572266,1.052734,-0.09765625,-10.21875,55.90625,18.65625,-0.4365234,0.1083984,-0.8564453,-63,99.90625,65.34375,-0.7001953,1.999023,0.3486328,263.2813,-63.375,-70.6875,166.1303,45.38704,164.6298,138.0353,13.96581,166.0657
645.1747,-0.09863281,1.277344,0.05273438,48.375,74.9375,6.8125,-0.2851563,1.957031,1.985352,-119.8125,192.25,-57.3125,-0.7001953,1.999023,0.3486328,263.2813,-63.375,-70.6875,166.1303,45.38704,164.6298,138.0353,13.96581,166.0657
645.2083,-0.09863281,1.277344,0.05273438,48.375,74.9375,6.8125,-0.2851563,1.957031,1.985352,-119.8125,192.25,-57.3125,-0.5253906,1.439453,-2,321.6875,242.5938,-364.8125,166.1303,45.38704,164.6298,138.0353,13.96581,166.0657
645.2409,-0.09863281,1.277344,0.05273438,48.375,74.9375,6.8125,-0.2851563,1.957031,1.985352,-119.8125,192.25,-57.3125,-0.5253906,1.439453,-2,321.6875,242.5938,-364.8125,166.1303,45.38704,164.6298,127.371,23.3921,165.5105
645.2745,-0.1835938,0.5634766,-1.356445,55.59375,33.25,-12.28125,-0.2851563,1.957031,1.985352,-119.8125,192.25,-57.3125,-0.5253906,1.439453,-2,321.6875,242.5938,-364.8125,166.1303,45.38704,164.6298,127.371,23.3921,165.5105
645.308,-0.1835938,0.5634766,-1.356445,55.59375,33.25,-12.28125,-0.2851563,1.957031,1.985352,-119.8125,192.25,-57.3125,1.279297,-0.06152344,-0.9619141,-623.25,193.3438,-70.625,166.1303,45.38704,164.6298,127.371,23.3921,165.5105
645.3416,-0.1835938,0.5634766,-1.356445,55.59375,33.25,-12.28125,-0.2734375,1.142578,-0.9589844,82.03125,2.84375,-57.9375,1.279297,-0.06152344,-0.9619141,-623.25,193.3438,-70.625,166.1303,45.38704,164.6298,127.8478,6.475113,156.0802
645.3748,-0.1835938,0.5634766,-1.356445,55.59375,33.25,-12.28125,-0.2734375,1.142578,-0.9589844,82.03125,2.84375,-57.9375,1.279297,-0.06152344,-0.9619141,-623.25,193.3438,-70.625,166.1303,45.38704,164.6298,160.0252,340.7716,159.1622
645.4086,0.9121094,1.31543,-0.2275391,26.53125,-82.59375,-26.4375,-0.2734375,1.142578,-0.9589844,82.03125,2.84375,-57.9375,1.05957,1.268555,-1.929688,-461.5,230.1563,59.75,166.1303,45.38704,164.6298,160.0252,340.7716,159.1622
645.4418,0.9121094,1.31543,-0.2275391,26.53125,-82.59375,-26.4375,-0.2734375,1.142578,-0.9589844,82.03125,2.84375,-57.9375,1.05957,1.268555,-1.929688,-461.5,230.1563,59.75,166.1303,45.38704,164.6298,160.0252,340.7716,159.1622
645.4749,0.9121094,1.31543,-0.2275391,26.53125,-82.59375,-26.4375,-0.02050781,0.9404297,0.03027344,125.7188,19.625,-77.03125,1.05957,1.268555,-1.929688,-461.5,230.1563,59.75,166.1303,45.38704,164.6298,160.0252,340.7716,159.1622
645.5085,-0.04980469,0.6220703,-0.1650391,-31.375,13.28125,4,-0.02050781,0.9404297,0.03027344,125.7188,19.625,-77.03125,0.5400391,-0.453125,-2,325.1875,-130.6875,66.5625,166.1303,45.38704,164.6298,160.0252,340.7716,159.1622
645.5411,-0.04980469,0.6220703,-0.1650391,-31.375,13.28125,4,-0.02050781,0.9404297,0.03027344,125.7188,19.625,-77.03125,0.5400391,-0.453125,-2,325.1875,-130.6875,66.5625,166.1303,45.38704,164.6298,185.5824,318.3013,171.6195
645.5747,-0.04980469,0.6220703,-0.1650391,-31.375,13.28125,4,-0.02050781,0.9404297,0.03027344,125.7188,19.625,-77.03125,0.5400391,-0.453125,-2,325.1875,-130.6875,66.5625,166.1303,45.38704,164.6298,172.5251,312.5065,161.7771
645.608,-0.04980469,0.6220703,-0.1650391,-31.375,13.28125,4,-0.02050781,0.9404297,0.03027344,125.7188,19.625,-77.03125,0.2832031,1.999023,0.07910156,338,70.96875,278.6563,166.1303,45.38704,164.6298,172.5251,312.5065,161.7771
645.6407,-0.04980469,0.6220703,-0.1650391,-31.375,13.28125,4,-0.02050781,0.9404297,0.03027344,125.7188,19.625,-77.03125,0.2832031,1.999023,0.07910156,338,70.96875,278.6563,200.4838,52.57836,168.9702,172.5251,312.5065,161.7771
645.6745,-0.04980469,0.6220703,-0.1650391,-31.375,13.28125,4,-0.02050781,0.9404297,0.03027344,125.7188,19.625,-77.03125,0.2832031,1.999023,0.07910156,338,70.96875,278.6563,200.4838,52.57836,168.9702,188.9358,304.5557,160.6234
645.7076,0.1054688,0.8291016,-0.1474609,-60,-15.40625,-32.3125,0.8291016,1.347656,-0.328125,-136.125,-157.7813,-19.53125,0.2832031,1.999023,0.07910156,338,70.96875,278.6563,200.4838,52.57836,168.9702,188.9358,304.5557,160.6234
645.7411,0.1054688,0.8291016,-0.1474609,-60,-15.40625,-32.3125,0.8291016,1.347656,-0.328125,-136.125,-157.7813,-19.53125,0.203125,1.000977,-0.5966797,5.53125,246.875,-14.46875,200.4838,52.57836,168.9702,188.9358,304.5557,160.6234
645.7747,-0.3085938,1.157227,-0.6132813,-92.84375,215.75,40.8125,0.8291016,1.347656,-0.328125,-136.125,-157.7813,-19.53125,0.203125,1.000977,-0.5966797,5.53125,246.875,-14.46875,184.8464,55.57298,170.3783,188.9358,304.5557,160.6234
645.8076,-0.3085938,1.157227,-0.6132813,-92.84375,215.75,40.8125,-0.5019531,1.957031,-1.652344,-127.6875,446.2813,36.84375,0.4335938,1.012695,0.4667969,23.78125,27.9375,-21.75,184.8464,55.57298,170.3783,188.9358,304.5557,160.6234
645.841,-0.3085938,1.157227,-0.6132813,-92.84375,215.75,40.8125,-0.5019531,1.957031,-1.652344,-127.6875,446.2813,36.84375,0.4335938,1.012695,0.4667969,23.78125,27.9375,-21.75,184.8464,55.57298,170.3783,178.1532,289.9072,158.3677
645.8745,0.3818359,1.1875,-0.4882813,-68.1875,187.125,-15.59375,-0.5019531,1.957031,-1.652344,-127.6875,446.2813,36.84375,0.4335938,1.012695,0.4667969,23.78125,27.9375,-21.75,184.8464,55.57298,170.3783,181.3826,297.453,161.6531
645.9077,0.3818359,1.1875,-0.4882813,-68.1875,187.125,-15.59375,-0.5019531,1.957031,-1.652344,-127.6875,446.2813,36.84375,-0.01855469,1.678711,0.9550781,199.5,100.3125,-79,184.8464,55.57298,170.3783,181.3826,297.453,161.6531
645.9404,0.3818359,1.1875,-0.4882813,-68.1875,187.125,-15.59375,-0.5019531,1.957031,-1.652344,-127.6875,446.2813,36.84375,-0.01855469,1.678711,0.9550781,199.5,100.3125,-79,184.8464,55.57298,170.3783,181.3826,297.453,161.6531
645.9742,-0.05175781,0.6933594,-0.2763672,45.625,159.1563,-6.5,-0.5019531,1.957031,-1.652344,-127.6875,446.2813,36.84375,-0.01855469,1.678711,0.9550781,199.5,100.3125,-79,184.8464,55.57298,170.3783,174.2506,306.3824,157.5364
646.0077,-0.05175781,0.6933594,-0.2763672,45.625,159.1563,-6.5,-0.5019531,1.957031,-1.652344,-127.6875,446.2813,36.84375,-0.01855469,1.678711,0.9550781,199.5,100.3125,-79,184.8464,55.57298,170.3783,174.2506,306.3824,157.5364
646.0577,-0.05175781,0.6933594,-0.2763672,45.625,159.1563,-6.5,-0.5019531,1.957031,-1.652344,-127.6875,446.2813,36.84375,-0.01855469,1.678711,0.9550781,199.5,100.3125,-79,165.5585,60.18114,160.344,174.2506,306.3824,157.5364
646.0906,-0.05175781,0.6933594,-0.2763672,45.625,159.1563,-6.5,-1.040039,0.2148438,-1.304688,23.46875,403.125,-39.125,1.508789,0.07910156,-2,11.15625,411.375,-247.4063,165.5585,60.18114,160.344,174.2506,306.3824,157.5364
646.1235,-0.05175781,0.6933594,-0.2763672,45.625,159.1563,-6.5,-1.055664,0.05175781,0.08984375,-27.0625,-57.625,161.6563,1.933594,0.4804688,-0.9570313,-191.8438,160.1875,-142.2813,162.1376,25.59759,169.685,139.8369,327.6689,151.9268
646.1568,0.765625,0.828125,-0.4580078,12.1875,35.9375,-4.59375,-1.055664,0.05175781,0.08984375,-27.0625,-57.625,161.6563,1.933594,0.4804688,-0.9570313,-191.8438,160.1875,-142.2813,162.1376,25.59759,169.685,139.8369,327.6689,151.9268
646.1913,0.765625,0.828125,-0.4580078,12.1875,35.9375,-4.59375,-1.055664,0.05175781,0.08984375,-27.0625,-57.625,161.6563,1.933594,0.4804688,-0.9570313,-191.8438,160.1875,-142.2813,162.1376,25.59759,169.685,139.8369,327.6689,151.9268
646.2238,0.2861328,1.80957,-0.9238281,126.0938,198.6563,-66.375,-1.055664,0.05175781,0.08984375,-27.0625,-57.625,161.6563,0.7128906,0.984375,-1.669922,-331.1875,276.0313,-5.625,162.1376,25.59759,169.685,157.4397,303.5954,161.5833
646.2568,0.2861328,1.80957,-0.9238281,126.0938,198.6563,-66.375,-1.055664,0.05175781,0.08984375,-27.0625,-57.625,161.6563,0.7128906,0.984375,-1.669922,-331.1875,276.0313,-5.625,160.6555,39.70718,170.4559,157.4397,303.5954,161.5833
646.2909,0.2861328,1.80957,-0.9238281,126.0938,198.6563,-66.375,-0.2695313,1.141602,-0.06933594,82.3125,95.4375,-53.3125,0.7128906,0.984375,-1.669922,-331.1875,276.0313,-5.625,160.6555,39.70718,170.4559,157.4397,303.5954,161.5833
646.3235,0.2861328,1.80957,-0.9238281,126.0938,198.6563,-66.375,-0.2695313,1.141602,-0.06933594,82.3125,95.4375,-53.3125,0.2568359,-0.3261719,-0.9199219,-88.6875,-313.4375,145.375,160.6555,39.70718,170.4559,185.7558,299.6751,173.7198
646.3566,0.2861328,1.80957,-0.9238281,126.0938,198.6563,-66.375,-0.2695313,1.141602,-0.06933594,82.3125,95.4375,-53.3125,0.2568359,-0.3261719,-0.9199219,-88.6875,-313.4375,145.375,160.6555,39.70718,170.4559,185.7558,299.6751,173.7198
646.3902,0.06054688,0.7714844,-0.1298828,-1.53125,121.75,-51.40625,-0.2695313,1.141602,-0.06933594,82.3125,95.4375,-53.3125,0.2568359,-0.3261719,-0.9199219,-88.6875,-313.4375,145.375,173.9449,56.57405,176.1061,185.7558,299.6751,173.7198
646.4232,0.06054688,0.7714844,-0.1298828,-1.53125,121.75,-51.40625,-0.2695313,1.141602,-0.06933594,82.3125,95.4375,-53.3125,-0.875,-2,1.999023,-628.0625,-32.4375,-145.0938,173.9449,56.57405,176.1061,187.3881,290.1991,188.1203
646.4567,0.06054688,0.7714844,-0.1298828,-1.53125,121.75,-51.40625,0.2724609,1.098633,0.6708984,64.6875,160.5625,-17.90625,-0.875,-2,1.999023,-628.0625,-32.4375,-145.0938,173.9449,56.57405,176.1061,187.3881,290.1991,188.1203
646.49,0.06054688,0.7714844,-0.1298828,-1.53125,121.75,-51.40625,0.2724609,1.098633,0.6708984,64.6875,160.5625,-17.90625,-0.875,-2,1.999023,-628.0625,-32.4375,-145.0938,173.9449,56.57405,176.1061,187.3881,290.1991,188.1203
646.5236,0.06054688,0.7714844,-0.1298828,-1.53125,121.75,-51.40625,0.2724609,1.098633,0.6708984,64.6875,160.5625,-17.90625,-1.333008,1.999023,1.396484,262.8125,-62.5625,-292.875,173.9449,56.57405,176.1061,167.31,291.2097,163.103
646.5568,0.06054688,0.7714844,-0.1298828,-1.53125,121.75,-51.40625,0.2724609,1.098633,0.6708984,64.6875,160.5625,-17.90625,-1.333008,1.999023,1.396484,262.8125,-62.5625,-292.875,173.9449,56.57405,176.1061,167.31,291.2097,163.103
646.5903,0.06054688,0.7714844,-0.1298828,-1.53125,121.75,-51.40625,0.2724609,1.098633,0.6708984,64.6875,160.5625,-17.90625,-1.333008,1.999023,1.396484,262.8125,-62.5625,-292.875,173.9449,56.57405,176.1061,167.31,291.2097,163.103
646.6231,0.06054688,0.7714844,-0.1298828,-1.53125,121.75,-51.40625,0.2724609,1.098633,0.6708984,64.6875,160.5625,-17.90625,-0.2197266,1.02832,-0.4101563,61.6875,-198.75,-48.34375,160.3183,42.83521,184.625,160.1273,287.0653,159.0245
646.6568,0.2314453,1.21875,-0.4111328,-2.28125,115.2813,28.90625,0.2724609,1.098633,0.6708984,64.6875,160.5625,-17.90625,-0.2197266,1.02832,-0.4101563,61.6875,-198.75,-48.34375,150.1201,27.3997,178.8485,160.1273,287.0653,159.0245
646.6903,0.2314453,1.21875,-0.4111328,-2.28125,115.2813,28.90625,-0.2246094,1.09375,-1.039063,-172.9375,314,72.375,-0.2197266,1.02832,-0.4101563,61.6875,-198.75,-48.34375,150.1201,27.3997,178.8485,160.1273,287.0653,159.0245
646.7234,0.002929688,0.7304688,-0.2714844,-21.5,163.75,-51.59375,-0.2246094,1.09375,-1.039063,-172.9375,314,72.375,-0.3125,1.076172,-0.2324219,44.59375,-28.09375,-19.1875,150.1201,27.3997,178.8485,132.7037,348.7265,162.9412
646.7568,0.002929688,0.7304688,-0.2714844,-21.5,163.75,-51.59375,-0.2246094,1.09375,-1.039063,-172.9375,314,72.375,-0.3125,1.076172,-0.2324219,44.59375,-28.09375,-19.1875,150.1201,27.3997,178.8485,132.7037,348.7265,162.9412
646.7896,0.002929688,0.7304688,-0.2714844,-21.5,163.75,-51.59375,-0.2246094,1.09375,-1.039063,-172.9375,314,72.375,-0.3125,1.076172,-0.2324219,44.59375,-28.09375,-19.1875,150.1201,27.3997,178.8485,132.7037,348.7265,162.9412
646.8236,0.002929688,0.7304688,-0.2714844,-21.5,163.75,-51.59375,-0.2246094,1.09375,-1.039063,-172.9375,314,72.375,-0.5800781,1.414063,0.3330078,175.6563,-8.6875,-40.65625,150.1201,27.3997,178.8485,132.1288,349.8357,161.062
646.8565,0.002929688,0.7304688,-0.2714844,-21.5,163.75,-51.59375,-0.2246094,1.09375,-1.039063,-172.9375,314,72.375,-0.5800781,1.414063,0.3330078,175.6563,-8.6875,-40.65625,150.1201,27.3997,178.8485,132.1288,349.8357,161.062
646.89,0.002929688,0.7304688,-0.2714844,-21.5,163.75,-51.59375,0.8408203,1.927734,1.645508,-151.5625,133.0938,115.1563,-0.5800781,1.414063,0.3330078,175.6563,-8.6875,-40.65625,146.2237,8.183758,194.8864,132.1288,349.8357,161.062
646.9229,0.002929688,0.7304688,-0.2714844,-21.5,163.75,-51.59375,0.8408203,1.927734,1.645508,-151.5625,133.0938,115.1563,0.8496094,1.886719,-1.233398,195.7813,-44.15625,-8.6875,146.2237,8.183758,194.8864,113.9289,27.14762,170.015
646.9562,0.002929688,0.7304688,-0.2714844,-21.5,163.75,-51.59375,0.8408203,1.927734,1.645508,-151.5625,133.0938,115.1563,0.8496094,1.886719,-1.233398,195.7813,-44.15625,-8.6875,135.6158,13.74955,187.6877,113.9289,27.14762,170.015
646.9901,0.002929688,0.7304688,-0.2714844,-21.5,163.75,-51.59375,0.7646484,1.844727,-0.421875,-98.59375,278.8438,-150.7813,0.8496094,1.886719,-1.233398,195.7813,-44.15625,-8.6875,135.6158,13.74955,187.6877,113.9289,27.14762,170.015
647.0225,0.002929688,0.7304688,-0.2714844,-21.5,163.75,-51.59375,0.7646484,1.844727,-0.421875,-98.59375,278.8438,-150.7813,0.1445313,0.6210938,-0.5097656,-110.5625,-41.8125,50.03125,135.6158,13.74955,187.6877,95.99138,76.38749,165.3899
647.056,0.002929688,0.7304688,-0.2714844,-21.5,163.75,-51.59375,0.7646484,1.844727,-0.421875,-98.59375,278.8438,-150.7813,0.1445313,0.6210938,-0.5097656,-110.5625,-41.8125,50.03125,135.6158,13.74955,187.6877,95.99138,76.38749,165.3899
647.0902,0.002929688,0.7304688,-0.2714844,-21.5,163.75,-51.59375,0.7646484,1.844727,-0.421875,-98.59375,278.8438,-150.7813,0.1445313,0.6210938,-0.5097656,-110.5625,-41.8125,50.03125,135.6158,13.74955,187.6877,95.99138,76.38749,165.3899
647.1224,0.002929688,0.7304688,-0.2714844,-21.5,163.75,-51.59375,0.7646484,1.844727,-0.421875,-98.59375,278.8438,-150.7813,-0.1181641,0.3554688,-1.074219,-362.875,-15.15625,-65.5625,135.6158,13.74955,187.6877,108.4659,40.95922,166.6964
647.156,0.08496094,0.9199219,-0.4648438,-10.21875,88.78125,-13.5,0.1738281,1.026367,-0.1660156,140.7188,11.46875,-30.46875,-0.1181641,0.3554688,-1.074219,-362.875,-15.15625,-65.5625,135.6158,13.74955,187.6877,108.4659,40.95922,166.6964
647.1894,0.08496094,0.9199219,-0.4648438,-10.21875,88.78125,-13.5,0.1738281,1.026367,-0.1660156,140.7188,11.46875,-30.46875,-0.1181641,0.3554688,-1.074219,-362.875,-15.15625,-65.5625,135.6158,13.74955,187.6877,108.4659,40.95922,166.6964
647.2224,0.08496094,0.9199219,-0.4648438,-10.21875,88.78125,-13.5,0.1738281,1.026367,-0.1660156,140.7188,11.46875,-30.46875,-0.008789063,0.5175781,-1.623047,-353.4688,28.5625,95.625,183.742,22.8936,196.6441,132.7757,15.98022,160.5494
647.256,0.08496094,0.9199219,-0.4648438,-10.21875,88.78125,-13.5,0.1738281,1.026367,-0.1660156,140.7188,11.46875,-30.46875,-0.008789063,0.5175781,-1.623047,-353.4688,28.5625,95.625,183.742,22.8936,196.6441,132.7757,15.98022,160.5494
647.2897,0.08496094,0.9199219,-0.4648438,-10.21875,88.78125,-13.5,0.28125,1.079102,0.1914063,116.1875,9.5,-64.90625,-0.008789063,0.5175781,-1.623047,-353.4688,28.5625,95.625,183.742,22.8936,196.6441,132.7757,15.98022,160.5494
647.3223,0.08496094,0.9199219,-0.4648438,-10.21875,88.78125,-13.5,0.28125,1.079102,0.1914063,116.1875,9.5,-64.90625,0.8623047,1.999023,0.4199219,-64.09375,179.375,-203.1875,183.742,22.8936,196.6441,196.8223,19.26792,188.9591
647.3557,0.08496094,0.9199219,-0.4648438,-10.21875,88.78125,-13.5,0.28125,1.079102,0.1914063,116.1875,9.5,-64.90625,0.8623047,1.999023,0.4199219,-64.09375,179.375,-203.1875,183.742,22.8936,196.6441,196.8223,19.26792,188.9591
647.3893,0.3017578,1.691406,0.0009765625,-45.90625,-24.75,12.125,0.28125,1.079102,0.1914063,116.1875,9.5,-64.90625,0.8623047,1.999023,0.4199219,-64.09375,179.375,-203.1875,183.742,22.8936,196.6441,196.8223,19.26792,188.9591
647.4229,0.3017578,1.691406,0.0009765625,-45.90625,-24.75,12.125,0.28125,1.079102,0.1914063,116.1875,9.5,-64.90625,-0.3710938,1.999023,-2,111.1875,-205.0313,-48.40625,183.742,22.8936,196.6441,170.6706,5.534554,184.4933
647.456,0.3017578,1.691406,0.0009765625,-45.90625,-24.75,12.125,0.28125,1.079102,0.1914063,116.1875,9.5,-64.90625,-0.3710938,1.999023,-2,111.1875,-205.0313,-48.40625,185.831,46.52267,198.8701,170.6706,5.534554,184.4933
647.4891,0.3017578,1.691406,0.0009765625,-45.90625,-24.75,12.125,0.28125,1.079102,0.1914063,116.1875,9.5,-64.90625,-0.3710938,1.999023,-2,111.1875,-205.0313,-48.40625,185.831,46.52267,198.8701,170.6706,5.534554,184.4933
647.5222,0.3017578,1.691406,0.0009765625,-45.90625,-24.75,12.125,0.28125,1.079102,0.1914063,116.1875,9.5,-64.90625,-0.3710938,1.999023,-2,111.1875,-205.0313,-48.40625,185.831,46.52267,198.8701,151.4645,337.2339,185.8484
647.5558,0.3017578,1.691406,0.0009765625,-45.90625,-24.75,12.125,0.28125,1.079102,0.1914063,116.1875,9.5,-64.90625,-0.6425781,-0.05957031,-0.7568359,-60.8125,269.2813,-127.5938,172.2167,42.37536,194.1975,151.4645,337.2339,185.8484
647.5892,0.08691406,1.038086,-0.1337891,-51.65625,60.96875,4.4375,0.28125,1.079102,0.1914063,116.1875,9.5,-64.90625,-0.6425781,-0.05957031,-0.7568359,-60.8125,269.2813,-127.5938,172.2167,42.37536,194.1975,151.4645,337.2339,185.8484
647.6221,0.08691406,1.038086,-0.1337891,-51.65625,60.96875,4.4375,-0.3105469,1.248047,-0.7207031,-177.875,138.7188,54.4375,-0.05273438,0.8466797,0.1201172,57,-25.03125,-12.28125,172.2167,42.37536,194.1975,136.8467,341.2059,173.5174
647.6556,0.08691406,1.038086,-0.1337891,-51.65625,60.96875,4.4375,-0.3105469,1.248047,-0.7207031,-177.875,138.7188,54.4375,-0.05273438,0.8466797,0.1201172,57,-25.03125,-12.28125,172.2167,42.37536,194.1975,136.8467,341.2059,173.5174
647.6896,0.08691406,1.038086,-0.1337891,-51.65625,60.96875,4.4375,-0.3105469,1.248047,-0.7207031,-177.875,138.7188,54.4375,-0.05273438,0.8466797,0.1201172,57,-25.03125,-12.28125,172.2167,42.37536,194.1975,136.8467,341.2059,173.5174
647.7223,-0.1855469,0.5458984,-0.2128906,-8.625,40.8125,-25.40625,-0.3105469,1.248047,-0.7207031,-177.875,138.7188,54.4375,-0.7441406,1.157227,0.1357422,187.5313,22.125,-6.96875,172.2167,42.37536,194.1975,132.9652,0.1556087,177.0899
647.7554,-0.1855469,0.5458984,-0.2128906,-8.625,40.8125,-25.40625,-0.3105469,1.248047,-0.7207031,-177.875,138.7188,54.4375,-0.7441406,1.157227,0.1357422,187.5313,22.125,-6.96875,172.2167,42.37536,194.1975,132.9652,0.1556087,177.0899
647.7892,-0.1855469,0.5458984,-0.2128906,-8.625,40.8125,-25.40625,-0.3105469,1.248047,-0.7207031,-177.875,138.7188,54.4375,-0.7441406,1.157227,0.1357422,187.5313,22.125,-6.96875,172.2167,42.37536,194.1975,132.9652,0.1556087,177.0899
647.8222,-0.1855469,0.5458984,-0.2128906,-8.625,40.8125,-25.40625,-0.3105469,1.248047,-0.7207031,-177.875,138.7188,54.4375,-0.7441406,1.157227,0.1357422,187.5313,22.125,-6.96875,172.2167,42.37536,194.1975,122.3604,11.11765,169.5308
647.8556,-0.1855469,0.5458984,-0.2128906,-8.625,40.8125,-25.40625,-0.3105469,1.248047,-0.7207031,-177.875,138.7188,54.4375,1.770508,1.537109,-1.571289,144.1563,-186.4063,139.5625,172.2167,42.37536,194.1975,122.3604,11.11765,169.5308
647.8892,-0.1855469,0.5458984,-0.2128906,-8.625,40.8125,-25.40625,-0.3105469,1.248047,-0.7207031,-177.875,138.7188,54.4375,1.770508,1.537109,-1.571289,144.1563,-186.4063,139.5625,172.2167,42.37536,194.1975,122.3604,11.11765,169.5308
647.9224,-0.1855469,0.5458984,-0.2128906,-8.625,40.8125,-25.40625,-1.007813,0.2734375,-0.2919922,34.65625,73.90625,-71.3125,0.01757813,0.125,-0.9033203,-241.2813,104.7188,-138.3125,172.2167,42.37536,194.1975,122.3604,11.11765,169.5308
647.9553,-0.1855469,0.5458984,-0.2128906,-8.625,40.8125,-25.40625,-1.007813,0.2734375,-0.2919922,34.65625,73.90625,-71.3125,0.01757813,0.125,-0.9033203,-241.2813,104.7188,-138.3125,172.2167,42.37536,194.1975,110.5936,2.351298,173.6447
647.9888,-0.1855469,0.5458984,-0.2128906,-8.625,40.8125,-25.40625,-1.007813,0.2734375,-0.2919922,34.65625,73.90625,-71.3125,0.01757813,0.125,-0.9033203,-241.2813,104.7188,-138.3125,172.2167,42.37536,194.1975,110.5936,2.351298,173.6447
648.022,-0.1855469,0.5458984,-0.2128906,-8.625,40.8125,-25.40625,-1.007813,0.2734375,-0.2919922,34.65625,73.90625,-71.3125,-0.1503906,0.6054688,-1.636719,-172,45.875,-328.5625,172.2167,42.37536,194.1975,110.5936,2.351298,173.6447
648.0551,-0.1855469,0.5458984,-0.2128906,-8.625,40.8125,-25.40625,-1.007813,0.2734375,-0.2919922,34.65625,73.90625,-71.3125,-0.1503906,0.6054688,-1.636719,-172,45.875,-328.5625,162.8278,30.0785,200.9612,107.5399,342.922,184.1041
648.0888,-0.1855469,0.5458984,-0.2128906,-8.625,40.8125,-25.40625,-1.007813,0.2734375,-0.2919922,34.65625,73.90625,-71.3125,-0.1503906,0.6054688,-1.636719,-172,45.875,-328.5625,162.8278,30.0785,200.9612,107.5399,342.922,184.1041
648.1219,-0.1855469,0.5458984,-0.2128906,-8.625,40.8125,-25.40625,-1.015625,-0.4414063,-0.9404297,164.3438,68.09375,48.625,1.655273,-0.4013672,-1.53418,-245.3125,418.125,-261.9688,162.8278,30.0785,200.9612,126.2267,325.9595,169.3481
648.1555,-0.1855469,0.5458984,-0.2128906,-8.625,40.8125,-25.40625,-1.015625,-0.4414063,-0.9404297,164.3438,68.09375,48.625,1.655273,-0.4013672,-1.53418,-245.3125,418.125,-261.9688,162.8278,30.0785,200.9612,126.2267,325.9595,169.3481
648.1891,-0.1855469,0.5458984,-0.2128906,-8.625,40.8125,-25.40625,-1.015625,-0.4414063,-0.9404297,164.3438,68.09375,48.625,1.655273,-0.4013672,-1.53418,-245.3125,418.125,-261.9688,162.8278,30.0785,200.9612,126.2267,325.9595,169.3481
648.222,-0.1855469,0.5458984,-0.2128906,-8.625,40.8125,-25.40625,-1.015625,-0.4414063,-0.9404297,164.3438,68.09375,48.625,-0.3310547,0.8798828,-0.1425781,-292.3125,196.0938,-246.2188,162.8278,30.0785,200.9612,145.3643,270.7059,169.4479
648.2552,-0.1855469,0.5458984,-0.2128906,-8.625,40.8125,-25.40625,-1.015625,-0.4414063,-0.9404297,164.3438,68.09375,48.625,-0.3310547,0.8798828,-0.1425781,-292.3125,196.0938,-246.2188,162.8278,30.0785,200.9612,145.3643,270.7059,169.4479
648.2884,-0.1855469,0.5458984,-0.2128906,-8.625,40.8125,-25.40625,-1.015625,-0.4414063,-0.9404297,164.3438,68.09375,48.625,-0.3310547,0.8798828,-0.1425781,-292.3125,196.0938,-246.2188,162.8278,30.0785,200.9612,145.3643,270.7059,169.4479
648.3216,0.1669922,0.4091797,0.109375,-16.875,21.90625,-26.9375,-1.015625,-0.4414063,-0.9404297,164.3438,68.09375,48.625,-0.8105469,0.9394531,-0.7568359,98.0625,243.875,-151.125,178.7711,35.59777,192.3901,160.6486,256.2551,152.6076
648.3552,0.1669922,0.4091797,0.109375,-16.875,21.90625,-26.9375,0.4521484,1.066406,-0.2421875,113.1563,-30.96875,-72.90625,-0.8105469,0.9394531,-0.7568359,98.0625,243.875,-151.125,178.7711,35.59777,192.3901,160.6486,256.2551,152.6076
648.3884,0.1669922,0.4091797,0.109375,-16.875,21.90625,-26.9375,0.4521484,1.066406,-0.2421875,113.1563,-30.96875,-72.90625,-0.8105469,0.9394531,-0.7568359,98.0625,243.875,-151.125,178.7711,35.59777,192.3901,160.6486,256.2551,152.6076
648.4219,-0.08789063,0.8339844,0.2578125,-4.65625,-14.96875,-3.1875,0.4521484,1.066406,-0.2421875,113.1563,-30.96875,-72.90625,-0.8105469,0.9394531,-0.7568359,98.0625,243.875,-151.125,194.9448,48.95897,189.5638,160.5087,240.6505,158.8771
648.455,-0.08789063,0.8339844,0.2578125,-4.65625,-14.96875,-3.1875,0.06347656,0.8007813,0.3251953,116.625,31.65625,-34.8125,-0.2666016,1.335938,-0.2509766,-41.75,33,-59.65625,194.9448,48.95897,189.5638,160.5087,240.6505,158.8771
648.4886,-0.08789063,0.8339844,0.2578125,-4.65625,-14.96875,-3.1875,0.06347656,0.8007813,0.3251953,116.625,31.65625,-34.8125,-0.2666016,1.335938,-0.2509766,-41.75,33,-59.65625,194.9448,48.95897,189.5638,160.5087,240.6505,158.8771
648.5217,-0.08789063,0.8339844,0.2578125,-4.65625,-14.96875,-3.1875,0.06347656,0.8007813,0.3251953,116.625,31.65625,-34.8125,-0.06933594,0.7480469,-0.5957031,-25.40625,39.90625,12.875,200.6498,47.6931,189.9742,169.9105,241.7119,150.3596
648.5546,-0.08789063,0.8339844,0.2578125,-4.65625,-14.96875,-3.1875,-0.07617188,1.314453,1.105469,80.375,-74.59375,-12.40625,-0.06933594,0.7480469,-0.5957031,-25.40625,39.90625,12.875,200.6498,47.6931,189.9742,169.9105,241.7119,150.3596
648.5885,-0.08789063,0.8339844,0.2578125,-4.65625,-14.96875,-3.1875,-0.07617188,1.314453,1.105469,80.375,-74.59375,-12.40625,-0.06933594,0.7480469,-0.5957031,-25.40625,39.90625,12.875,200.6498,47.6931,189.9742,169.9105,241.7119,150.3596
648.6218,-0.08789063,0.8339844,0.2578125,-4.65625,-14.96875,-3.1875,-0.07617188,1.314453,1.105469,80.375,-74.59375,-12.40625,-0.3740234,0.9580078,-0.7021484,-60.6875,-81.9375,-46.03125,200.6498,47.6931,189.9742,167.7332,248.5661,156.218
648.6559,-0.2861328,0.9003906,-0.5126953,-7.03125,185.2813,-43.90625,0.1962891,1.003906,-1.341797,-106.8125,265.7188,94.34375,-0.3740234,0.9580078,-0.7021484,-60.6875,-81.9375,-46.03125,200.6498,47.6931,189.9742,167.7332,248.5661,156.218
648.6885,-0.2861328,0.9003906,-0.5126953,-7.03125,185.2813,-43.90625,0.1962891,1.003906,-1.341797,-106.8125,265.7188,94.34375,-0.3740234,0.9580078,-0.7021484,-60.6875,-81.9375,-46.03125,200.6498,47.6931,189.9742,167.7332,248.5661,156.218
648.7213,-0.2861328,0.9003906,-0.5126953,-7.03125,185.2813,-43.90625,0.1962891,1.003906,-1.341797,-106.8125,265.7188,94.34375,-0.2304688,0.9580078,-0.1650391,-20.28125,-67.03125,39,200.6498,47.6931,189.9742,169.8456,251.051,160.4806
648.7545,-0.2861328,0.9003906,-0.5126953,-7.03125,185.2813,-43.90625,0.1962891,1.003906,-1.341797,-106.8125,265.7188,94.34375,-0.2304688,0.9580078,-0.1650391,-20.28125,-67.03125,39,200.6498,47.6931,189.9742,169.8456,251.051,160.4806
648.7885,-0.2861328,0.9003906,-0.5126953,-7.03125,185.2813,-43.90625,-0.6513672,0.8662109,-0.2548828,8.03125,400.25,-29.4375,-0.2304688,0.9580078,-0.1650391,-20.28125,-67.03125,39,200.6498,47.6931,189.9742,169.8456,251.051,160.4806
648.8212,-0.2861328,0.9003906,-0.5126953,-7.03125,185.2813,-43.90625,-0.6513672,0.8662109,-0.2548828,8.03125,400.25,-29.4375,-0.1806641,0.921875,-0.2695313,5.96875,57.0625,-30.53125,200.6498,47.6931,189.9742,166.874,308.1933,193.8366
648.8542,-0.2861328,0.9003906,-0.5126953,-7.03125,185.2813,-43.90625,-0.6513672,0.8662109,-0.2548828,8.03125,400.25,-29.4375,-0.1806641,0.921875,-0.2695313,5.96875,57.0625,-30.53125,186.6107,13.51613,187.6348,166.874,308.1933,193.8366
648.8883,-0.2861328,0.9003906,-0.5126953,-7.03125,185.2813,-43.90625,-0.6513672,0.8662109,-0.2548828,8.03125,400.25,-29.4375,-0.1806641,0.921875,-0.2695313,5.96875,57.0625,-30.53125,186.6107,13.51613,187.6348,166.874,308.1933,193.8366
648.9211,-0.2861328,0.9003906,-0.5126953,-7.03125,185.2813,-43.90625,-0.6513672,0.8662109,-0.2548828,8.03125,400.25,-29.4375,-0.06933594,0.9169922,-0.5332031,-12.40625,11.15625,2.1875,186.6107,13.51613,187.6348,154.9362,335.9061,201.8366
648.9543,-0.2861328,0.9003906,-0.5126953,-7.03125,185.2813,-43.90625,-0.6513672,0.8662109,-0.2548828,8.03125,400.25,-29.4375,-0.06933594,0.9169922,-0.5332031,-12.40625,11.15625,2.1875,188.61,356.1273,182.8992,154.9362,335.9061,201.8366
648.988,-0.2861328,0.9003906,-0.5126953,-7.03125,185.2813,-43.90625,-0.6513672,0.8662109,-0.2548828,8.03125,400.25,-29.4375,-0.06933594,0.9169922,-0.5332031,-12.40625,11.15625,2.1875,188.61,356.1273,182.8992,154.9362,335.9061,201.8366
649.0209,-0.2861328,0.9003906,-0.5126953,-7.03125,185.2813,-43.90625,-0.6513672,0.8662109,-0.2548828,8.03125,400.25,-29.4375,0.06445313,0.8857422,-0.4121094,-25.53125,0.59375,19.21875,188.61,356.1273,182.8992,154.9362,335.9061,201.8366
649.0546,-0.2861328,0.9003906,-0.5126953,-7.03125,185.2813,-43.90625,-0.6513672,0.8662109,-0.2548828,8.03125,400.25,-29.4375,0.06445313,0.8857422,-0.4121094,-25.53125,0.59375,19.21875,188.61,356.1273,182.8992,165.1702,30.04131,211.7736
649.0883,0.1914063,0.7988281,-0.53125,25.0625,80.25,-64.03125,-0.6513672,0.8662109,-0.2548828,8.03125,400.25,-29.4375,0.06445313,0.8857422,-0.4121094,-25.53125,0.59375,19.21875,188.61,356.1273,182.8992,165.1702,30.04131,211.7736
649.1212,0.1914063,0.7988281,-0.53125,25.0625,80.25,-64.03125,-0.6513672,0.8662109,-0.2548828,8.03125,400.25,-29.4375,0.06445313,0.8857422,-0.4121094,-25.53125,0.59375,19.21875,188.61,356.1273,182.8992,165.1702,30.04131,211.7736
649.1547,-0.06347656,0.4121094,-0.5986328,75.71875,18.84375,-39.9375,-0.6513672,0.8662109,-0.2548828,8.03125,400.25,-29.4375,0.06640625,0.7158203,-0.109375,-43.84375,19.09375,10,173.2296,35.0765,162.8011,152.8876,9.354558,183.422
649.1879,-0.06347656,0.4121094,-0.5986328,75.71875,18.84375,-39.9375,-0.1933594,0.9736328,-0.046875,-63.625,65.34375,32.625,0.06640625,0.7158203,-0.109375,-43.84375,19.09375,10,173.2296,35.0765,162.8011,152.8876,9.354558,183.422
649.2214,-0.06347656,0.4121094,-0.5986328,75.71875,18.84375,-39.9375,-0.1933594,0.9736328,-0.046875,-63.625,65.34375,32.625,0.1748047,0.9667969,-0.3144531,-29.25,-2.09375,-8.6875,173.2296,35.0765,162.8011,157.8427,8.34271,183.9059
649.2548,-0.06347656,0.4121094,-0.5986328,75.71875,18.84375,-39.9375,-0.06738281,1.05957,0.4550781,-63,-75.875,45.03125,0.1748047,0.9667969,-0.3144531,-29.25,-2.09375,-8.6875,173.2296,35.0765,162.8011,157.8427,8.34271,183.9059
649.2881,-0.06347656,0.4121094,-0.5986328,75.71875,18.84375,-39.9375,-0.06738281,1.05957,0.4550781,-63,-75.875,45.03125,0.1748047,0.9667969,-0.3144531,-29.25,-2.09375,-8.6875,168.4739,43.22083,164.9059,157.8427,8.34271,183.9059
649.3209,-0.06347656,0.4121094,-0.5986328,75.71875,18.84375,-39.9375,-0.06738281,1.05957,0.4550781,-63,-75.875,45.03125,0.140625,0.9345703,-0.234375,-33.78125,24.59375,-17.15625,168.4739,43.22083,164.9059,157.7754,14.1043,184.7745
649.3542,-0.06835938,0.6435547,-0.6455078,5.90625,27.9375,-33.40625,-0.06738281,1.05957,0.4550781,-63,-75.875,45.03125,0.140625,0.9345703,-0.234375,-33.78125,24.59375,-17.15625,157.5752,50.03623,162.8188,157.7754,14.1043,184.7745
649.3881,-0.06835938,0.6435547,-0.6455078,5.90625,27.9375,-33.40625,-0.06738281,1.05957,0.4550781,-63,-75.875,45.03125,0.140625,0.9345703,-0.234375,-33.78125,24.59375,-17.15625,157.5752,50.03623,162.8188,157.7754,14.1043,184.7745
649.4207,-0.06835938,0.6435547,-0.6455078,5.90625,27.9375,-33.40625,-0.06738281,1.05957,0.4550781,-63,-75.875,45.03125,0.1328125,0.9658203,0.02636719,-23.9375,7.96875,-3.5,145.0727,51.44691,160.4327,142.2396,20.22316,167.8079
649.454,-0.06835938,0.6435547,-0.6455078,5.90625,27.9375,-33.40625,-0.06738281,1.05957,0.4550781,-63,-75.875,45.03125,0.1328125,0.9658203,0.02636719,-23.9375,7.96875,-3.5,145.0727,51.44691,160.4327,142.2396,20.22316,167.8079
649.4881,-0.06835938,0.6435547,-0.6455078,5.90625,27.9375,-33.40625,-0.06738281,1.05957,0.4550781,-63,-75.875,45.03125,0.1328125,0.9658203,0.02636719,-23.9375,7.96875,-3.5,145.0727,51.44691,160.4327,142.2396,20.22316,167.8079
649.5206,-0.06835938,0.6435547,-0.6455078,5.90625,27.9375,-33.40625,-0.06738281,1.05957,0.4550781,-63,-75.875,45.03125,0.1328125,0.9658203,0.02636719,-23.9375,7.96875,-3.5,145.0727,51.44691,160.4327,147.5973,21.9712,166.0994
649.5554,-0.1425781,0.9970703,-0.8867188,-50.75,-6,-8.9375,-0.06738281,1.05957,0.4550781,-63,-75.875,45.03125,0.02441406,0.9648438,0.1083984,-6.78125,-3.375,0.09375,145.0727,51.44691,160.4327,147.5973,21.9712,166.0994
649.5881,-0.1425781,0.9970703,-0.8867188,-50.75,-6,-8.9375,0.1953125,0.6914063,0.6767578,-62.625,27.03125,40.34375,0.02441406,0.9648438,0.1083984,-6.78125,-3.375,0.09375,145.0727,51.44691,160.4327,147.5973,21.9712,166.0994
649.6208,-0.1425781,0.9970703,-0.8867188,-50.75,-6,-8.9375,0.3496094,0.4228516,0.671875,-50.5625,-29.75,20.5,0.1669922,0.9326172,-0.1074219,10.3125,0.96875,6.28125,127.6115,60.41513,164.3166,149.1803,21.67513,164.921
649.6547,-0.078125,0.9169922,-0.5986328,-106.0938,6.9375,2.375,0.3496094,0.4228516,0.671875,-50.5625,-29.75,20.5,0.1669922,0.9326172,-0.1074219,10.3125,0.96875,6.28125,127.6115,60.41513,164.3166,149.1803,21.67513,164.921
649.6874,-0.08105469,0.7998047,-0.5439453,-109.5,0.96875,3.40625,0.6230469,0.4199219,0.8486328,-48.21875,-31.03125,19.53125,0.1669922,0.9326172,-0.1074219,10.3125,0.96875,6.28125,127.6115,60.41513,164.3166,149.1803,21.67513,164.921
649.7208,-0.08105469,0.7998047,-0.5439453,-109.5,0.96875,3.40625,0.6230469,0.4199219,0.8486328,-48.21875,-31.03125,19.53125,0.09667969,1.02832,-0.09863281,3.78125,3.15625,0.65625,127.6115,60.41513,164.3166,131.2252,31.38024,159.9284
649.7542,-0.08105469,0.7998047,-0.5439453,-109.5,0.96875,3.40625,0.6230469,0.4199219,0.8486328,-48.21875,-31.03125,19.53125,0.09667969,1.02832,-0.09863281,3.78125,3.15625,0.65625,122.1399,67.06268,163.1232,131.2252,31.38024,159.9284
649.8227,-0.04394531,1.005859,-0.4179688,-113.25,-5.5625,19.34375,0.6230469,0.4199219,0.8486328,-48.21875,-31.03125,19.53125,0.1787109,1.064453,-0.05566406,2.65625,5.40625,1.15625,122.1399,67.06268,163.1232,131.2252,31.38024,159.9284
649.8243,-0.04394531,1.005859,-0.4179688,-113.25,-5.5625,19.34375,0.6230469,0.4199219,0.8486328,-48.21875,-31.03125,19.53125,0.1787109,1.064453,-0.05566406,2.65625,5.40625,1.15625,122.1399,67.06268,163.1232,131.2252,31.38024,159.9284
649.8547,-0.04394531,1.005859,-0.4179688,-113.25,-5.5625,19.34375,0.6230469,0.4199219,0.8486328,-48.21875,-31.03125,19.53125,0.1787109,1.064453,-0.05566406,2.65625,5.40625,1.15625,111.5805,78.67688,162.9229,126.275,33.95378,155.5894
649.8879,-0.04394531,1.005859,-0.4179688,-113.25,-5.5625,19.34375,0.6230469,0.4199219,0.8486328,-48.21875,-31.03125,19.53125,0.1787109,1.064453,-0.05566406,2.65625,5.40625,1.15625,111.5805,78.67688,162.9229,126.275,33.95378,155.5894
649.9202,0.3691406,0.9736328,-0.1816406,-53.3125,2.25,5.65625,0.3544922,0.3408203,0.7412109,-5.75,21.21875,9.03125,0.2197266,0.875,-0.03515625,4,-1.71875,-3.3125,111.5805,78.67688,162.9229,126.275,33.95378,155.5894
649.9537,0.3691406,0.9736328,-0.1816406,-53.3125,2.25,5.65625,0.3544922,0.3408203,0.7412109,-5.75,21.21875,9.03125,0.2197266,0.875,-0.03515625,4,-1.71875,-3.3125,111.5805,78.67688,162.9229,117.1222,43.8572,149.0623
649.9871,0.3691406,0.9736328,-0.1816406,-53.3125,2.25,5.65625,0.3544922,0.3408203,0.7412109,-5.75,21.21875,9.03125,0.2197266,0.875,-0.03515625,4,-1.71875,-3.3125,111.5805,78.67688,162.9229,117.1222,43.8572,149.0623
650.0204,-0.01367188,0.7392578,-0.02441406,-25.40625,15.78125,6.625,0.3544922,0.3408203,0.7412109,-5.75,21.21875,9.03125,0.09179688,0.9472656,-0.08886719,2.71875,1.3125,-5.25,111.5805,78.67688,162.9229,116.9872,44.29624,148.488
650.054,-0.01367188,0.7392578,-0.02441406,-25.40625,15.78125,6.625,0.3544922,0.3408203,0.7412109,-5.75,21.21875,9.03125,0.09179688,0.9472656,-0.08886719,2.71875,1.3125,-5.25,111.5805,78.67688,162.9229,116.9872,44.29624,148.488
650.0871,-0.01367188,0.7392578,-0.02441406,-25.40625,15.78125,6.625,0.3544922,0.3408203,0.7412109,-5.75,21.21875,9.03125,0.09179688,0.9472656,-0.08886719,2.71875,1.3125,-5.25,111.5805,78.67688,162.9229,116.9872,44.29624,148.488
650.1204,-0.01367188,0.7392578,-0.02441406,-25.40625,15.78125,6.625,0.2714844,0.07128906,0.9589844,-3.5,0,-1.84375,-0.08886719,0.8935547,-0.1259766,1.9375,4.3125,-3.8125,111.5805,78.67688,162.9229,116.9872,44.29624,148.488
650.1546,-0.01367188,0.7392578,-0.02441406,-25.40625,15.78125,6.625,0.2714844,0.07128906,0.9589844,-3.5,0,-1.84375,-0.08886719,0.8935547,-0.1259766,1.9375,4.3125,-3.8125,111.5805,78.67688,162.9229,117.167,45.03076,148.0106
650.1878,-0.01367188,0.7392578,-0.02441406,-25.40625,15.78125,6.625,0.2714844,0.07128906,0.9589844,-3.5,0,-1.84375,-0.08886719,0.8935547,-0.1259766,1.9375,4.3125,-3.8125,105.7672,81.0864,168.2808,117.167,45.03076,148.0106
650.22,-0.01367188,0.7392578,-0.02441406,-25.40625,15.78125,6.625,0.2714844,0.07128906,0.9589844,-3.5,0,-1.84375,0.1064453,0.9072266,-0.2099609,3.65625,3.21875,-1.34375,105.7672,81.0864,168.2808,110.1129,57.30228,148.8262
650.2537,0.2128906,1.094727,0.1708984,8.59375,-2.15625,-4.28125,0.2714844,0.07128906,0.9589844,-3.5,0,-1.84375,0.1064453,0.9072266,-0.2099609,3.65625,3.21875,-1.34375,105.7672,81.0864,168.2808,110.1129,57.30228,148.8262
650.2871,0.2128906,1.094727,0.1708984,8.59375,-2.15625,-4.28125,0.3574219,0.2568359,0.9941406,-4.21875,-0.1875,-2.09375,0.1064453,0.9072266,-0.2099609,3.65625,3.21875,-1.34375,106.1598,81.49732,168.0838,110.1129,57.30228,148.8262
650.3203,0.2128906,1.094727,0.1708984,8.59375,-2.15625,-4.28125,0.3574219,0.2568359,0.9941406,-4.21875,-0.1875,-2.09375,0.08691406,0.8505859,-0.1582031,5.90625,-2.21875,1.6875,106.1598,81.49732,168.0838,109.9645,56.53073,148.7938
650.3542,0.0703125,0.8925781,0.1972656,-23.8125,-12.71875,3.46875,0.3574219,0.2568359,0.9941406,-4.21875,-0.1875,-2.09375,0.08691406,0.8505859,-0.1582031,5.90625,-2.21875,1.6875,106.0842,81.62017,168.4892,109.9645,56.53073,148.7938
650.3871,0.0703125,0.8925781,0.1972656,-23.8125,-12.71875,3.46875,0.4345703,0.3154297,0.9101563,-0.5,-17.53125,1.03125,0.08691406,0.8505859,-0.1582031,5.90625,-2.21875,1.6875,106.0842,81.62017,168.4892,109.9645,56.53073,148.7938
650.42,0.02148438,0.8085938,0.078125,-9.84375,7.90625,7.1875,0.4345703,0.3154297,0.9101563,-0.5,-17.53125,1.03125,0.08496094,0.9394531,-0.09863281,3.21875,-6.0625,2.25,106.0842,81.62017,168.4892,109.9645,56.53073,148.7938
650.4539,0.02148438,0.8085938,0.078125,-9.84375,7.90625,7.1875,0.4345703,0.3154297,0.9101563,-0.5,-17.53125,1.03125,0.08496094,0.9394531,-0.09863281,3.21875,-6.0625,2.25,106.0842,81.62017,168.4892,109.3464,58.34236,149.437
650.487,0.02148438,0.8085938,0.078125,-9.84375,7.90625,7.1875,0.4345703,0.3154297,0.9101563,-0.5,-17.53125,1.03125,0.08496094,0.9394531,-0.09863281,3.21875,-6.0625,2.25,106.0842,81.62017,168.4892,109.3464,58.34236,149.437
650.5201,0.02148438,0.8085938,0.078125,-9.84375,7.90625,7.1875,0.4345703,0.3154297,0.9101563,-0.5,-17.53125,1.03125,0.06738281,1.02832,-0.2363281,-0.6875,-2.21875,-1.125,106.0842,81.62017,168.4892,109.3464,58.34236,149.437
650.5537,0.02148438,0.8085938,0.078125,-9.84375,7.90625,7.1875,0.4345703,0.3154297,0.9101563,-0.5,-17.53125,1.03125,0.06738281,1.02832,-0.2363281,-0.6875,-2.21875,-1.125,106.0842,81.62017,168.4892,109.741,58.89566,149.158
650.5869,0.02148438,0.8085938,0.078125,-9.84375,7.90625,7.1875,0.4345703,0.3154297,0.9101563,-0.5,-17.53125,1.03125,0.06738281,1.02832,-0.2363281,-0.6875,-2.21875,-1.125,106.3856,82.56145,169.1218,109.741,58.89566,149.158
650.6198,0.02148438,0.8085938,0.078125,-9.84375,7.90625,7.1875,0.4345703,0.3154297,0.9101563,-0.5,-17.53125,1.03125,0.07910156,1.026367,-0.140625,-0.1875,-3.1875,1.5625,106.3856,82.56145,169.1218,109.3671,58.12362,149.3051
650.6535,0.1445313,0.9863281,0.1748047,7.84375,-9.125,1.5,0.4345703,0.3154297,0.9101563,-0.5,-17.53125,1.03125,0.1054688,0.9492188,-0.06933594,1.8125,-2.6875,2.96875,106.8651,82.07771,168.5465,109.3671,58.12362,149.3051
650.6869,0.1445313,0.9863281,0.1748047,7.84375,-9.125,1.5,0.4345703,0.3154297,0.9101563,-0.5,-17.53125,1.03125,0.1054688,0.9492188,-0.06933594,1.8125,-2.6875,2.96875,106.8651,82.07771,168.5465,109.3671,58.12362,149.3051
650.7202,0.1445313,0.9863281,0.1748047,7.84375,-9.125,1.5,0.4667969,0.2880859,0.9033203,0.65625,5.40625,1.625,0.1054688,0.9492188,-0.06933594,1.8125,-2.6875,2.96875,106.8651,82.07771,168.5465,109.3671,58.12362,149.3051
650.7542,0.1445313,0.9863281,0.1748047,7.84375,-9.125,1.5,0.4667969,0.2880859,0.9033203,0.65625,5.40625,1.625,0.2392578,1.037109,-0.1982422,0.59375,-2.40625,1.21875,106.8651,82.07771,168.5465,109.843,56.48453,149.4334
650.788,0.1445313,0.9863281,0.1748047,7.84375,-9.125,1.5,0.2421875,0.2333984,0.8974609,2.5,-2.34375,1.09375,0.2392578,1.037109,-0.1982422,0.59375,-2.40625,1.21875,106.7958,80.66457,168.0898,109.843,56.48453,149.4334
650.8202,0.07421875,0.8261719,0.2333984,9.375,-3.1875,0.03125,0.2421875,0.2333984,0.8974609,2.5,-2.34375,1.09375,-0.01464844,0.9648438,-0.1445313,0.78125,2,-0.75,106.7958,80.66457,168.0898,110.1841,57.89035,149.4577
650.8531,0.07421875,0.8261719,0.2333984,9.375,-3.1875,0.03125,0.3789063,0.2519531,0.8964844,-0.125,-8.75,-2.875,-0.01464844,0.9648438,-0.1445313,0.78125,2,-0.75,106.7958,80.66457,168.0898,110.1841,57.89035,149.4577
650.8866,0.07421875,0.8261719,0.2333984,9.375,-3.1875,0.03125,0.3789063,0.2519531,0.8964844,-0.125,-8.75,-2.875,-0.01464844,0.9648438,-0.1445313,0.78125,2,-0.75,106.7958,80.66457,168.0898,110.1841,57.89035,149.4577
650.9196,0.07421875,0.8261719,0.2333984,9.375,-3.1875,0.03125,0.3789063,0.2519531,0.8964844,-0.125,-8.75,-2.875,-0.01464844,0.9648438,-0.1445313,0.78125,2,-0.75,106.7958,80.66457,168.0898,110.147,57.68604,148.7383
650.9534,0.01757813,0.8955078,0.1074219,0.28125,-1.46875,2.5,0.3789063,0.2519531,0.8964844,-0.125,-8.75,-2.875,0.1240234,0.921875,-0.1699219,0.46875,-0.625,-0.125,106.7958,80.66457,168.0898,110.147,57.68604,148.7383
650.9865,0.01757813,0.8955078,0.1074219,0.28125,-1.46875,2.5,0.3789063,0.2519531,0.8964844,-0.125,-8.75,-2.875,0.1240234,0.921875,-0.1699219,0.46875,-0.625,-0.125,106.7958,80.66457,168.0898,110.147,57.68604,148.7383
651.0194,0.01757813,0.8955078,0.1074219,0.28125,-1.46875,2.5,0.3789063,0.2519531,0.8964844,-0.125,-8.75,-2.875,0.1240234,0.921875,-0.1699219,0.46875,-0.625,-0.125,106.7958,80.66457,168.0898,110.147,57.68604,148.7383
651.053,0.01757813,0.8955078,0.1074219,0.28125,-1.46875,2.5,0.3789063,0.2519531,0.8964844,-0.125,-8.75,-2.875,0.1240234,0.921875,-0.1699219,0.46875,-0.625,-0.125,106.7958,80.66457,168.0898,110.0144,57.86771,148.8757
651.0872,0.01757813,0.8955078,0.1074219,0.28125,-1.46875,2.5,0.3427734,0.2519531,0.9189453,0.78125,1.75,0.59375,0.1298828,0.9189453,-0.2089844,0,1.15625,-0.8125,106.7958,80.66457,168.0898,110.0144,57.86771,148.8757
651.119,0.01757813,0.8955078,0.1074219,0.28125,-1.46875,2.5,0.3427734,0.2519531,0.9189453,0.78125,1.75,0.59375,0.1464844,0.9492188,-0.1650391,1.5,-0.1875,0.65625,107.7097,80.23061,167.4109,110.3552,56.13569,148.887
651.1528,0.01757813,0.8955078,0.1074219,0.28125,-1.46875,2.5,0.3613281,0.2792969,0.9404297,0.53125,-3.125,-1,0.1464844,0.9492188,-0.1650391,1.5,-0.1875,0.65625,107.7097,80.23061,167.4109,110.3552,56.13569,148.887
651.1862,0.01757813,0.8955078,0.1074219,0.28125,-1.46875,2.5,0.3613281,0.2792969,0.9404297,0.53125,-3.125,-1,0.1464844,0.9492188,-0.1650391,1.5,-0.1875,0.65625,107.7097,80.23061,167.4109,110.3552,56.13569,148.887
