396.7284,0.04199219,1.011719,0.02148438,8.15625,-2.03125,0.71875,-0.2226563,0.2666016,0.9121094,0.40625,-0.375,0.15625,0.1445313,0.8798828,-0.3291016,-0.5,-3,2.4375,116.586,357.7271,192.2271,73.37331,245.4411,204.9136
396.756,0.04199219,1.011719,0.02148438,8.15625,-2.03125,0.71875,-0.2226563,0.2666016,0.9121094,0.40625,-0.375,0.15625,0.1445313,0.8798828,-0.3291016,-0.5,-3,2.4375,116.586,357.7271,192.2271,73.37331,245.4411,204.9136
396.7644,0.04199219,1.011719,0.02148438,8.15625,-2.03125,0.71875,-0.1708984,0.3066406,1.005859,-0.625,-0.25,0.40625,0.1445313,0.8798828,-0.3291016,-0.5,-3,2.4375,116.5739,357.0577,192.4837,73.37331,245.4411,204.9136
396.7656,0.04199219,1.011719,0.02148438,8.15625,-2.03125,0.71875,-0.1708984,0.3066406,1.005859,-0.625,-0.25,0.40625,0.1445313,0.8798828,-0.3291016,-0.5,-3,2.4375,116.5739,357.0577,192.4837,73.37331,245.4411,204.9136
396.798,0.04199219,1.011719,0.02148438,8.15625,-2.03125,0.71875,-0.1708984,0.3066406,1.005859,-0.625,-0.25,0.40625,0.1445313,0.8798828,-0.3291016,-0.5,-3,2.4375,116.8807,357.0264,192.5034,73.37331,245.4411,204.9136
396.8311,0.04199219,1.011719,0.02148438,8.15625,-2.03125,0.71875,-0.1708984,0.3066406,1.005859,-0.625,-0.25,0.40625,0.1445313,0.8798828,-0.3291016,-0.5,-3,2.4375,116.8807,357.0264,192.5034,73.37331,245.4411,204.9136
396.8646,0.04199219,1.011719,0.02148438,8.15625,-2.03125,0.71875,-0.06347656,0.2568359,0.9824219,-0.3125,-0.4375,0.28125,0.1445313,0.8798828,-0.3291016,-0.5,-3,2.4375,116.8807,357.0264,192.5034,73.37331,245.4411,204.9136
396.898,0.04199219,1.011719,0.02148438,8.15625,-2.03125,0.71875,-0.06347656,0.2568359,0.9824219,-0.3125,-0.4375,0.28125,0.1445313,0.8798828,-0.3291016,-0.5,-3,2.4375,116.9451,356.6318,192.6761,73.37331,245.4411,204.9136
396.9312,0.04199219,1.011719,0.02148438,8.15625,-2.03125,0.71875,-0.046875,0.2558594,0.9550781,0,-0.3125,-0.4375,0.1445313,0.8798828,-0.3291016,-0.5,-3,2.4375,116.9451,356.6318,192.6761,73.37331,245.4411,204.9136
396.9647,0.04199219,1.011719,0.02148438,8.15625,-2.03125,0.71875,-0.046875,0.2558594,0.9550781,0,-0.3125,-0.4375,0.1445313,0.8798828,-0.3291016,-0.5,-3,2.4375,116.9451,356.6318,192.6761,73.37331,245.4411,204.9136
396.9979,0.04199219,1.011719,0.02148438,8.15625,-2.03125,0.71875,-0.046875,0.2558594,0.9550781,0,-0.3125,-0.4375,0.1445313,0.8798828,-0.3291016,-0.5,-3,2.4375,116.8852,356.7999,192.5908,73.37331,245.4411,204.9136
397.0311,0.04199219,1.011719,0.02148438,8.15625,-2.03125,0.71875,-0.046875,0.2558594,0.9550781,0,-0.3125,-0.4375,0.1289063,0.8837891,-0.3818359,0.21875,1.625,-2.46875,116.8852,356.7999,192.5908,73.37331,245.4411,204.9136
397.0647,0.04199219,1.011719,0.02148438,8.15625,-2.03125,0.71875,-0.1484375,0.2919922,0.9316406,-0.25,-1.25,0.09375,0.1289063,0.8837891,-0.3818359,0.21875,1.625,-2.46875,116.8852,356.7999,192.5908,73.37331,245.4411,204.9136
397.0984,0.04199219,1.011719,0.02148438,8.15625,-2.03125,0.71875,-0.1484375,0.2919922,0.9316406,-0.25,-1.25,0.09375,0.1289063,0.8837891,-0.3818359,0.21875,1.625,-2.46875,116.5175,356.9297,192.4996,73.37331,245.4411,204.9136
397.1318,0.04199219,1.011719,0.02148438,8.15625,-2.03125,0.71875,-0.1484375,0.2919922,0.9316406,-0.25,-1.25,0.09375,0.1289063,0.8837891,-0.3818359,0.21875,1.625,-2.46875,116.5175,356.9297,192.4996,73.37331,245.4411,204.9136
397.1652,0.04199219,1.011719,0.02148438,8.15625,-2.03125,0.71875,-0.140625,0.2226563,0.8974609,0.78125,-1.0625,-0.6875,0.1289063,0.8837891,-0.3818359,0.21875,1.625,-2.46875,116.5175,356.9297,192.4996,73.37331,245.4411,204.9136
397.1985,0.04199219,1.011719,0.02148438,8.15625,-2.03125,0.71875,-0.140625,0.2226563,0.8974609,0.78125,-1.0625,-0.6875,0.1289063,0.8837891,-0.3818359,0.21875,1.625,-2.46875,116.5175,356.9297,192.4996,73.37331,245.4411,204.9136
397.2318,0.04199219,1.011719,0.02148438,8.15625,-2.03125,0.71875,-0.1328125,0.2587891,0.8994141,1.3125,-1.65625,-1.78125,0.1289063,0.8837891,-0.3818359,0.21875,1.625,-2.46875,116.5194,357.262,192.4475,73.37331,245.4411,204.9136
397.2651,0.04199219,1.011719,0.02148438,8.15625,-2.03125,0.71875,-0.1328125,0.2587891,0.8994141,1.3125,-1.65625,-1.78125,0.1289063,0.8837891,-0.3818359,0.21875,1.625,-2.46875,116.5194,357.262,192.4475,73.37331,245.4411,204.9136
397.2984,0.04199219,1.011719,0.02148438,8.15625,-2.03125,0.71875,-0.1328125,0.2587891,0.8994141,1.3125,-1.65625,-1.78125,0.1289063,0.8837891,-0.3818359,0.21875,1.625,-2.46875,116.795,357.5632,191.5543,73.37331,245.4411,204.9136
397.3322,0.04199219,1.011719,0.02148438,8.15625,-2.03125,0.71875,-0.2255859,0.2128906,0.9189453,-0.5,0,-0.1875,0.1289063,0.8837891,-0.3818359,0.21875,1.625,-2.46875,116.795,357.5632,191.5543,73.37331,245.4411,204.9136
397.3658,0.04199219,1.011719,0.02148438,8.15625,-2.03125,0.71875,-0.2255859,0.2128906,0.9189453,-0.5,0,-0.1875,0.1289063,0.8837891,-0.3818359,0.21875,1.625,-2.46875,116.795,357.5632,191.5543,73.37331,245.4411,204.9136
397.399,0.04199219,1.011719,0.02148438,8.15625,-2.03125,0.71875,-0.2255859,0.2128906,0.9189453,-0.5,0,-0.1875,0.1289063,0.8837891,-0.3818359,0.21875,1.625,-2.46875,116.7327,357.7447,191.5432,73.37331,245.4411,204.9136
397.4328,0.04199219,1.011719,0.02148438,8.15625,-2.03125,0.71875,-0.1035156,0.08496094,0.9052734,0.78125,-0.1875,-0.125,0.1289063,0.8837891,-0.3818359,0.21875,1.625,-2.46875,116.7327,357.7447,191.5432,73.74345,245.2921,204.0848
397.4659,0.04199219,1.011719,0.02148438,8.15625,-2.03125,0.71875,-0.1035156,0.08496094,0.9052734,0.78125,-0.1875,-0.125,0.1289063,0.8837891,-0.3818359,0.21875,1.625,-2.46875,116.7327,357.7447,191.5432,73.74345,245.2921,204.0848
397.4996,0.04199219,1.011719,0.02148438,8.15625,-2.03125,0.71875,-0.1035156,0.08496094,0.9052734,0.78125,-0.1875,-0.125,0.1289063,0.8837891,-0.3818359,0.21875,1.625,-2.46875,116.7162,357.7664,191.5197,73.74345,245.2921,204.0848
397.5335,0.04199219,1.011719,0.02148438,8.15625,-2.03125,0.71875,-0.1035156,0.08496094,0.9052734,0.78125,-0.1875,-0.125,0.1289063,0.8837891,-0.3818359,0.21875,1.625,-2.46875,116.7162,357.7664,191.5197,73.74345,245.2921,204.0848
397.5668,0.04199219,1.011719,0.02148438,8.15625,-2.03125,0.71875,-0.1035156,0.2265625,0.9931641,0.84375,0.84375,-0.25,0.1103516,0.8144531,-0.4677734,-0.625,1.03125,-1,116.7162,357.7664,191.5197,73.74345,245.2921,204.0848
397.6005,0.04199219,1.011719,0.02148438,8.15625,-2.03125,0.71875,-0.1035156,0.2265625,0.9931641,0.84375,0.84375,-0.25,0.1103516,0.8144531,-0.4677734,-0.625,1.03125,-1,116.8258,357.6808,191.5197,73.74345,245.2921,204.0848
397.6338,0.04199219,1.011719,0.02148438,8.15625,-2.03125,0.71875,-0.07519531,0.2753906,1.045898,-0.25,0.09375,1.15625,0.1103516,0.8144531,-0.4677734,-0.625,1.03125,-1,116.8258,357.6808,191.5197,73.74345,245.2921,204.0848
397.6671,0.04199219,1.011719,0.02148438,8.15625,-2.03125,0.71875,-0.05761719,0.3027344,0.9414063,-1,-1.53125,-1.0625,0.1103516,0.8144531,-0.4677734,-0.625,1.03125,-1,116.8258,357.6808,191.5197,73.74345,245.2921,204.0848
397.7003,0.04199219,1.011719,0.02148438,8.15625,-2.03125,0.71875,-0.05761719,0.3027344,0.9414063,-1,-1.53125,-1.0625,0.1103516,0.8144531,-0.4677734,-0.625,1.03125,-1,116.7232,357.7829,191.4595,73.74345,245.2921,204.0848
397.7339,0.04199219,1.011719,0.02148438,8.15625,-2.03125,0.71875,-0.05761719,0.3027344,0.9414063,-1,-1.53125,-1.0625,0.1103516,0.8144531,-0.4677734,-0.625,1.03125,-1,116.7232,357.7829,191.4595,73.74345,245.2921,204.0848
397.7672,0.04199219,1.011719,0.02148438,8.15625,-2.03125,0.71875,0.04882813,0.3017578,0.9775391,-1.0625,-0.0625,-0.9375,0.1103516,0.8144531,-0.4677734,-0.625,1.03125,-1,116.7232,357.7829,191.4595,73.74345,245.2921,204.0848
397.8008,0.04199219,1.011719,0.02148438,8.15625,-2.03125,0.71875,0.04882813,0.3017578,0.9775391,-1.0625,-0.0625,-0.9375,0.1103516,0.8144531,-0.4677734,-0.625,1.03125,-1,116.9459,357.4329,191.6817,73.74345,245.2921,204.0848
397.834,0.04199219,1.011719,0.02148438,8.15625,-2.03125,0.71875,-0.1230469,0.3457031,0.9814453,0.21875,0,0.34375,0.1103516,0.8144531,-0.4677734,-0.625,1.03125,-1,116.9459,357.4329,191.6817,73.74345,245.2921,204.0848
397.8676,0.04199219,1.011719,0.02148438,8.15625,-2.03125,0.71875,-0.1230469,0.3457031,0.9814453,0.21875,0,0.34375,0.1103516,0.8144531,-0.4677734,-0.625,1.03125,-1,116.9459,357.4329,191.6817,73.74345,245.2921,204.0848
397.9011,0.04199219,1.011719,0.02148438,8.15625,-2.03125,0.71875,-0.1230469,0.3457031,0.9814453,0.21875,0,0.34375,0.1103516,0.8144531,-0.4677734,-0.625,1.03125,-1,116.9639,357.8936,191.497,73.74345,245.2921,204.0848
397.9341,0.04199219,1.011719,0.02148438,8.15625,-2.03125,0.71875,-0.06347656,0.3105469,0.8945313,0.53125,0.28125,-0.5,0.1103516,0.8144531,-0.4677734,-0.625,1.03125,-1,116.9639,357.8936,191.497,73.74345,245.2921,204.0848
397.9674,0.04199219,1.011719,0.02148438,8.15625,-2.03125,0.71875,-0.06347656,0.3105469,0.8945313,0.53125,0.28125,-0.5,0.1103516,0.8144531,-0.4677734,-0.625,1.03125,-1,117.313,357.6922,191.536,73.74345,245.2921,204.0848
398.0009,0.04199219,1.011719,0.02148438,8.15625,-2.03125,0.71875,-0.06347656,0.3105469,0.8945313,0.53125,0.28125,-0.5,0.1103516,0.8144531,-0.4677734,-0.625,1.03125,-1,117.313,357.6922,191.536,73.74345,245.2921,204.0848
398.0347,0.04199219,1.011719,0.02148438,8.15625,-2.03125,0.71875,-0.06347656,0.3105469,0.8945313,0.53125,0.28125,-0.5,0.1103516,0.8144531,-0.4677734,-0.625,1.03125,-1,117.313,357.6922,191.536,73.74345,245.2921,204.0848
398.0681,0.04199219,1.011719,0.02148438,8.15625,-2.03125,0.71875,-0.03710938,0.3300781,0.9931641,-0.375,-0.5,0.53125,0.1103516,0.8144531,-0.4677734,-0.625,1.03125,-1,117.313,357.6922,191.536,73.74345,245.2921,204.0848
398.1019,0.04199219,1.011719,0.02148438,8.15625,-2.03125,0.71875,-0.03710938,0.3300781,0.9931641,-0.375,-0.5,0.53125,0.1103516,0.8144531,-0.4677734,-0.625,1.03125,-1,117.2528,357.8967,191.4696,73.74345,245.2921,204.0848
398.135,0.04199219,1.011719,0.02148438,8.15625,-2.03125,0.71875,-0.0703125,0.3173828,1.013672,-0.625,-0.4375,0.59375,0.1103516,0.8144531,-0.4677734,-0.625,1.03125,-1,117.2528,357.8967,191.4696,73.74345,245.2921,204.0848
398.1681,0.04199219,1.011719,0.02148438,8.15625,-2.03125,0.71875,-0.0703125,0.3173828,1.013672,-0.625,-0.4375,0.59375,0.1103516,0.8144531,-0.4677734,-0.625,1.03125,-1,117.2198,357.8935,191.4682,73.74345,245.2921,204.0848
398.2019,0.04199219,1.011719,0.02148438,8.15625,-2.03125,0.71875,-0.0703125,0.3173828,1.013672,-0.625,-0.4375,0.59375,0.1103516,0.8144531,-0.4677734,-0.625,1.03125,-1,117.2198,357.8935,191.4682,73.74345,245.2921,204.0848
398.2347,0.04199219,1.011719,0.02148438,8.15625,-2.03125,0.71875,-0.1708984,0.4560547,0.9501953,-1.3125,0,0.71875,0.1103516,0.8144531,-0.4677734,-0.625,1.03125,-1,117.2198,357.8935,191.4682,73.74345,245.2921,204.0848
398.2681,0.04199219,1.011719,0.02148438,8.15625,-2.03125,0.71875,-0.1708984,0.4560547,0.9501953,-1.3125,0,0.71875,0.1103516,0.8144531,-0.4677734,-0.625,1.03125,-1,117.2618,357.7075,191.5287,73.74345,245.2921,204.0848
398.3017,0.04199219,1.011719,0.02148438,8.15625,-2.03125,0.71875,-0.1708984,0.4560547,0.9501953,-1.3125,0,0.71875,0.2080078,0.8125,-0.3789063,1.03125,2.3125,-1.84375,117.2618,357.7075,191.5287,73.74345,245.2921,204.0848
398.3347,0.04199219,1.011719,0.02148438,8.15625,-2.03125,0.71875,0.0078125,0.1826172,0.9326172,-0.125,0.65625,0.40625,0.2080078,0.8125,-0.3789063,1.03125,2.3125,-1.84375,117.2618,357.7075,191.5287,73.74345,245.2921,204.0848
398.3683,0.04199219,1.011719,0.02148438,8.15625,-2.03125,0.71875,0.0078125,0.1826172,0.9326172,-0.125,0.65625,0.40625,0.2080078,0.8125,-0.3789063,1.03125,2.3125,-1.84375,117.298,357.3694,191.6232,73.74345,245.2921,204.0848
398.4024,0.04199219,1.011719,0.02148438,8.15625,-2.03125,0.71875,-0.01367188,0.3388672,0.9619141,-0.8125,0.09375,-0.1875,0.2080078,0.8125,-0.3789063,1.03125,2.3125,-1.84375,117.298,357.3694,191.6232,73.74345,245.2921,204.0848
398.4351,0.04199219,1.011719,0.02148438,8.15625,-2.03125,0.71875,-0.01367188,0.3388672,0.9619141,-0.8125,0.09375,-0.1875,0.2080078,0.8125,-0.3789063,1.03125,2.3125,-1.84375,117.3406,357.6162,191.4882,73.74345,245.2921,204.0848
398.4684,0.04199219,1.011719,0.02148438,8.15625,-2.03125,0.71875,-0.01367188,0.3388672,0.9619141,-0.8125,0.09375,-0.1875,0.2080078,0.8125,-0.3789063,1.03125,2.3125,-1.84375,117.3406,357.6162,191.4882,73.74345,245.2921,204.0848
398.5023,0.04199219,1.011719,0.02148438,8.15625,-2.03125,0.71875,-0.1123047,0.1992188,0.9697266,0.21875,0,0.28125,0.2080078,0.8125,-0.3789063,1.03125,2.3125,-1.84375,117.3406,357.6162,191.4882,73.74345,245.2921,204.0848
398.5353,0.04199219,1.011719,0.02148438,8.15625,-2.03125,0.71875,-0.1123047,0.1992188,0.9697266,0.21875,0,0.28125,0.2080078,0.8125,-0.3789063,1.03125,2.3125,-1.84375,117.0329,356.6187,191.8546,73.74345,245.2921,204.0848
398.5688,0.04199219,1.011719,0.02148438,8.15625,-2.03125,0.71875,-0.1123047,0.1992188,0.9697266,0.21875,0,0.28125,0.2080078,0.8125,-0.3789063,1.03125,2.3125,-1.84375,117.0329,356.6187,191.8546,73.74345,245.2921,204.0848
398.6025,0.04199219,1.011719,0.02148438,8.15625,-2.03125,0.71875,-0.1123047,0.1992188,0.9697266,0.21875,0,0.28125,0.2080078,0.8125,-0.3789063,1.03125,2.3125,-1.84375,117.0329,356.6187,191.8546,73.74345,245.2921,204.0848
398.6355,0.04199219,1.011719,0.02148438,8.15625,-2.03125,0.71875,-0.06347656,0.2275391,1.016602,-0.4375,1.3125,0.71875,0.2080078,0.8125,-0.3789063,1.03125,2.3125,-1.84375,117.0329,356.6187,191.8546,73.74345,245.2921,204.0848
398.6689,0.04199219,1.011719,0.02148438,8.15625,-2.03125,0.71875,-0.06347656,0.2275391,1.016602,-0.4375,1.3125,0.71875,0.2080078,0.8125,-0.3789063,1.03125,2.3125,-1.84375,116.8835,356.747,191.8002,73.74345,245.2921,204.0848
398.7028,0.04199219,1.011719,0.02148438,8.15625,-2.03125,0.71875,-0.08398438,0.2226563,0.9335938,0.03125,0.28125,0.34375,0.2080078,0.8125,-0.3789063,1.03125,2.3125,-1.84375,116.8835,356.747,191.8002,73.74345,245.2921,204.0848
398.7357,0.04199219,1.011719,0.02148438,8.15625,-2.03125,0.71875,-0.08398438,0.2226563,0.9335938,0.03125,0.28125,0.34375,0.2080078,0.8125,-0.3789063,1.03125,2.3125,-1.84375,116.703,357.2171,191.5342,73.74345,245.2921,204.0848
398.7691,0.04199219,1.011719,0.02148438,8.15625,-2.03125,0.71875,-0.08398438,0.2226563,0.9335938,0.03125,0.28125,0.34375,0.2080078,0.8125,-0.3789063,1.03125,2.3125,-1.84375,116.703,357.2171,191.5342,73.74345,245.2921,204.0848
398.8027,0.04199219,1.011719,0.02148438,8.15625,-2.03125,0.71875,-0.2666016,0.3564453,1.042969,0.59375,-0.0625,0.09375,0.2080078,0.8125,-0.3789063,1.03125,2.3125,-1.84375,116.703,357.2171,191.5342,73.74345,245.2921,204.0848
398.8355,0.04199219,1.011719,0.02148438,8.15625,-2.03125,0.71875,-0.2666016,0.3564453,1.042969,0.59375,-0.0625,0.09375,0.2080078,0.8125,-0.3789063,1.03125,2.3125,-1.84375,116.6778,357.2508,191.4695,73.74345,245.2921,204.0848
398.8691,0.04199219,1.011719,0.02148438,8.15625,-2.03125,0.71875,-0.2666016,0.3564453,1.042969,0.59375,-0.0625,0.09375,0.2080078,0.8125,-0.3789063,1.03125,2.3125,-1.84375,116.6778,357.2508,191.4695,73.74345,245.2921,204.0848
398.903,0.04199219,1.011719,0.02148438,8.15625,-2.03125,0.71875,-0.1005859,0.2402344,0.9140625,-0.9375,0.40625,-0.5,0.2080078,0.8125,-0.3789063,1.03125,2.3125,-1.84375,116.6778,357.2508,191.4695,73.74345,245.2921,204.0848
398.9362,0.04199219,1.011719,0.02148438,8.15625,-2.03125,0.71875,-0.1005859,0.2402344,0.9140625,-0.9375,0.40625,-0.5,0.2080078,0.8125,-0.3789063,1.03125,2.3125,-1.84375,116.6492,356.8318,191.6323,73.74345,245.2921,204.0848
398.9693,0.04199219,1.011719,0.02148438,8.15625,-2.03125,0.71875,-0.1005859,0.2402344,0.9140625,-0.9375,0.40625,-0.5,0.2080078,0.8125,-0.3789063,1.03125,2.3125,-1.84375,116.6492,356.8318,191.6323,73.74345,245.2921,204.0848
399.0034,0.04199219,1.011719,0.02148438,8.15625,-2.03125,0.71875,-0.06445313,0.2636719,1.03125,-1.0625,-0.875,0.09375,0.2080078,0.8125,-0.3789063,1.03125,2.3125,-1.84375,116.6492,356.8318,191.6323,73.74345,245.2921,204.0848
399.0365,0.04199219,1.011719,0.02148438,8.15625,-2.03125,0.71875,-0.06445313,0.2636719,1.03125,-1.0625,-0.875,0.09375,0.2080078,0.8125,-0.3789063,1.03125,2.3125,-1.84375,116.4652,357.0802,191.4956,73.74345,245.2921,204.0848
399.0701,0.04199219,1.011719,0.02148438,8.15625,-2.03125,0.71875,-0.06445313,0.2636719,1.03125,-1.0625,-0.875,0.09375,0.2080078,0.8125,-0.3789063,1.03125,2.3125,-1.84375,116.4652,357.0802,191.4956,73.74345,245.2921,204.0848
399.1039,0.04199219,1.011719,0.02148438,8.15625,-2.03125,0.71875,0.004882813,0.3291016,1.042969,-0.3125,-0.5625,-0.375,0.2080078,0.8125,-0.3789063,1.03125,2.3125,-1.84375,116.4652,357.0802,191.4956,73.74345,245.2921,204.0848
399.1372,0.04199219,1.011719,0.02148438,8.15625,-2.03125,0.71875,0.004882813,0.3291016,1.042969,-0.3125,-0.5625,-0.375,0.2080078,0.8125,-0.3789063,1.03125,2.3125,-1.84375,116.5373,357.2933,191.4263,73.74345,245.2921,204.0848
399.1704,0.04199219,1.011719,0.02148438,8.15625,-2.03125,0.71875,0.004882813,0.3291016,1.042969,-0.3125,-0.5625,-0.375,0.2080078,0.8125,-0.3789063,1.03125,2.3125,-1.84375,116.5373,357.2933,191.4263,73.74345,245.2921,204.0848
399.204,0.04199219,1.011719,0.02148438,8.15625,-2.03125,0.71875,0.01464844,0.2431641,0.9658203,-0.8125,0.59375,-0.125,0.2080078,0.8125,-0.3789063,1.03125,2.3125,-1.84375,116.5373,357.2933,191.4263,73.74345,245.2921,204.0848
399.2375,0.04199219,1.011719,0.02148438,8.15625,-2.03125,0.71875,0.01464844,0.2431641,0.9658203,-0.8125,0.59375,-0.125,0.2080078,0.8125,-0.3789063,1.03125,2.3125,-1.84375,116.3957,357.3673,191.4143,73.74345,245.2921,204.0848
399.2705,0.04199219,1.011719,0.02148438,8.15625,-2.03125,0.71875,-0.1552734,0.1621094,0.9101563,-0.0625,-0.5625,0.53125,0.2080078,0.8125,-0.3789063,1.03125,2.3125,-1.84375,116.3957,357.3673,191.4143,73.74345,245.2921,204.0848
399.3041,0.04199219,1.011719,0.02148438,8.15625,-2.03125,0.71875,-0.1552734,0.1621094,0.9101563,-0.0625,-0.5625,0.53125,0.2080078,0.8125,-0.3789063,1.03125,2.3125,-1.84375,116.3957,357.3673,191.4143,73.74345,245.2921,204.0848
399.3377,0.04199219,1.011719,0.02148438,8.15625,-2.03125,0.71875,-0.1552734,0.1621094,0.9101563,-0.0625,-0.5625,0.53125,0.2080078,0.8125,-0.3789063,1.03125,2.3125,-1.84375,116.6066,357.2872,191.435,73.74345,245.2921,204.0848
399.3712,0.04199219,1.011719,0.02148438,8.15625,-2.03125,0.71875,-0.09375,0.2158203,0.9208984,-0.5625,-0.75,0.21875,0.2080078,0.8125,-0.3789063,1.03125,2.3125,-1.84375,116.6066,357.2872,191.435,73.74345,245.2921,204.0848
399.4045,0.04199219,1.011719,0.02148438,8.15625,-2.03125,0.71875,-0.09375,0.2158203,0.9208984,-0.5625,-0.75,0.21875,0.2080078,0.8125,-0.3789063,1.03125,2.3125,-1.84375,116.3384,357.4248,191.3454,73.74345,245.2921,204.0848
399.4378,0.04199219,1.011719,0.02148438,8.15625,-2.03125,0.71875,-0.09375,0.2158203,0.9208984,-0.5625,-0.75,0.21875,0.03710938,0.8222656,-0.3232422,-0.75,0.03125,0.65625,116.3384,357.4248,191.3454,73.74345,245.2921,204.0848
399.4709,0.04199219,1.011719,0.02148438,8.15625,-2.03125,0.71875,-0.01953125,0.1953125,0.9287109,-1,0.15625,0.65625,0.03710938,0.8222656,-0.3232422,-0.75,0.03125,0.65625,116.3384,357.4248,191.3454,73.27562,244.9315,203.8681
399.5046,0.04199219,1.011719,0.02148438,8.15625,-2.03125,0.71875,-0.01953125,0.1953125,0.9287109,-1,0.15625,0.65625,0.03710938,0.8222656,-0.3232422,-0.75,0.03125,0.65625,116.0202,357.4138,191.3007,73.27562,244.9315,203.8681
399.5379,0.04199219,1.011719,0.02148438,8.15625,-2.03125,0.71875,-0.01953125,0.1953125,0.9287109,-1,0.15625,0.65625,0.03710938,0.8222656,-0.3232422,-0.75,0.03125,0.65625,116.0202,357.4138,191.3007,73.27562,244.9315,203.8681
399.5989,0.001953125,0.9785156,-0.07226563,-7.15625,2.0625,-0.375,-0.0859375,0.1875,0.9462891,-0.25,0.46875,1.15625,0.03710938,0.8222656,-0.3232422,-0.75,0.03125,0.65625,116.0202,357.4138,191.3007,73.27562,244.9315,203.8681
399.6011,0.001953125,0.9785156,-0.07226563,-7.15625,2.0625,-0.375,-0.0859375,0.1875,0.9462891,-0.25,0.46875,1.15625,0.03710938,0.8222656,-0.3232422,-0.75,0.03125,0.65625,116.0202,357.4138,191.3007,73.27562,244.9315,203.8681
399.6331,0.001953125,0.9785156,-0.07226563,-7.15625,2.0625,-0.375,-0.0859375,0.1875,0.9462891,-0.25,0.46875,1.15625,0.03710938,0.8222656,-0.3232422,-0.75,0.03125,0.65625,115.8529,356.9313,191.4104,73.27562,244.9315,203.8681
399.6661,0.001953125,0.9785156,-0.07226563,-7.15625,2.0625,-0.375,-0.0546875,0.2978516,0.9277344,-0.8125,0.40625,0.40625,0.03710938,0.8222656,-0.3232422,-0.75,0.03125,0.65625,115.8529,356.9313,191.4104,73.27562,244.9315,203.8681
399.6997,0.001953125,0.9785156,-0.07226563,-7.15625,2.0625,-0.375,-0.0546875,0.2978516,0.9277344,-0.8125,0.40625,0.40625,0.03710938,0.8222656,-0.3232422,-0.75,0.03125,0.65625,116.0858,356.8372,191.4435,73.27562,244.9315,203.8681
399.733,0.001953125,0.9785156,-0.07226563,-7.15625,2.0625,-0.375,-0.0546875,0.2978516,0.9277344,-0.8125,0.40625,0.40625,0.03710938,0.8222656,-0.3232422,-0.75,0.03125,0.65625,116.0858,356.8372,191.4435,73.27562,244.9315,203.8681
399.7662,0.001953125,0.9785156,-0.07226563,-7.15625,2.0625,-0.375,-0.1347656,0.2773438,1.003906,0.90625,0.09375,0.34375,0.03710938,0.8222656,-0.3232422,-0.75,0.03125,0.65625,116.0858,356.8372,191.4435,73.27562,244.9315,203.8681
399.8003,0.001953125,0.9785156,-0.07226563,-7.15625,2.0625,-0.375,-0.1347656,0.2773438,1.003906,0.90625,0.09375,0.34375,-0.01660156,0.8222656,-0.3164063,0.34375,0.09375,-1.3125,116.0858,356.8372,191.4435,73.27562,244.9315,203.8681
399.833,0.001953125,0.9785156,-0.07226563,-7.15625,2.0625,-0.375,-0.1347656,0.2773438,1.003906,0.90625,0.09375,0.34375,-0.01660156,0.8222656,-0.3164063,0.34375,0.09375,-1.3125,116.0858,356.8372,191.4435,73.27562,244.9315,203.8681
399.8665,-0.06347656,1.077148,-0.04785156,7.5625,2.5625,0.40625,-0.1347656,0.2773438,1.003906,0.90625,0.09375,0.34375,-0.01660156,0.8222656,-0.3164063,0.34375,0.09375,-1.3125,116.2298,356.8349,191.4751,73.27562,244.9315,203.8681
399.9003,-0.06347656,1.077148,-0.04785156,7.5625,2.5625,0.40625,-0.1347656,0.2773438,1.003906,0.90625,0.09375,0.34375,-0.01660156,0.8222656,-0.3164063,0.34375,0.09375,-1.3125,116.2298,356.8349,191.4751,73.27562,244.9315,203.8681
399.9334,-0.06347656,1.077148,-0.04785156,7.5625,2.5625,0.40625,-0.04589844,0.2421875,0.9121094,0.46875,-0.1875,-0.625,-0.01660156,0.8222656,-0.3164063,0.34375,0.09375,-1.3125,116.2298,356.8349,191.4751,73.27562,244.9315,203.8681
399.9664,-0.06347656,1.077148,-0.04785156,7.5625,2.5625,0.40625,-0.09667969,0.3300781,0.9423828,0.96875,-1.1875,-0.5,-0.01660156,0.8222656,-0.3164063,0.34375,0.09375,-1.3125,115.9388,355.8159,191.8892,73.27562,244.9315,203.8681
400.0005,-0.06347656,1.077148,-0.04785156,7.5625,2.5625,0.40625,-0.09667969,0.3300781,0.9423828,0.96875,-1.1875,-0.5,-0.01660156,0.8222656,-0.3164063,0.34375,0.09375,-1.3125,116.1069,355.7751,191.9133,73.27562,244.9315,203.8681
400.0334,-0.06347656,1.077148,-0.04785156,7.5625,2.5625,0.40625,-0.09667969,0.3300781,0.9423828,0.96875,-1.1875,-0.5,-0.01660156,0.8222656,-0.3164063,0.34375,0.09375,-1.3125,116.1069,355.7751,191.9133,73.27562,244.9315,203.8681
400.0667,-0.06347656,1.077148,-0.04785156,7.5625,2.5625,0.40625,-0.0078125,0.3320313,0.9130859,-0.625,0.78125,0.21875,-0.01660156,0.8222656,-0.3164063,0.34375,0.09375,-1.3125,116.1069,355.7751,191.9133,73.27562,244.9315,203.8681
400.1006,-0.06347656,1.077148,-0.04785156,7.5625,2.5625,0.40625,-0.0078125,0.3320313,0.9130859,-0.625,0.78125,0.21875,-0.01660156,0.8222656,-0.3164063,0.34375,0.09375,-1.3125,116.2177,356.4123,191.6297,73.27562,244.9315,203.8681
400.1335,-0.06347656,1.077148,-0.04785156,7.5625,2.5625,0.40625,-0.0078125,0.3320313,0.9130859,-0.625,0.78125,0.21875,-0.01660156,0.8222656,-0.3164063,0.34375,0.09375,-1.3125,116.2177,356.4123,191.6297,73.27562,244.9315,203.8681
400.1669,-0.06542969,0.9951172,-0.01660156,5.34375,1.3125,1.625,-0.0078125,0.3320313,0.9130859,-0.625,0.78125,0.21875,-0.01660156,0.8222656,-0.3164063,0.34375,0.09375,-1.3125,116.2177,356.4123,191.6297,73.27562,244.9315,203.8681
400.2005,-0.06542969,0.9951172,-0.01660156,5.34375,1.3125,1.625,-0.1191406,0.2333984,0.9238281,0.28125,-0.9375,0.28125,-0.01660156,0.8222656,-0.3164063,0.34375,0.09375,-1.3125,116.2177,356.4123,191.6297,73.27562,244.9315,203.8681
400.2338,-0.06542969,0.9951172,-0.01660156,5.34375,1.3125,1.625,-0.1191406,0.2333984,0.9238281,0.28125,-0.9375,0.28125,-0.01660156,0.8222656,-0.3164063,0.34375,0.09375,-1.3125,116.1753,356.5235,191.5884,73.27562,244.9315,203.8681
400.2668,-0.06542969,0.9951172,-0.01660156,5.34375,1.3125,1.625,-0.1347656,0.3320313,0.9677734,-1.65625,0.65625,0.84375,-0.01660156,0.8222656,-0.3164063,0.34375,0.09375,-1.3125,116.1753,356.5235,191.5884,73.27562,244.9315,203.8681
400.3004,-0.06542969,0.9951172,-0.01660156,5.34375,1.3125,1.625,-0.1347656,0.3320313,0.9677734,-1.65625,0.65625,0.84375,-0.01660156,0.8222656,-0.3164063,0.34375,0.09375,-1.3125,116.0936,355.9588,191.8007,73.27562,244.9315,203.8681
400.3337,-0.06542969,0.9951172,-0.01660156,5.34375,1.3125,1.625,-0.1347656,0.3320313,0.9677734,-1.65625,0.65625,0.84375,-0.01660156,0.8222656,-0.3164063,0.34375,0.09375,-1.3125,116.0936,355.9588,191.8007,73.27562,244.9315,203.8681
400.3673,-0.06542969,0.9951172,-0.01660156,5.34375,1.3125,1.625,0.06445313,0.2451172,0.9248047,-0.1875,0.59375,0.15625,-0.01660156,0.8222656,-0.3164063,0.34375,0.09375,-1.3125,116.0936,355.9588,191.8007,73.27562,244.9315,203.8681
400.4009,-0.06542969,0.9951172,-0.01660156,5.34375,1.3125,1.625,0.06445313,0.2451172,0.9248047,-0.1875,0.59375,0.15625,-0.01660156,0.8222656,-0.3164063,0.34375,0.09375,-1.3125,116.3498,357.0957,191.3431,73.27562,244.9315,203.8681
400.4343,-0.06542969,0.9951172,-0.01660156,5.34375,1.3125,1.625,0.05957031,0.3457031,0.9824219,0.34375,-1.3125,-1.40625,-0.01660156,0.8222656,-0.3164063,0.34375,0.09375,-1.3125,116.3498,357.0957,191.3431,73.27562,244.9315,203.8681
400.4673,-0.06542969,0.9951172,-0.01660156,5.34375,1.3125,1.625,0.05957031,0.3457031,0.9824219,0.34375,-1.3125,-1.40625,-0.01660156,0.8222656,-0.3164063,0.34375,0.09375,-1.3125,116.4987,357.3692,191.262,73.27562,244.9315,203.8681
400.5009,-0.06542969,0.9951172,-0.01660156,5.34375,1.3125,1.625,0.05957031,0.3457031,0.9824219,0.34375,-1.3125,-1.40625,-0.01660156,0.8222656,-0.3164063,0.34375,0.09375,-1.3125,116.4987,357.3692,191.262,73.27562,244.9315,203.8681
400.5339,-0.06542969,0.9951172,-0.01660156,5.34375,1.3125,1.625,0.05957031,0.3457031,0.9824219,0.34375,-1.3125,-1.40625,-0.01660156,0.8222656,-0.3164063,0.34375,0.09375,-1.3125,116.4987,357.3692,191.262,73.27562,244.9315,203.8681
400.5675,-0.06542969,0.9951172,-0.01660156,5.34375,1.3125,1.625,-0.1845703,0.2460938,0.9755859,-1.0625,0.96875,0.84375,-0.01660156,0.8222656,-0.3164063,0.34375,0.09375,-1.3125,116.4987,357.3692,191.262,73.27562,244.9315,203.8681
400.6008,-0.06542969,0.9951172,-0.01660156,5.34375,1.3125,1.625,-0.1845703,0.2460938,0.9755859,-1.0625,0.96875,0.84375,-0.01660156,0.8222656,-0.3164063,0.34375,0.09375,-1.3125,116.6351,356.965,191.4635,73.27562,244.9315,203.8681
400.634,-0.06542969,0.9951172,-0.01660156,5.34375,1.3125,1.625,-0.1845703,0.2460938,0.9755859,-1.0625,0.96875,0.84375,-0.01660156,0.8222656,-0.3164063,0.34375,0.09375,-1.3125,116.6351,356.965,191.4635,73.27562,244.9315,203.8681
400.6677,-0.06542969,0.9951172,-0.01660156,5.34375,1.3125,1.625,-0.06445313,0.3505859,0.9394531,0.09375,-0.1875,-0.1875,-0.01660156,0.8222656,-0.3164063,0.34375,0.09375,-1.3125,116.6351,356.965,191.4635,73.27562,244.9315,203.8681
400.7014,-0.06542969,0.9951172,-0.01660156,5.34375,1.3125,1.625,-0.06445313,0.3505859,0.9394531,0.09375,-0.1875,-0.1875,-0.01660156,0.8222656,-0.3164063,0.34375,0.09375,-1.3125,116.9834,357.1601,191.3941,73.27562,244.9315,203.8681
400.7343,-0.06542969,0.9951172,-0.01660156,5.34375,1.3125,1.625,-0.06445313,0.3505859,0.9394531,0.09375,-0.1875,-0.1875,-0.01660156,0.8222656,-0.3164063,0.34375,0.09375,-1.3125,116.9834,357.1601,191.3941,73.27562,244.9315,203.8681
400.7676,-0.06542969,0.9951172,-0.01660156,5.34375,1.3125,1.625,-0.01269531,0.265625,0.9931641,-0.5625,0.15625,0.71875,-0.01660156,0.8222656,-0.3164063,0.34375,0.09375,-1.3125,116.9834,357.1601,191.3941,73.27562,244.9315,203.8681
400.8015,-0.06542969,0.9951172,-0.01660156,5.34375,1.3125,1.625,-0.01269531,0.265625,0.9931641,-0.5625,0.15625,0.71875,-0.01660156,0.8222656,-0.3164063,0.34375,0.09375,-1.3125,116.8563,357.8118,191.1098,73.27562,244.9315,203.8681
400.8344,-0.06542969,0.9951172,-0.01660156,5.34375,1.3125,1.625,-0.1005859,0.2207031,1.033203,-0.375,-0.5,-0.125,-0.01660156,0.8222656,-0.3164063,0.34375,0.09375,-1.3125,116.8563,357.8118,191.1098,73.27562,244.9315,203.8681
400.8679,-0.06542969,0.9951172,-0.01660156,5.34375,1.3125,1.625,-0.1005859,0.2207031,1.033203,-0.375,-0.5,-0.125,-0.01660156,0.8222656,-0.3164063,0.34375,0.09375,-1.3125,116.9641,358.0228,191.0389,73.27562,244.9315,203.8681
400.9014,-0.06542969,0.9951172,-0.01660156,5.34375,1.3125,1.625,-0.1005859,0.2207031,1.033203,-0.375,-0.5,-0.125,-0.01660156,0.8222656,-0.3164063,0.34375,0.09375,-1.3125,116.9641,358.0228,191.0389,73.27562,244.9315,203.8681
400.9345,-0.06542969,0.9951172,-0.01660156,5.34375,1.3125,1.625,0.0078125,0.2060547,0.9443359,0.90625,0.09375,0,-0.01660156,0.8222656,-0.3164063,0.34375,0.09375,-1.3125,116.9641,358.0228,191.0389,73.27562,244.9315,203.8681
400.9681,0.09082031,1.040039,0.09667969,-4.65625,-0.1875,-1.34375,0.0078125,0.2060547,0.9443359,0.90625,0.09375,0,-0.01660156,0.8222656,-0.3164063,0.34375,0.09375,-1.3125,116.9803,358.893,190.6524,73.27562,244.9315,203.8681
401.0017,0.09082031,1.040039,0.09667969,-4.65625,-0.1875,-1.34375,0.0078125,0.2060547,0.9443359,0.90625,0.09375,0,-0.01660156,0.8222656,-0.3164063,0.34375,0.09375,-1.3125,116.9803,358.893,190.6524,73.27562,244.9315,203.8681
401.0348,0.09082031,1.040039,0.09667969,-4.65625,-0.1875,-1.34375,-0.1064453,0.2236328,0.9638672,1.21875,-0.9375,-0.4375,-0.01660156,0.8222656,-0.3164063,0.34375,0.09375,-1.3125,116.9803,358.893,190.6524,73.27562,244.9315,203.8681
401.0683,0.09082031,1.040039,0.09667969,-4.65625,-0.1875,-1.34375,-0.1064453,0.2236328,0.9638672,1.21875,-0.9375,-0.4375,-0.01660156,0.8222656,-0.3164063,0.34375,0.09375,-1.3125,116.9344,359.2984,191.7115,73.27562,244.9315,203.8681
401.1017,0.09082031,1.040039,0.09667969,-4.65625,-0.1875,-1.34375,-0.06152344,0.1738281,0.9169922,-1.40625,-0.0625,-1.1875,-0.01660156,0.8222656,-0.3164063,0.34375,0.09375,-1.3125,116.9344,359.2984,191.7115,73.27562,244.9315,203.8681
401.1346,0.09082031,1.040039,0.09667969,-4.65625,-0.1875,-1.34375,-0.06152344,0.1738281,0.9169922,-1.40625,-0.0625,-1.1875,-0.01660156,0.8222656,-0.3164063,0.34375,0.09375,-1.3125,116.9255,358.5429,192.0909,73.27562,244.9315,203.8681
401.1684,0.09082031,1.040039,0.09667969,-4.65625,-0.1875,-1.34375,-0.06152344,0.1738281,0.9169922,-1.40625,-0.0625,-1.1875,0.1445313,0.9482422,-0.328125,-0.625,1.375,0,116.9255,358.5429,192.0909,73.27562,244.9315,203.8681
401.2019,0.09082031,1.040039,0.09667969,-4.65625,-0.1875,-1.34375,-0.02734375,0.2988281,0.9580078,-0.9375,-0.875,0.34375,0.1445313,0.9482422,-0.328125,-0.625,1.375,0,116.9255,358.5429,192.0909,75.15856,247.8619,204.8122
401.2347,0.09082031,1.040039,0.09667969,-4.65625,-0.1875,-1.34375,-0.02734375,0.2988281,0.9580078,-0.9375,-0.875,0.34375,0.1445313,0.9482422,-0.328125,-0.625,1.375,0,116.9333,358.5242,192.1121,75.15856,247.8619,204.8122
401.2684,0.09082031,1.040039,0.09667969,-4.65625,-0.1875,-1.34375,-0.02734375,0.2988281,0.9580078,-0.9375,-0.875,0.34375,0.1445313,0.9482422,-0.328125,-0.625,1.375,0,116.9333,358.5242,192.1121,75.15856,247.8619,204.8122
401.3018,0.09082031,1.040039,0.09667969,-4.65625,-0.1875,-1.34375,0.02539063,0.3173828,0.9101563,-0.75,-0.0625,1.5625,0.1445313,0.9482422,-0.328125,-0.625,1.375,0,116.9333,358.5242,192.1121,75.15856,247.8619,204.8122
401.3348,0.09082031,1.040039,0.09667969,-4.65625,-0.1875,-1.34375,0.02539063,0.3173828,0.9101563,-0.75,-0.0625,1.5625,0.1445313,0.9482422,-0.328125,-0.625,1.375,0,116.8069,359.3723,191.7328,75.15856,247.8619,204.8122
401.3686,0.09082031,1.040039,0.09667969,-4.65625,-0.1875,-1.34375,0.02539063,0.3173828,0.9101563,-0.75,-0.0625,1.5625,0.1445313,0.9482422,-0.328125,-0.625,1.375,0,116.8069,359.3723,191.7328,75.15856,247.8619,204.8122
401.4019,0.09082031,1.040039,0.09667969,-4.65625,-0.1875,-1.34375,-0.02636719,0.2607422,0.9033203,0.53125,0.53125,0,0.1445313,0.9482422,-0.328125,-0.625,1.375,0,116.8069,359.3723,191.7328,75.15856,247.8619,204.8122
401.4357,0.09082031,1.040039,0.09667969,-4.65625,-0.1875,-1.34375,-0.02636719,0.2607422,0.9033203,0.53125,0.53125,0,0.1445313,0.9482422,-0.328125,-0.625,1.375,0,116.7116,359.0783,191.8842,75.15856,247.8619,204.8122
401.4695,0.09082031,1.040039,0.09667969,-4.65625,-0.1875,-1.34375,-0.02636719,0.2607422,0.9033203,0.53125,0.53125,0,0.1445313,0.9482422,-0.328125,-0.625,1.375,0,116.7116,359.0783,191.8842,75.15856,247.8619,204.8122
401.5032,0.09082031,1.040039,0.09667969,-4.65625,-0.1875,-1.34375,-0.08789063,0.2333984,0.9726563,-1,-1.25,0.03125,0.1445313,0.9482422,-0.328125,-0.625,1.375,0,116.7116,359.0783,191.8842,75.15856,247.8619,204.8122
401.5363,0.09082031,1.040039,0.09667969,-4.65625,-0.1875,-1.34375,-0.08789063,0.2333984,0.9726563,-1,-1.25,0.03125,0.1445313,0.9482422,-0.328125,-0.625,1.375,0,116.7116,359.0783,191.8842,75.15856,247.8619,204.8122
401.5703,0.09082031,1.040039,0.09667969,-4.65625,-0.1875,-1.34375,-0.08789063,0.2333984,0.9726563,-1,-1.25,0.03125,0.1445313,0.9482422,-0.328125,-0.625,1.375,0,116.8778,0.07738659,191.4772,75.15856,247.8619,204.8122
401.6036,0.09082031,1.040039,0.09667969,-4.65625,-0.1875,-1.34375,-0.08789063,0.2333984,0.9726563,-1,-1.25,0.03125,0.1445313,0.9482422,-0.328125,-0.625,1.375,0,116.8778,0.07738659,191.4772,75.15856,247.8619,204.8122
401.6367,0.09082031,1.040039,0.09667969,-4.65625,-0.1875,-1.34375,-0.03222656,0.2675781,1.124023,-0.375,-0.75,-1.65625,0.1445313,0.9482422,-0.328125,-0.625,1.375,0,116.8778,0.07738659,191.4772,75.15856,247.8619,204.8122
401.6702,0.09082031,1.040039,0.09667969,-4.65625,-0.1875,-1.34375,-0.03222656,0.2675781,1.124023,-0.375,-0.75,-1.65625,0.1445313,0.9482422,-0.328125,-0.625,1.375,0,116.8778,0.07738659,191.4772,75.15856,247.8619,204.8122
401.7033,0.09082031,1.040039,0.09667969,-4.65625,-0.1875,-1.34375,-0.09179688,0.2128906,0.921875,0,0.28125,0.34375,0.1445313,0.9482422,-0.328125,-0.625,1.375,0,117.084,0.7434095,191.2752,75.15856,247.8619,204.8122
401.7369,0.09082031,1.040039,0.09667969,-4.65625,-0.1875,-1.34375,-0.09179688,0.2128906,0.921875,0,0.28125,0.34375,0.1445313,0.9482422,-0.328125,-0.625,1.375,0,117.0002,1.057131,191.1598,75.15856,247.8619,204.8122
401.7706,0.09082031,1.040039,0.09667969,-4.65625,-0.1875,-1.34375,-0.09179688,0.2128906,0.921875,0,0.28125,0.34375,0.1445313,0.9482422,-0.328125,-0.625,1.375,0,117.0002,1.057131,191.1598,75.15856,247.8619,204.8122
401.804,0.09082031,1.040039,0.09667969,-4.65625,-0.1875,-1.34375,-0.2011719,0.3066406,0.9052734,-0.3125,-1.0625,-0.0625,0.1445313,0.9482422,-0.328125,-0.625,1.375,0,117.0002,1.057131,191.1598,75.15856,247.8619,204.8122
401.8369,0.09082031,1.040039,0.09667969,-4.65625,-0.1875,-1.34375,-0.2011719,0.3066406,0.9052734,-0.3125,-1.0625,-0.0625,0.1445313,0.9482422,-0.328125,-0.625,1.375,0,117.0002,1.057131,191.1598,75.15856,247.8619,204.8122
401.8705,0.09082031,1.040039,0.09667969,-4.65625,-0.1875,-1.34375,-0.2011719,0.3066406,0.9052734,-0.3125,-1.0625,-0.0625,0.1445313,0.9482422,-0.328125,-0.625,1.375,0,117.0544,0.6095085,191.3639,75.15856,247.8619,204.8122
401.9035,0.09082031,1.040039,0.09667969,-4.65625,-0.1875,-1.34375,-0.1757813,0.3310547,0.9697266,0.21875,-0.75,-0.75,0.1445313,0.9482422,-0.328125,-0.625,1.375,0,117.0544,0.6095085,191.3639,75.15856,247.8619,204.8122
401.9369,0.09082031,1.040039,0.09667969,-4.65625,-0.1875,-1.34375,-0.1757813,0.3310547,0.9697266,0.21875,-0.75,-0.75,0.1445313,0.9482422,-0.328125,-0.625,1.375,0,117.2137,0.8149644,191.3203,75.15856,247.8619,204.8122
401.9869,0.09082031,1.040039,0.09667969,-4.65625,-0.1875,-1.34375,-0.1035156,0.3193359,1.015625,0.03125,-0.9375,0.34375,0.1445313,0.9482422,-0.328125,-0.625,1.375,0,117.2137,0.8149644,191.3203,75.15856,247.8619,204.8122
401.9883,0.09082031,1.040039,0.09667969,-4.65625,-0.1875,-1.34375,-0.1035156,0.3193359,1.015625,0.03125,-0.9375,0.34375,0.1445313,0.9482422,-0.328125,-0.625,1.375,0,117.2137,0.8149644,191.3203,75.15856,247.8619,204.8122
402.0203,0.09082031,1.040039,0.09667969,-4.65625,-0.1875,-1.34375,-0.1035156,0.3193359,1.015625,0.03125,-0.9375,0.34375,0.1445313,0.9482422,-0.328125,-0.625,1.375,0,117.2137,0.8149644,191.3203,75.15856,247.8619,204.8122
402.0688,0.09082031,1.040039,0.09667969,-4.65625,-0.1875,-1.34375,-0.1035156,0.3193359,1.015625,0.03125,-0.9375,0.34375,0.1445313,0.9482422,-0.328125,-0.625,1.375,0,117.2834,1.206621,191.1543,75.15856,247.8619,204.8122
402.1193,0.09082031,1.040039,0.09667969,-4.65625,-0.1875,-1.34375,-0.1591797,0.2871094,1.001953,0.03125,-1.46875,-1.125,0.1445313,0.9482422,-0.328125,-0.625,1.375,0,117.2834,1.206621,191.1543,75.15856,247.8619,204.8122
402.1209,0.09082031,1.040039,0.09667969,-4.65625,-0.1875,-1.34375,-0.1591797,0.2871094,1.001953,0.03125,-1.46875,-1.125,0.1445313,0.9482422,-0.328125,-0.625,1.375,0,117.2834,1.206621,191.1543,75.15856,247.8619,204.8122
402.1533,-0.01855469,1.001953,0.01953125,-5.375,1.15625,-1.71875,-0.1591797,0.2871094,1.001953,0.03125,-1.46875,-1.125,0.1445313,0.9482422,-0.328125,-0.625,1.375,0,117.2834,1.206621,191.1543,75.15856,247.8619,204.8122
402.1865,-0.01855469,1.001953,0.01953125,-5.375,1.15625,-1.71875,-0.1591797,0.2871094,1.001953,0.03125,-1.46875,-1.125,0.1445313,0.9482422,-0.328125,-0.625,1.375,0,117.5565,0.5994032,191.4472,75.15856,247.8619,204.8122
402.2195,-0.01855469,1.001953,0.01953125,-5.375,1.15625,-1.71875,0.05078125,0.2529297,1.013672,-0.125,-0.5,0.59375,0.1445313,0.9482422,-0.328125,-0.625,1.375,0,117.5565,0.5994032,191.4472,75.15856,247.8619,204.8122
402.2533,-0.01855469,1.001953,0.01953125,-5.375,1.15625,-1.71875,0.05078125,0.2529297,1.013672,-0.125,-0.5,0.59375,0.1445313,0.9482422,-0.328125,-0.625,1.375,0,117.5565,0.5994032,191.4472,75.15856,247.8619,204.8122
402.2863,-0.01855469,1.001953,0.01953125,-5.375,1.15625,-1.71875,-0.2255859,0.234375,0.9511719,0.03125,-0.75,0.40625,0.1445313,0.9482422,-0.328125,-0.625,1.375,0,117.0199,0.3384703,191.5926,75.15856,247.8619,204.8122
402.3199,-0.01855469,1.001953,0.01953125,-5.375,1.15625,-1.71875,-0.2255859,0.234375,0.9511719,0.03125,-0.75,0.40625,0.1445313,0.9482422,-0.328125,-0.625,1.375,0,116.8601,359.9171,191.7581,75.15856,247.8619,204.8122
402.3528,-0.01855469,1.001953,0.01953125,-5.375,1.15625,-1.71875,-0.2255859,0.234375,0.9511719,0.03125,-0.75,0.40625,0.1445313,0.9482422,-0.328125,-0.625,1.375,0,116.8601,359.9171,191.7581,75.15856,247.8619,204.8122
402.3865,-0.01855469,1.001953,0.01953125,-5.375,1.15625,-1.71875,0.03320313,0.3681641,0.9179688,-1.40625,0.90625,-0.5625,0.1445313,0.9482422,-0.328125,-0.625,1.375,0,116.8601,359.9171,191.7581,75.15856,247.8619,204.8122
402.4193,-0.01855469,1.001953,0.01953125,-5.375,1.15625,-1.71875,0.03320313,0.3681641,0.9179688,-1.40625,0.90625,-0.5625,0.1445313,0.9482422,-0.328125,-0.625,1.375,0,116.8601,359.9171,191.7581,75.15856,247.8619,204.8122
402.4531,-0.01855469,1.001953,0.01953125,-5.375,1.15625,-1.71875,0.03320313,0.3681641,0.9179688,-1.40625,0.90625,-0.5625,0.1445313,0.9482422,-0.328125,-0.625,1.375,0,116.8601,359.9171,191.7581,75.15856,247.8619,204.8122
402.4865,-0.01855469,1.001953,0.01953125,-5.375,1.15625,-1.71875,-0.1269531,0.2373047,0.8759766,1.5,-1.46875,-1.90625,0.1445313,0.9482422,-0.328125,-0.625,1.375,0,117.0444,0.3420846,191.5866,75.15856,247.8619,204.8122
402.5197,-0.01855469,1.001953,0.01953125,-5.375,1.15625,-1.71875,-0.1269531,0.2373047,0.8759766,1.5,-1.46875,-1.90625,0.1445313,0.9482422,-0.328125,-0.625,1.375,0,116.9967,359.4807,191.9864,75.15856,247.8619,204.8122
402.5539,-0.01855469,1.001953,0.01953125,-5.375,1.15625,-1.71875,-0.07324219,0.1445313,0.9501953,1.21875,0.03125,-0.4375,0.1445313,0.9482422,-0.328125,-0.625,1.375,0,116.9967,359.4807,191.9864,75.15856,247.8619,204.8122
402.5865,-0.01855469,1.001953,0.01953125,-5.375,1.15625,-1.71875,-0.046875,0.34375,1.006836,0.21875,-0.1875,-0.4375,0.1445313,0.9482422,-0.328125,-0.625,1.375,0,116.9967,359.4807,191.9864,75.15856,247.8619,204.8122
402.6198,-0.01855469,1.001953,0.01953125,-5.375,1.15625,-1.71875,-0.046875,0.34375,1.006836,0.21875,-0.1875,-0.4375,0.1445313,0.9482422,-0.328125,-0.625,1.375,0,117.1072,359.393,192.0924,75.15856,247.8619,204.8122
402.6533,-0.01855469,1.001953,0.01953125,-5.375,1.15625,-1.71875,-0.046875,0.34375,1.006836,0.21875,-0.1875,-0.4375,0.1445313,0.9482422,-0.328125,-0.625,1.375,0,117.1072,359.393,192.0924,75.15856,247.8619,204.8122
402.6875,-0.01855469,1.001953,0.01953125,-5.375,1.15625,-1.71875,-0.1386719,0.3320313,0.9384766,-0.25,-1.59375,-0.375,0.1445313,0.9482422,-0.328125,-0.625,1.375,0,117.1072,359.393,192.0924,75.15856,247.8619,204.8122
402.7209,-0.01855469,1.001953,0.01953125,-5.375,1.15625,-1.71875,-0.1386719,0.3320313,0.9384766,-0.25,-1.59375,-0.375,0.1445313,0.9482422,-0.328125,-0.625,1.375,0,117.3715,359.1766,192.2763,75.15856,247.8619,204.8122
402.7541,-0.01855469,1.001953,0.01953125,-5.375,1.15625,-1.71875,-0.1386719,0.3320313,0.9384766,-0.25,-1.59375,-0.375,0.1445313,0.9482422,-0.328125,-0.625,1.375,0,117.3715,359.1766,192.2763,75.15856,247.8619,204.8122
402.7874,-0.01855469,1.001953,0.01953125,-5.375,1.15625,-1.71875,-0.1591797,0.1982422,0.8955078,-0.0625,-1.0625,0.15625,0.1445313,0.9482422,-0.328125,-0.625,1.375,0,117.3715,359.1766,192.2763,75.15856,247.8619,204.8122
402.8205,-0.01855469,1.001953,0.01953125,-5.375,1.15625,-1.71875,-0.1591797,0.1982422,0.8955078,-0.0625,-1.0625,0.15625,0.1445313,0.9482422,-0.328125,-0.625,1.375,0,117.2429,358.7135,192.487,75.15856,247.8619,204.8122
402.8543,-0.01855469,1.001953,0.01953125,-5.375,1.15625,-1.71875,-0.08007813,0.2998047,1.017578,0.21875,-0.1875,-0.25,0.1445313,0.9482422,-0.328125,-0.625,1.375,0,117.2429,358.7135,192.487,75.15856,247.8619,204.8122
