796.0133,-0.04101563,0.9589844,-0.05078125,-9.96875,-7.09375,3.65625,-0.2695313,-0.04101563,0.9638672,4.125,-3.3125,-1.78125,0.2529297,1.03418,-0.1923828,-0.25,-1.65625,0,95.83316,221.4772,150.8253,103.0967,273.6256,256.5349
796.047,-0.04101563,0.9589844,-0.05078125,-9.96875,-7.09375,3.65625,-0.2695313,-0.04101563,0.9638672,4.125,-3.3125,-1.78125,0.2529297,1.03418,-0.1923828,-0.25,-1.65625,0,95.83316,221.4772,150.8253,103.0967,273.6256,256.5349
796.0801,-0.04101563,0.9589844,-0.05078125,-9.96875,-7.09375,3.65625,-0.2695313,-0.04101563,0.9638672,4.125,-3.3125,-1.78125,0.2529297,1.03418,-0.1923828,-0.25,-1.65625,0,95.83316,221.4772,150.8253,103.0967,273.6256,256.5349
796.1135,-0.04101563,0.9589844,-0.05078125,-9.96875,-7.09375,3.65625,-0.2695313,-0.04101563,0.9638672,4.125,-3.3125,-1.78125,0.2324219,0.7246094,-0.1923828,-1,-0.5,-0.875,95.83316,221.4772,150.8253,103.0967,273.6256,256.5349
796.1475,-0.04101563,0.9589844,-0.05078125,-9.96875,-7.09375,3.65625,-0.2695313,-0.04101563,0.9638672,4.125,-3.3125,-1.78125,0.2324219,0.7246094,-0.1923828,-1,-0.5,-0.875,95.83316,221.4772,150.8253,103.0967,273.6256,256.5349
796.1808,-0.04101563,0.9589844,-0.05078125,-9.96875,-7.09375,3.65625,-0.4052734,0.02832031,0.8662109,-1.25,-3.3125,1.21875,0.2324219,0.7246094,-0.1923828,-1,-0.5,-0.875,95.83316,221.4772,150.8253,103.0967,273.6256,256.5349
796.2141,-0.04101563,0.9589844,-0.05078125,-9.96875,-7.09375,3.65625,-0.4052734,0.02832031,0.8662109,-1.25,-3.3125,1.21875,0.28125,0.8701172,-0.3085938,0.28125,-1.96875,-2.6875,95.83316,221.4772,150.8253,103.0967,273.6256,256.5349
796.2475,-0.1220703,1.029297,0.02148438,5.84375,5.90625,-9.15625,-0.4052734,0.02832031,0.8662109,-1.25,-3.3125,1.21875,0.28125,0.8701172,-0.3085938,0.28125,-1.96875,-2.6875,95.83316,221.4772,150.8253,103.0967,273.6256,256.5349
796.2808,-0.1220703,1.029297,0.02148438,5.84375,5.90625,-9.15625,-0.3701172,-0.05078125,0.8964844,-2.09375,4.6875,2.3125,0.28125,0.8701172,-0.3085938,0.28125,-1.96875,-2.6875,95.83316,221.4772,150.8253,103.0967,273.6256,256.5349
796.314,-0.1220703,1.029297,0.02148438,5.84375,5.90625,-9.15625,-0.3701172,-0.05078125,0.8964844,-2.09375,4.6875,2.3125,0.28125,0.8701172,-0.3085938,0.28125,-1.96875,-2.6875,95.83316,221.4772,150.8253,103.0967,273.6256,256.5349
796.3475,0.02246094,0.9746094,0.001953125,-3,5.34375,-5.5,-0.3701172,-0.05078125,0.8964844,-2.09375,4.6875,2.3125,0.28125,0.8701172,-0.3085938,0.28125,-1.96875,-2.6875,95.83316,221.4772,150.8253,103.0967,273.6256,256.5349
796.3807,0.02246094,0.9746094,0.001953125,-3,5.34375,-5.5,-0.3701172,-0.05078125,0.8964844,-2.09375,4.6875,2.3125,0.28125,0.8701172,-0.3085938,0.28125,-1.96875,-2.6875,95.83316,221.4772,150.8253,103.0967,273.6256,256.5349
796.4141,-0.05566406,1.012695,0.001953125,6.5625,1.5,-4.46875,-0.3701172,-0.05078125,0.8964844,-2.09375,4.6875,2.3125,0.28125,0.8701172,-0.3085938,0.28125,-1.96875,-2.6875,95.83316,221.4772,150.8253,100.363,270.6968,254.7043
796.4475,-0.05566406,1.012695,0.001953125,6.5625,1.5,-4.46875,-0.3701172,-0.05078125,0.8964844,-2.09375,4.6875,2.3125,0.28125,0.8701172,-0.3085938,0.28125,-1.96875,-2.6875,95.83316,221.4772,150.8253,100.363,270.6968,254.7043
796.4807,-0.05566406,1.012695,0.001953125,6.5625,1.5,-4.46875,-0.3701172,-0.05078125,0.8964844,-2.09375,4.6875,2.3125,0.28125,0.8701172,-0.3085938,0.28125,-1.96875,-2.6875,95.83316,221.4772,150.8253,100.363,270.6968,254.7043
796.514,-0.1279297,0.9423828,0.07324219,-0.625,3.15625,-5.3125,-0.3701172,-0.05078125,0.8964844,-2.09375,4.6875,2.3125,0.28125,0.8701172,-0.3085938,0.28125,-1.96875,-2.6875,95.83316,221.4772,150.8253,101.084,271.3317,255.1687
796.5476,-0.1279297,0.9423828,0.07324219,-0.625,3.15625,-5.3125,-0.3701172,-0.05078125,0.8964844,-2.09375,4.6875,2.3125,0.28125,0.8701172,-0.3085938,0.28125,-1.96875,-2.6875,95.83316,221.4772,150.8253,101.084,271.3317,255.1687
796.5807,-0.1279297,0.9423828,0.07324219,-0.625,3.15625,-5.3125,-0.3701172,-0.05078125,0.8964844,-2.09375,4.6875,2.3125,0.28125,0.8701172,-0.3085938,0.28125,-1.96875,-2.6875,95.83316,221.4772,150.8253,101.084,271.3317,255.1687
796.614,-0.1279297,0.9423828,0.07324219,-0.625,3.15625,-5.3125,-0.3701172,-0.05078125,0.8964844,-2.09375,4.6875,2.3125,0.28125,0.8701172,-0.3085938,0.28125,-1.96875,-2.6875,95.83316,221.4772,150.8253,101.7152,271.7137,255.1664
796.6475,-0.1279297,0.9423828,0.07324219,-0.625,3.15625,-5.3125,-0.3701172,-0.05078125,0.8964844,-2.09375,4.6875,2.3125,0.28125,0.8701172,-0.3085938,0.28125,-1.96875,-2.6875,95.83316,221.4772,150.8253,101.7152,271.7137,255.1664
796.6808,-0.1279297,0.9423828,0.07324219,-0.625,3.15625,-5.3125,-0.3701172,-0.05078125,0.8964844,-2.09375,4.6875,2.3125,0.28125,0.8701172,-0.3085938,0.28125,-1.96875,-2.6875,94.97304,219.7116,152.4036,101.7152,271.7137,255.1664
796.7142,-0.1279297,0.9423828,0.07324219,-0.625,3.15625,-5.3125,-0.3701172,-0.05078125,0.8964844,-2.09375,4.6875,2.3125,0.28125,0.8701172,-0.3085938,0.28125,-1.96875,-2.6875,94.97304,219.7116,152.4036,103.0879,273.6501,256.5
796.7476,-0.1279297,0.9423828,0.07324219,-0.625,3.15625,-5.3125,-0.3701172,-0.05078125,0.8964844,-2.09375,4.6875,2.3125,0.28125,0.8701172,-0.3085938,0.28125,-1.96875,-2.6875,94.83933,219.2635,152.532,103.0879,273.6501,256.5
796.7808,-0.06835938,0.8359375,-0.1298828,13.46875,-12.15625,-8.9375,-0.3701172,-0.05078125,0.8964844,-2.09375,4.6875,2.3125,0.28125,0.8701172,-0.3085938,0.28125,-1.96875,-2.6875,94.83933,219.2635,152.532,102.9898,273.7776,256.7307
796.8142,-0.06835938,0.8359375,-0.1298828,13.46875,-12.15625,-8.9375,-0.3701172,-0.05078125,0.8964844,-2.09375,4.6875,2.3125,0.28125,0.8701172,-0.3085938,0.28125,-1.96875,-2.6875,94.83933,219.2635,152.532,102.9898,273.7776,256.7307
796.8484,-0.06835938,0.8359375,-0.1298828,13.46875,-12.15625,-8.9375,-0.3701172,-0.05078125,0.8964844,-2.09375,4.6875,2.3125,0.3505859,1.037109,-0.25,-0.9375,-2.53125,1.03125,94.65115,220.4604,153.1009,102.9898,273.7776,256.7307
796.8812,-0.06835938,0.8359375,-0.1298828,13.46875,-12.15625,-8.9375,-0.3701172,-0.05078125,0.8964844,-2.09375,4.6875,2.3125,0.3505859,1.037109,-0.25,-0.9375,-2.53125,1.03125,94.65115,220.4604,153.1009,102.6279,273.4415,256.444
796.9146,-0.06835938,0.8359375,-0.1298828,13.46875,-12.15625,-8.9375,-0.3701172,-0.05078125,0.8964844,-2.09375,4.6875,2.3125,0.3505859,1.037109,-0.25,-0.9375,-2.53125,1.03125,94.65115,220.4604,153.1009,102.6279,273.4415,256.444
796.9479,-0.06835938,0.8359375,-0.1298828,13.46875,-12.15625,-8.9375,-0.3701172,-0.05078125,0.8964844,-2.09375,4.6875,2.3125,0.3505859,1.037109,-0.25,-0.9375,-2.53125,1.03125,95.02988,220.7114,152.6361,102.6279,273.4415,256.444
796.981,-0.06835938,0.8359375,-0.1298828,13.46875,-12.15625,-8.9375,-0.3496094,0.03710938,0.9384766,0.78125,-1.125,-0.4375,0.3505859,1.037109,-0.25,-0.9375,-2.53125,1.03125,95.02988,220.7114,152.6361,102.6279,273.4415,256.444
797.0146,-0.06835938,0.8359375,-0.1298828,13.46875,-12.15625,-8.9375,-0.3496094,0.03710938,0.9384766,0.78125,-1.125,-0.4375,0.3505859,1.037109,-0.25,-0.9375,-2.53125,1.03125,94.89195,220.3578,152.678,102.6279,273.4415,256.444
797.0485,-0.06835938,0.8359375,-0.1298828,13.46875,-12.15625,-8.9375,-0.3496094,0.03710938,0.9384766,0.78125,-1.125,-0.4375,0.3505859,1.037109,-0.25,-0.9375,-2.53125,1.03125,94.89195,220.3578,152.678,102.6279,273.4415,256.444
797.0813,-0.06835938,0.8359375,-0.1298828,13.46875,-12.15625,-8.9375,-0.3095703,0.002929688,0.9882813,-1.59375,-0.25,2.0625,0.3505859,1.037109,-0.25,-0.9375,-2.53125,1.03125,94.89195,220.3578,152.678,102.6279,273.4415,256.444
797.1146,-0.06835938,0.8359375,-0.1298828,13.46875,-12.15625,-8.9375,-0.3095703,0.002929688,0.9882813,-1.59375,-0.25,2.0625,0.1064453,0.8242188,-0.1748047,2.3125,-1.65625,-2.75,95.08759,220.5171,152.3671,102.6279,273.4415,256.444
797.1485,-0.08691406,1.020508,0.01171875,-16.96875,6.09375,10.71875,-0.3095703,0.002929688,0.9882813,-1.59375,-0.25,2.0625,0.1064453,0.8242188,-0.1748047,2.3125,-1.65625,-2.75,95.08759,220.5171,152.3671,102.3609,273.1578,256.295
797.1816,-0.08691406,1.020508,0.01171875,-16.96875,6.09375,10.71875,-0.3857422,-0.05664063,0.9130859,0.84375,3.28125,1.5,0.1064453,0.8242188,-0.1748047,2.3125,-1.65625,-2.75,95.08759,220.5171,152.3671,102.3609,273.1578,256.295
797.2149,-0.08691406,1.020508,0.01171875,-16.96875,6.09375,10.71875,-0.3857422,-0.05664063,0.9130859,0.84375,3.28125,1.5,0.1064453,0.8242188,-0.1748047,2.3125,-1.65625,-2.75,95.08759,220.5171,152.3671,102.3609,273.1578,256.295
797.2484,-0.08691406,1.020508,0.01171875,-16.96875,6.09375,10.71875,-0.4472656,-0.01464844,0.9013672,0.65625,2.96875,2,0.1064453,0.8242188,-0.1748047,2.3125,-1.65625,-2.75,95.08759,220.5171,152.3671,102.3609,273.1578,256.295
797.2813,-0.08691406,1.020508,0.01171875,-16.96875,6.09375,10.71875,-0.4472656,-0.01464844,0.9013672,0.65625,2.96875,2,-0.002929688,0.7617188,-0.2851563,0.90625,-0.9375,-2.03125,95.08759,220.5171,152.3671,102.3609,273.1578,256.295
797.3151,-0.1044922,1.048828,0.07519531,-6.90625,5.84375,9.09375,-0.4472656,-0.01464844,0.9013672,0.65625,2.96875,2,-0.002929688,0.7617188,-0.2851563,0.90625,-0.9375,-2.03125,95.08759,220.5171,152.3671,102.3609,273.1578,256.295
797.3487,-0.1044922,1.048828,0.07519531,-6.90625,5.84375,9.09375,-0.4208984,0.001953125,0.9160156,-1.78125,0.53125,1.21875,-0.002929688,0.7617188,-0.2851563,0.90625,-0.9375,-2.03125,95.08759,220.5171,152.3671,102.3609,273.1578,256.295
797.3815,-0.1044922,1.048828,0.07519531,-6.90625,5.84375,9.09375,-0.4208984,0.001953125,0.9160156,-1.78125,0.53125,1.21875,-0.002929688,0.7617188,-0.2851563,0.90625,-0.9375,-2.03125,95.08759,220.5171,152.3671,102.3609,273.1578,256.295
797.415,-0.1044922,1.048828,0.07519531,-6.90625,5.84375,9.09375,-0.4208984,0.001953125,0.9160156,-1.78125,0.53125,1.21875,-0.002929688,0.7617188,-0.2851563,0.90625,-0.9375,-2.03125,95.08759,220.5171,152.3671,101.6436,272.5674,254.8605
797.4483,-0.1044922,1.048828,0.07519531,-6.90625,5.84375,9.09375,-0.2919922,-0.04394531,0.9160156,-0.0625,-2.34375,0,-0.002929688,0.7617188,-0.2851563,0.90625,-0.9375,-2.03125,95.08759,220.5171,152.3671,101.6436,272.5674,254.8605
797.4814,-0.1044922,1.048828,0.07519531,-6.90625,5.84375,9.09375,-0.2919922,-0.04394531,0.9160156,-0.0625,-2.34375,0,0.1757813,1.026367,-0.2451172,4.4375,-1.78125,-1.25,94.69392,221.1145,153.2041,101.6436,272.5674,254.8605
797.5152,-0.1044922,1.048828,0.07519531,-6.90625,5.84375,9.09375,-0.2919922,-0.04394531,0.9160156,-0.0625,-2.34375,0,0.1757813,1.026367,-0.2451172,4.4375,-1.78125,-1.25,94.69392,221.1145,153.2041,101.6436,272.5674,254.8605
797.5488,-0.1044922,1.048828,0.07519531,-6.90625,5.84375,9.09375,-0.3183594,0.01171875,0.9238281,2.84375,-1.25,-2.21875,0.1757813,1.026367,-0.2451172,4.4375,-1.78125,-1.25,94.69392,221.1145,153.2041,101.6436,272.5674,254.8605
797.5816,-0.08984375,0.9912109,0.1943359,-4.21875,-4.40625,-0.3125,-0.3183594,0.01171875,0.9238281,2.84375,-1.25,-2.21875,0.1757813,1.026367,-0.2451172,4.4375,-1.78125,-1.25,94.69392,221.1145,153.2041,101.6436,272.5674,254.8605
797.6148,-0.08984375,0.9912109,0.1943359,-4.21875,-4.40625,-0.3125,-0.3623047,-0.07617188,0.9111328,1.3125,-1,-0.75,0.1757813,1.026367,-0.2451172,4.4375,-1.78125,-1.25,94.69392,221.1145,153.2041,101.6436,272.5674,254.8605
797.6484,-0.08984375,0.9912109,0.1943359,-4.21875,-4.40625,-0.3125,-0.3623047,-0.07617188,0.9111328,1.3125,-1,-0.75,0.1757813,1.026367,-0.2451172,4.4375,-1.78125,-1.25,94.69392,221.1145,153.2041,101.6436,272.5674,254.8605
797.6817,-0.08984375,0.9912109,0.1943359,-4.21875,-4.40625,-0.3125,-0.3623047,-0.07617188,0.9111328,1.3125,-1,-0.75,0.1757813,1.026367,-0.2451172,4.4375,-1.78125,-1.25,94.69392,221.1145,153.2041,101.6436,272.5674,254.8605
797.7155,-0.08984375,0.9912109,0.1943359,-4.21875,-4.40625,-0.3125,-0.3623047,-0.07617188,0.9111328,1.3125,-1,-0.75,0.1757813,1.026367,-0.2451172,4.4375,-1.78125,-1.25,94.69392,221.1145,153.2041,101.6436,272.5674,254.8605
797.7487,-0.08984375,0.9912109,0.1943359,-4.21875,-4.40625,-0.3125,-0.3623047,-0.07617188,0.9111328,1.3125,-1,-0.75,0.1777344,0.9199219,-0.1152344,-0.4375,-2.21875,1.03125,94.69392,221.1145,153.2041,101.6436,272.5674,254.8605
797.7817,-0.08984375,0.9912109,0.1943359,-4.21875,-4.40625,-0.3125,-0.3623047,-0.07617188,0.9111328,1.3125,-1,-0.75,0.1777344,0.9199219,-0.1152344,-0.4375,-2.21875,1.03125,94.69392,221.1145,153.2041,101.6436,272.5674,254.8605
797.8155,-0.08984375,0.9912109,0.1943359,-4.21875,-4.40625,-0.3125,-0.3623047,-0.07617188,0.9111328,1.3125,-1,-0.75,0.1777344,0.9199219,-0.1152344,-0.4375,-2.21875,1.03125,94.69392,221.1145,153.2041,101.6436,272.5674,254.8605
797.849,-0.08984375,0.9912109,0.1943359,-4.21875,-4.40625,-0.3125,-0.3623047,-0.07617188,0.9111328,1.3125,-1,-0.75,0.1777344,0.9199219,-0.1152344,-0.4375,-2.21875,1.03125,94.69392,221.1145,153.2041,101.6436,272.5674,254.8605
797.882,-0.08984375,0.9912109,0.1943359,-4.21875,-4.40625,-0.3125,-0.3623047,-0.07617188,0.9111328,1.3125,-1,-0.75,0.1777344,0.9199219,-0.1152344,-0.4375,-2.21875,1.03125,94.69392,221.1145,153.2041,101.93,272.5082,254.9572
797.9156,-0.08984375,0.9912109,0.1943359,-4.21875,-4.40625,-0.3125,-0.3623047,-0.07617188,0.9111328,1.3125,-1,-0.75,0.1777344,0.9199219,-0.1152344,-0.4375,-2.21875,1.03125,94.69392,221.1145,153.2041,101.93,272.5082,254.9572
797.9492,0.05761719,1.015625,0.2285156,0.21875,4.125,0.40625,-0.3623047,-0.07617188,0.9111328,1.3125,-1,-0.75,0.1777344,0.9199219,-0.1152344,-0.4375,-2.21875,1.03125,94.69392,221.1145,153.2041,101.8047,271.9703,254.4964
797.9821,0.05761719,1.015625,0.2285156,0.21875,4.125,0.40625,-0.3623047,-0.07617188,0.9111328,1.3125,-1,-0.75,0.1777344,0.9199219,-0.1152344,-0.4375,-2.21875,1.03125,94.69392,221.1145,153.2041,101.8047,271.9703,254.4964
798.0157,0.05761719,1.015625,0.2285156,0.21875,4.125,0.40625,-0.3623047,-0.07617188,0.9111328,1.3125,-1,-0.75,0.1777344,0.9199219,-0.1152344,-0.4375,-2.21875,1.03125,94.69392,221.1145,153.2041,101.8047,271.9703,254.4964
798.0488,0.05761719,1.015625,0.2285156,0.21875,4.125,0.40625,-0.3623047,-0.07617188,0.9111328,1.3125,-1,-0.75,0.1777344,0.9199219,-0.1152344,-0.4375,-2.21875,1.03125,94.69392,221.1145,153.2041,101.8047,271.9703,254.4964
798.0818,0.05761719,1.015625,0.2285156,0.21875,4.125,0.40625,-0.3623047,-0.07617188,0.9111328,1.3125,-1,-0.75,0.1777344,0.9199219,-0.1152344,-0.4375,-2.21875,1.03125,94.69392,221.1145,153.2041,101.8047,271.9703,254.4964
798.1159,0.05761719,1.015625,0.2285156,0.21875,4.125,0.40625,-0.3623047,-0.07617188,0.9111328,1.3125,-1,-0.75,0.1777344,0.9199219,-0.1152344,-0.4375,-2.21875,1.03125,94.26186,221.5521,154.2181,101.8047,271.9703,254.4964
798.1487,-0.1025391,0.9667969,0.07324219,4.8125,4.9375,-1.84375,-0.3623047,-0.07617188,0.9111328,1.3125,-1,-0.75,0.1777344,0.9199219,-0.1152344,-0.4375,-2.21875,1.03125,94.26186,221.5521,154.2181,102.1394,272.313,255.2639
798.1819,-0.1025391,0.9667969,0.07324219,4.8125,4.9375,-1.84375,-0.3623047,-0.07617188,0.9111328,1.3125,-1,-0.75,0.1777344,0.9199219,-0.1152344,-0.4375,-2.21875,1.03125,94.2491,221.2552,154.1154,102.1394,272.313,255.2639
798.2156,-0.1025391,0.9667969,0.07324219,4.8125,4.9375,-1.84375,-0.3623047,-0.07617188,0.9111328,1.3125,-1,-0.75,0.1777344,0.9199219,-0.1152344,-0.4375,-2.21875,1.03125,94.2491,221.2552,154.1154,102.1394,272.313,255.2639
798.2488,-0.1025391,0.9667969,0.07324219,4.8125,4.9375,-1.84375,-0.4716797,-0.03320313,0.9677734,0.71875,0.28125,-1.125,0.1777344,0.9199219,-0.1152344,-0.4375,-2.21875,1.03125,94.2491,221.2552,154.1154,102.1394,272.313,255.2639
798.2822,-0.1025391,0.9667969,0.07324219,4.8125,4.9375,-1.84375,-0.4716797,-0.03320313,0.9677734,0.71875,0.28125,-1.125,0.1777344,0.9199219,-0.1152344,-0.4375,-2.21875,1.03125,94.17128,221.1645,154.2823,102.1394,272.313,255.2639
798.3438,-0.07226563,0.9003906,0.06347656,4.9375,5.90625,-0.5625,-0.4716797,-0.03320313,0.9677734,0.71875,0.28125,-1.125,0.1777344,0.9199219,-0.1152344,-0.4375,-2.21875,1.03125,94.17128,221.1645,154.2823,102.2952,272.5128,255.2982
798.3461,-0.07226563,0.9003906,0.06347656,4.9375,5.90625,-0.5625,-0.4716797,-0.03320313,0.9677734,0.71875,0.28125,-1.125,0.1777344,0.9199219,-0.1152344,-0.4375,-2.21875,1.03125,94.17128,221.1645,154.2823,102.2952,272.5128,255.2982
798.3771,-0.07226563,0.9003906,0.06347656,4.9375,5.90625,-0.5625,-0.4716797,-0.03320313,0.9677734,0.71875,0.28125,-1.125,0.1777344,0.9199219,-0.1152344,-0.4375,-2.21875,1.03125,94.17128,221.1645,154.2823,102.0368,272.1032,255.011
798.4111,-0.04101563,0.8808594,0.09570313,0.53125,-4.78125,-0.5625,-0.4716797,-0.03320313,0.9677734,0.71875,0.28125,-1.125,0.1777344,0.9199219,-0.1152344,-0.4375,-2.21875,1.03125,94.17128,221.1645,154.2823,102.0368,272.1032,255.011
798.4441,-0.04101563,0.8808594,0.09570313,0.53125,-4.78125,-0.5625,-0.4716797,-0.03320313,0.9677734,0.71875,0.28125,-1.125,0.1777344,0.9199219,-0.1152344,-0.4375,-2.21875,1.03125,94.17128,221.1645,154.2823,102.0368,272.1032,255.011
798.4774,-0.04101563,0.8808594,0.09570313,0.53125,-4.78125,-0.5625,-0.4716797,-0.03320313,0.9677734,0.71875,0.28125,-1.125,0.1376953,1.005859,-0.2285156,-0.375,-1.0625,-1.78125,94.46706,222.0425,154.0314,102.0368,272.1032,255.011
798.5109,-0.04101563,0.8808594,0.09570313,0.53125,-4.78125,-0.5625,-0.4716797,-0.03320313,0.9677734,0.71875,0.28125,-1.125,0.1376953,1.005859,-0.2285156,-0.375,-1.0625,-1.78125,94.46706,222.0425,154.0314,102.0368,272.1032,255.011
798.5445,-0.04101563,0.8808594,0.09570313,0.53125,-4.78125,-0.5625,-0.2880859,0.046875,0.8994141,-0.0625,-0.1875,0.09375,0.1376953,1.005859,-0.2285156,-0.375,-1.0625,-1.78125,94.46706,222.0425,154.0314,102.0368,272.1032,255.011
798.5772,-0.04101563,0.8808594,0.09570313,0.53125,-4.78125,-0.5625,-0.2880859,0.046875,0.8994141,-0.0625,-0.1875,0.09375,0.1376953,1.005859,-0.2285156,-0.375,-1.0625,-1.78125,94.47222,221.982,154.0583,102.0368,272.1032,255.011
798.611,-0.04101563,0.8808594,0.09570313,0.53125,-4.78125,-0.5625,-0.2880859,0.046875,0.8994141,-0.0625,-0.1875,0.09375,0.1376953,1.005859,-0.2285156,-0.375,-1.0625,-1.78125,94.47222,221.982,154.0583,102.0368,272.1032,255.011
798.6441,-0.04101563,0.8808594,0.09570313,0.53125,-4.78125,-0.5625,-0.3574219,-0.02050781,0.859375,0.53125,-0.625,-1.59375,0.1376953,1.005859,-0.2285156,-0.375,-1.0625,-1.78125,94.47222,221.982,154.0583,102.0368,272.1032,255.011
798.6775,-0.04101563,0.8808594,0.09570313,0.53125,-4.78125,-0.5625,-0.3574219,-0.02050781,0.859375,0.53125,-0.625,-1.59375,0.1074219,0.9433594,-0.1445313,-0.3125,1.5,-1.25,94.71779,222.6489,153.976,102.0368,272.1032,255.011
798.711,-0.04101563,0.8808594,0.09570313,0.53125,-4.78125,-0.5625,-0.3574219,-0.02050781,0.859375,0.53125,-0.625,-1.59375,0.1074219,0.9433594,-0.1445313,-0.3125,1.5,-1.25,94.71779,222.6489,153.976,102.0368,272.1032,255.011
798.7446,-0.04101563,0.8808594,0.09570313,0.53125,-4.78125,-0.5625,-0.3574219,-0.02050781,0.859375,0.53125,-0.625,-1.59375,0.1074219,0.9433594,-0.1445313,-0.3125,1.5,-1.25,94.71779,222.6489,153.976,102.0368,272.1032,255.011
798.7776,-0.04101563,0.8808594,0.09570313,0.53125,-4.78125,-0.5625,-0.3574219,-0.02050781,0.859375,0.53125,-0.625,-1.59375,0.1152344,1.041016,-0.1894531,0.09375,-0.625,1.5,94.46078,222.0896,154.0923,102.0368,272.1032,255.011
798.811,-0.04101563,0.8808594,0.09570313,0.53125,-4.78125,-0.5625,-0.3876953,0.03027344,0.9257813,0.15625,1.15625,0.15625,0.1152344,1.041016,-0.1894531,0.09375,-0.625,1.5,94.46078,222.0896,154.0923,102.2271,272.0585,254.4413
798.8445,-0.04101563,0.8808594,0.09570313,0.53125,-4.78125,-0.5625,-0.3876953,0.03027344,0.9257813,0.15625,1.15625,0.15625,0.005859375,1.149414,-0.2412109,0,-0.8125,0.53125,94.46078,222.0896,154.0923,102.2271,272.0585,254.4413
798.8774,-0.04101563,0.8808594,0.09570313,0.53125,-4.78125,-0.5625,-0.3876953,0.03027344,0.9257813,0.15625,1.15625,0.15625,0.005859375,1.149414,-0.2412109,0,-0.8125,0.53125,94.46078,222.0896,154.0923,102.2271,272.0585,254.4413
798.9112,-0.04101563,0.8808594,0.09570313,0.53125,-4.78125,-0.5625,-0.2597656,-0.0703125,0.9355469,0.40625,0.84375,0.34375,0.005859375,1.149414,-0.2412109,0,-0.8125,0.53125,94.46078,222.0896,154.0923,102.2271,272.0585,254.4413
798.9446,-0.04101563,0.8808594,0.09570313,0.53125,-4.78125,-0.5625,-0.2597656,-0.0703125,0.9355469,0.40625,0.84375,0.34375,0.2011719,0.921875,-0.1865234,-1.59375,-1.34375,0.65625,94.47873,222.8477,154.1361,102.2271,272.0585,254.4413
798.9779,-0.04101563,0.8808594,0.09570313,0.53125,-4.78125,-0.5625,-0.2597656,-0.0703125,0.9355469,0.40625,0.84375,0.34375,0.2011719,0.921875,-0.1865234,-1.59375,-1.34375,0.65625,94.47873,222.8477,154.1361,102.2271,272.0585,254.4413
799.0115,-0.04101563,0.8808594,0.09570313,0.53125,-4.78125,-0.5625,-0.2597656,-0.0703125,0.9355469,0.40625,0.84375,0.34375,0.2011719,0.921875,-0.1865234,-1.59375,-1.34375,0.65625,94.47873,222.8477,154.1361,102.2271,272.0585,254.4413
799.0447,-0.04101563,0.8808594,0.09570313,0.53125,-4.78125,-0.5625,-0.2597656,-0.0703125,0.9355469,0.40625,0.84375,0.34375,0.25,1.023438,-0.1806641,-0.8125,0.03125,0.21875,94.47873,222.8477,154.1361,102.2271,272.0585,254.4413
799.0779,-0.04101563,0.8808594,0.09570313,0.53125,-4.78125,-0.5625,-0.4023438,-0.0009765625,0.9394531,0.34375,-0.9375,-0.125,0.25,1.023438,-0.1806641,-0.8125,0.03125,0.21875,94.47873,222.8477,154.1361,102.2271,272.0585,254.4413
799.1116,-0.04101563,0.8808594,0.09570313,0.53125,-4.78125,-0.5625,-0.4023438,-0.0009765625,0.9394531,0.34375,-0.9375,-0.125,0.25,1.023438,-0.1806641,-0.8125,0.03125,0.21875,94.47873,222.8477,154.1361,102.2271,272.0585,254.4413
799.1448,-0.04101563,0.8808594,0.09570313,0.53125,-4.78125,-0.5625,-0.4023438,-0.0009765625,0.9394531,0.34375,-0.9375,-0.125,0.25,1.023438,-0.1806641,-0.8125,0.03125,0.21875,94.47873,222.8477,154.1361,101.578,272.2986,255.0998
799.1783,-0.04101563,0.8808594,0.09570313,0.53125,-4.78125,-0.5625,-0.4023438,-0.0009765625,0.9394531,0.34375,-0.9375,-0.125,0.25,1.023438,-0.1806641,-0.8125,0.03125,0.21875,94.47873,222.8477,154.1361,101.578,272.2986,255.0998
799.2119,-0.04101563,0.8808594,0.09570313,0.53125,-4.78125,-0.5625,-0.4023438,-0.0009765625,0.9394531,0.34375,-0.9375,-0.125,0.2265625,0.9248047,-0.1474609,0.09375,-0.9375,0,94.47873,222.8477,154.1361,101.578,272.2986,255.0998
799.2452,-0.04101563,0.8808594,0.09570313,0.53125,-4.78125,-0.5625,-0.4023438,-0.0009765625,0.9394531,0.34375,-0.9375,-0.125,0.2265625,0.9248047,-0.1474609,0.09375,-0.9375,0,94.47873,222.8477,154.1361,101.578,272.2986,255.0998
799.2784,-0.04101563,0.8808594,0.09570313,0.53125,-4.78125,-0.5625,-0.3837891,-0.04101563,0.8916016,0.78125,-0.75,0.34375,0.2265625,0.9248047,-0.1474609,0.09375,-0.9375,0,94.47873,222.8477,154.1361,101.578,272.2986,255.0998
799.3121,-0.04101563,0.8808594,0.09570313,0.53125,-4.78125,-0.5625,-0.3837891,-0.04101563,0.8916016,0.78125,-0.75,0.34375,0.1210938,0.9716797,-0.2861328,0.65625,-0.4375,0.53125,94.47873,222.8477,154.1361,101.578,272.2986,255.0998
799.3459,-0.0546875,0.9707031,0.0625,-5.3125,2.71875,0,-0.3837891,-0.04101563,0.8916016,0.78125,-0.75,0.34375,0.1210938,0.9716797,-0.2861328,0.65625,-0.4375,0.53125,94.47873,222.8477,154.1361,101.578,272.2986,255.0998
799.3792,-0.0546875,0.9707031,0.0625,-5.3125,2.71875,0,-0.296875,-0.03808594,0.9003906,2.3125,1.03125,-0.25,0.1210938,0.9716797,-0.2861328,0.65625,-0.4375,0.53125,94.47873,222.8477,154.1361,101.578,272.2986,255.0998
799.4125,-0.08105469,0.9169922,0.04589844,-1.34375,0.53125,-1.0625,-0.296875,-0.03808594,0.9003906,2.3125,1.03125,-0.25,0.1210938,0.9716797,-0.2861328,0.65625,-0.4375,0.53125,94.47873,222.8477,154.1361,101.5695,272.3417,255.2366
799.4459,-0.08105469,0.9169922,0.04589844,-1.34375,0.53125,-1.0625,-0.2607422,-0.01757813,0.7871094,1.15625,-0.25,-1.46875,0.1210938,0.9716797,-0.2861328,0.65625,-0.4375,0.53125,94.47873,222.8477,154.1361,101.5695,272.3417,255.2366
799.4792,-0.08105469,0.9169922,0.04589844,-1.34375,0.53125,-1.0625,-0.2607422,-0.01757813,0.7871094,1.15625,-0.25,-1.46875,0.1210938,0.9716797,-0.2861328,0.65625,-0.4375,0.53125,94.47873,222.8477,154.1361,101.5695,272.3417,255.2366
799.5128,-0.07519531,0.8496094,0.01171875,-0.5,2.0625,-1.71875,-0.2607422,-0.01757813,0.7871094,1.15625,-0.25,-1.46875,0.1210938,0.9716797,-0.2861328,0.65625,-0.4375,0.53125,94.47873,222.8477,154.1361,101.6419,272.548,255.3912
799.5465,-0.07519531,0.8496094,0.01171875,-0.5,2.0625,-1.71875,-0.2294922,0.05273438,0.9599609,-0.1875,-1.1875,-0.3125,0.1210938,0.9716797,-0.2861328,0.65625,-0.4375,0.53125,94.47873,222.8477,154.1361,101.6419,272.548,255.3912
799.5797,-0.07519531,0.8496094,0.01171875,-0.5,2.0625,-1.71875,-0.2294922,0.05273438,0.9599609,-0.1875,-1.1875,-0.3125,0.1210938,0.9716797,-0.2861328,0.65625,-0.4375,0.53125,94.79144,225.4145,154.2291,101.6419,272.548,255.3912
799.6135,-0.07519531,0.8496094,0.01171875,-0.5,2.0625,-1.71875,-0.2294922,0.05273438,0.9599609,-0.1875,-1.1875,-0.3125,0.1210938,0.9716797,-0.2861328,0.65625,-0.4375,0.53125,94.79144,225.4145,154.2291,101.5814,271.7503,254.9026
799.6475,-0.07519531,0.8496094,0.01171875,-0.5,2.0625,-1.71875,-0.2294922,0.05273438,0.9599609,-0.1875,-1.1875,-0.3125,0.1210938,0.9716797,-0.2861328,0.65625,-0.4375,0.53125,94.47066,227.7108,155.7188,101.5814,271.7503,254.9026
799.681,-0.07519531,0.8496094,0.01171875,-0.5,2.0625,-1.71875,-0.2294922,0.05273438,0.9599609,-0.1875,-1.1875,-0.3125,0.1210938,0.9716797,-0.2861328,0.65625,-0.4375,0.53125,94.47066,227.7108,155.7188,101.5814,271.7503,254.9026
799.7145,-0.07519531,0.8496094,0.01171875,-0.5,2.0625,-1.71875,-0.2294922,0.05273438,0.9599609,-0.1875,-1.1875,-0.3125,0.1210938,0.9716797,-0.2861328,0.65625,-0.4375,0.53125,94.47066,227.7108,155.7188,101.716,271.9767,255.0233
799.7486,-0.07519531,0.8496094,0.01171875,-0.5,2.0625,-1.71875,-0.2294922,0.05273438,0.9599609,-0.1875,-1.1875,-0.3125,0.1210938,0.9716797,-0.2861328,0.65625,-0.4375,0.53125,94.54123,228.3571,155.7929,101.716,271.9767,255.0233
799.7816,-0.07519531,0.8496094,0.01171875,-0.5,2.0625,-1.71875,-0.2294922,0.05273438,0.9599609,-0.1875,-1.1875,-0.3125,0.1210938,0.9716797,-0.2861328,0.65625,-0.4375,0.53125,94.54123,228.3571,155.7929,101.716,271.9767,255.0233
799.8152,-0.07519531,0.8496094,0.01171875,-0.5,2.0625,-1.71875,-0.2294922,0.05273438,0.9599609,-0.1875,-1.1875,-0.3125,0.1210938,0.9716797,-0.2861328,0.65625,-0.4375,0.53125,94.54123,228.3571,155.7929,101.716,271.9767,255.0233
799.8483,-0.07519531,0.8496094,0.01171875,-0.5,2.0625,-1.71875,-0.2294922,0.05273438,0.9599609,-0.1875,-1.1875,-0.3125,0.1210938,0.9716797,-0.2861328,0.65625,-0.4375,0.53125,94.41098,228.3514,156.0645,101.9811,272.2225,255.0361
799.8818,-0.07519531,0.8496094,0.01171875,-0.5,2.0625,-1.71875,-0.2294922,0.05273438,0.9599609,-0.1875,-1.1875,-0.3125,0.1210938,0.9716797,-0.2861328,0.65625,-0.4375,0.53125,94.41098,228.3514,156.0645,101.9811,272.2225,255.0361
799.915,-0.07519531,0.8496094,0.01171875,-0.5,2.0625,-1.71875,-0.4033203,0.02832031,0.8828125,0.46875,1.5625,-0.3125,0.1210938,0.9716797,-0.2861328,0.65625,-0.4375,0.53125,94.41098,228.3514,156.0645,101.9811,272.2225,255.0361
799.9484,-0.07519531,0.8496094,0.01171875,-0.5,2.0625,-1.71875,-0.4033203,0.02832031,0.8828125,0.46875,1.5625,-0.3125,0.1210938,0.9716797,-0.2861328,0.65625,-0.4375,0.53125,94.41098,228.3514,156.0645,101.9811,272.2225,255.0361
799.9817,-0.03125,0.9365234,0.1767578,-9.96875,-12.40625,-0.5,-0.4033203,0.02832031,0.8828125,0.46875,1.5625,-0.3125,0.1210938,0.9716797,-0.2861328,0.65625,-0.4375,0.53125,94.41098,228.3514,156.0645,101.9811,272.2225,255.0361
800.0151,-0.03125,0.9365234,0.1767578,-9.96875,-12.40625,-0.5,-0.4033203,0.02832031,0.8828125,0.46875,1.5625,-0.3125,0.1210938,0.9716797,-0.2861328,0.65625,-0.4375,0.53125,94.41098,228.3514,156.0645,101.9811,272.2225,255.0361
800.0486,-0.03125,0.9365234,0.1767578,-9.96875,-12.40625,-0.5,-0.4033203,0.02832031,0.8828125,0.46875,1.5625,-0.3125,0.1210938,0.9716797,-0.2861328,0.65625,-0.4375,0.53125,94.41098,228.3514,156.0645,101.813,271.8432,254.9699
800.0816,-0.03125,0.9365234,0.1767578,-9.96875,-12.40625,-0.5,-0.34375,-0.015625,0.9121094,-1.53125,0.96875,-0.25,0.1210938,0.9716797,-0.2861328,0.65625,-0.4375,0.53125,94.41098,228.3514,156.0645,101.813,271.8432,254.9699
800.1154,-0.03125,0.9365234,0.1767578,-9.96875,-12.40625,-0.5,-0.34375,-0.015625,0.9121094,-1.53125,0.96875,-0.25,0.1210938,0.9716797,-0.2861328,0.65625,-0.4375,0.53125,94.35703,227.9948,156.1789,101.813,271.8432,254.9699
800.1487,0.07714844,0.9140625,0.1572266,-3.25,-6.3125,-3.90625,-0.34375,-0.015625,0.9121094,-1.53125,0.96875,-0.25,0.1210938,0.9716797,-0.2861328,0.65625,-0.4375,0.53125,94.35703,227.9948,156.1789,101.8362,271.9668,255.0326
800.1821,0.07714844,0.9140625,0.1572266,-3.25,-6.3125,-3.90625,-0.34375,-0.015625,0.9121094,-1.53125,0.96875,-0.25,0.1210938,0.9716797,-0.2861328,0.65625,-0.4375,0.53125,94.35703,227.9948,156.1789,101.8362,271.9668,255.0326
800.215,0.07714844,0.9140625,0.1572266,-3.25,-6.3125,-3.90625,-0.34375,-0.015625,0.9121094,-1.53125,0.96875,-0.25,0.1210938,0.9716797,-0.2861328,0.65625,-0.4375,0.53125,94.05482,226.7795,156.1819,101.8362,271.9668,255.0326
800.2486,-0.07324219,1.077148,0.09570313,2.65625,-6.3125,-3.4375,-0.3535156,-0.01757813,0.8574219,0.09375,-1.65625,-0.125,0.1210938,0.9716797,-0.2861328,0.65625,-0.4375,0.53125,94.05482,226.7795,156.1819,101.8476,271.9579,255.1499
800.282,-0.07324219,1.077148,0.09570313,2.65625,-6.3125,-3.4375,-0.3535156,-0.01757813,0.8574219,0.09375,-1.65625,-0.125,0.1689453,0.8574219,-0.25,-0.625,-1.125,1.15625,94.05482,226.7795,156.1819,101.8476,271.9579,255.1499
800.3154,-0.07324219,1.077148,0.09570313,2.65625,-6.3125,-3.4375,-0.3535156,-0.01757813,0.8574219,0.09375,-1.65625,-0.125,0.1689453,0.8574219,-0.25,-0.625,-1.125,1.15625,94.36546,228.269,156.341,102.0215,272.2082,255.2282
800.349,-0.07324219,1.077148,0.09570313,2.65625,-6.3125,-3.4375,-0.3417969,-0.01953125,0.890625,0.90625,0.53125,1.03125,0.1689453,0.8574219,-0.25,-0.625,-1.125,1.15625,94.36546,228.269,156.341,102.0215,272.2082,255.2282
800.3826,-0.07324219,1.077148,0.09570313,2.65625,-6.3125,-3.4375,-0.3417969,-0.01953125,0.890625,0.90625,0.53125,1.03125,0.1689453,0.8574219,-0.25,-0.625,-1.125,1.15625,94.36546,228.269,156.341,102.0215,272.2082,255.2282
800.416,-0.1210938,0.9736328,0.04980469,3.46875,-3.125,-1.71875,-0.3417969,-0.01953125,0.890625,0.90625,0.53125,1.03125,0.1689453,0.8574219,-0.25,-0.625,-1.125,1.15625,94.36546,228.269,156.341,102.0215,272.2082,255.2282
800.4495,-0.1210938,0.9736328,0.04980469,3.46875,-3.125,-1.71875,-0.4199219,0.02832031,0.9248047,1.03125,-0.0625,-0.875,0.1689453,0.8574219,-0.25,-0.625,-1.125,1.15625,94.36546,228.269,156.341,102.0215,272.2082,255.2282
800.4831,-0.1210938,0.9736328,0.04980469,3.46875,-3.125,-1.71875,-0.4199219,0.02832031,0.9248047,1.03125,-0.0625,-0.875,0.1884766,0.8652344,-0.1904297,-0.0625,0.09375,1.5,94.36546,228.269,156.341,102.0215,272.2082,255.2282
800.5164,-0.002929688,0.9199219,0.05566406,-6.65625,-1.78125,1.21875,-0.4199219,0.02832031,0.9248047,1.03125,-0.0625,-0.875,0.1884766,0.8652344,-0.1904297,-0.0625,0.09375,1.5,94.36546,228.269,156.341,102.0215,272.2082,255.2282
800.5497,-0.002929688,0.9199219,0.05566406,-6.65625,-1.78125,1.21875,-0.2646484,-0.09082031,0.8857422,-0.0625,-0.9375,0.15625,0.1337891,0.9267578,-0.1220703,-0.6875,0.09375,-0.6875,94.36546,228.269,156.341,102.0215,272.2082,255.2282
800.5829,-0.002929688,0.9199219,0.05566406,-6.65625,-1.78125,1.21875,-0.2646484,-0.09082031,0.8857422,-0.0625,-0.9375,0.15625,0.1337891,0.9267578,-0.1220703,-0.6875,0.09375,-0.6875,94.36546,228.269,156.341,102.0215,272.2082,255.2282
800.6163,-0.002929688,0.9199219,0.05566406,-6.65625,-1.78125,1.21875,-0.2646484,-0.09082031,0.8857422,-0.0625,-0.9375,0.15625,0.1337891,0.9267578,-0.1220703,-0.6875,0.09375,-0.6875,94.36546,228.269,156.341,102.0215,272.2082,255.2282
800.6499,-0.002929688,0.9199219,0.05566406,-6.65625,-1.78125,1.21875,-0.2646484,-0.09082031,0.8857422,-0.0625,-0.9375,0.15625,0.1337891,0.9267578,-0.1220703,-0.6875,0.09375,-0.6875,94.36546,228.269,156.341,102.0215,272.2082,255.2282
800.683,-0.002929688,0.9199219,0.05566406,-6.65625,-1.78125,1.21875,-0.2646484,-0.09082031,0.8857422,-0.0625,-0.9375,0.15625,0.1337891,0.9267578,-0.1220703,-0.6875,0.09375,-0.6875,94.36546,228.269,156.341,102.0215,272.2082,255.2282
800.7164,-0.002929688,0.9199219,0.05566406,-6.65625,-1.78125,1.21875,-0.3447266,-0.05664063,0.8457031,-0.125,-0.3125,0.46875,0.1337891,0.9267578,-0.1220703,-0.6875,0.09375,-0.6875,94.36546,228.269,156.341,102.0215,272.2082,255.2282
800.7501,-0.002929688,0.9199219,0.05566406,-6.65625,-1.78125,1.21875,-0.3447266,-0.05664063,0.8457031,-0.125,-0.3125,0.46875,0.1337891,0.9267578,-0.1220703,-0.6875,0.09375,-0.6875,94.36546,228.269,156.341,102.0215,272.2082,255.2282
800.7833,-0.002929688,0.9199219,0.05566406,-6.65625,-1.78125,1.21875,-0.3447266,-0.05664063,0.8457031,-0.125,-0.3125,0.46875,0.1337891,0.9267578,-0.1220703,-0.6875,0.09375,-0.6875,94.36546,228.269,156.341,102.0215,272.2082,255.2282
800.8171,-0.002929688,0.9199219,0.05566406,-6.65625,-1.78125,1.21875,-0.3447266,-0.05664063,0.8457031,-0.125,-0.3125,0.46875,0.1337891,0.9267578,-0.1220703,-0.6875,0.09375,-0.6875,94.36546,228.269,156.341,102.0215,272.2082,255.2282
800.8503,-0.002929688,0.9199219,0.05566406,-6.65625,-1.78125,1.21875,-0.3447266,-0.05664063,0.8457031,-0.125,-0.3125,0.46875,0.1621094,0.9990234,-0.25,1.625,3.28125,-2.40625,94.36546,228.269,156.341,102.0215,272.2082,255.2282
800.8837,-0.002929688,0.9199219,0.05566406,-6.65625,-1.78125,1.21875,-0.3447266,-0.05664063,0.8457031,-0.125,-0.3125,0.46875,0.1621094,0.9990234,-0.25,1.625,3.28125,-2.40625,94.36546,228.269,156.341,102.0215,272.2082,255.2282
800.9174,-0.002929688,0.9199219,0.05566406,-6.65625,-1.78125,1.21875,-0.3447266,-0.05664063,0.8457031,-0.125,-0.3125,0.46875,0.1894531,0.9248047,-0.4150391,0.78125,0,-1.25,94.36546,228.269,156.341,102.0215,272.2082,255.2282
800.9505,-0.002929688,0.9199219,0.05566406,-6.65625,-1.78125,1.21875,-0.3447266,-0.05664063,0.8457031,-0.125,-0.3125,0.46875,0.1894531,0.9248047,-0.4150391,0.78125,0,-1.25,94.36546,228.269,156.341,102.7962,271.9764,255.8572
800.9838,-0.002929688,0.9199219,0.05566406,-6.65625,-1.78125,1.21875,-0.3447266,-0.05664063,0.8457031,-0.125,-0.3125,0.46875,0.1894531,0.9248047,-0.4150391,0.78125,0,-1.25,94.36546,228.269,156.341,102.7962,271.9764,255.8572
801.0407,-0.002929688,0.9199219,0.05566406,-6.65625,-1.78125,1.21875,-0.3447266,-0.05664063,0.8457031,-0.125,-0.3125,0.46875,0.1894531,0.9248047,-0.4150391,0.78125,0,-1.25,94.36546,228.269,156.341,102.7962,271.9764,255.8572
801.0427,-0.002929688,0.9199219,0.05566406,-6.65625,-1.78125,1.21875,-0.3447266,-0.05664063,0.8457031,-0.125,-0.3125,0.46875,0.1894531,0.9248047,-0.4150391,0.78125,0,-1.25,94.36546,228.269,156.341,102.9658,272.1301,255.9132
801.0746,-0.08007813,0.9716797,0.05566406,-4.34375,-5.6875,0.34375,-0.3447266,-0.05664063,0.8457031,-0.125,-0.3125,0.46875,0.1894531,0.9248047,-0.4150391,0.78125,0,-1.25,94.36546,228.269,156.341,102.9658,272.1301,255.9132
801.108,-0.08007813,0.9716797,0.05566406,-4.34375,-5.6875,0.34375,-0.3447266,-0.05664063,0.8457031,-0.125,-0.3125,0.46875,0.1894531,0.9248047,-0.4150391,0.78125,0,-1.25,94.36546,228.269,156.341,102.9658,272.1301,255.9132
801.1413,-0.08007813,0.9716797,0.05566406,-4.34375,-5.6875,0.34375,-0.3447266,-0.05664063,0.8457031,-0.125,-0.3125,0.46875,0.1894531,0.9248047,-0.4150391,0.78125,0,-1.25,94.36546,228.269,156.341,102.9658,272.1301,255.9132
801.1747,-0.08007813,0.9716797,0.05566406,-4.34375,-5.6875,0.34375,-0.3447266,-0.05664063,0.8457031,-0.125,-0.3125,0.46875,0.1894531,0.9248047,-0.4150391,0.78125,0,-1.25,94.36546,228.269,156.341,102.9658,272.1301,255.9132
801.2081,-0.08007813,0.9716797,0.05566406,-4.34375,-5.6875,0.34375,-0.3447266,-0.05664063,0.8457031,-0.125,-0.3125,0.46875,0.1894531,0.9248047,-0.4150391,0.78125,0,-1.25,94.36546,228.269,156.341,102.9658,272.1301,255.9132
801.2416,-0.08007813,0.9716797,0.05566406,-4.34375,-5.6875,0.34375,-0.3447266,-0.05664063,0.8457031,-0.125,-0.3125,0.46875,0.1894531,0.9248047,-0.4150391,0.78125,0,-1.25,94.36546,228.269,156.341,103.4554,271.8952,255.6284
801.275,-0.08007813,0.9716797,0.05566406,-4.34375,-5.6875,0.34375,-0.3447266,-0.05664063,0.8457031,-0.125,-0.3125,0.46875,0.06738281,1.022461,-0.1298828,-0.3125,8.46875,-3.125,94.36546,228.269,156.341,103.4554,271.8952,255.6284
801.3083,-0.001953125,0.9814453,0.1416016,-12.53125,-10.5625,0,-0.3447266,-0.05664063,0.8457031,-0.125,-0.3125,0.46875,0.06738281,1.022461,-0.1298828,-0.3125,8.46875,-3.125,94.36546,228.269,156.341,104.1194,272.4335,256.3504
801.342,-0.001953125,0.9814453,0.1416016,-12.53125,-10.5625,0,-0.3447266,-0.05664063,0.8457031,-0.125,-0.3125,0.46875,0.06738281,1.022461,-0.1298828,-0.3125,8.46875,-3.125,94.36546,228.269,156.341,104.1194,272.4335,256.3504
801.3749,-0.001953125,0.9814453,0.1416016,-12.53125,-10.5625,0,-0.3447266,-0.05664063,0.8457031,-0.125,-0.3125,0.46875,0.1992188,1.105469,-0.2451172,2.25,2.78125,-0.875,94.36546,228.269,156.341,104.1194,272.4335,256.3504
801.4089,-0.03222656,0.6044922,-0.1269531,-9.15625,6.03125,-1.40625,-0.3447266,-0.05664063,0.8457031,-0.125,-0.3125,0.46875,0.1992188,1.105469,-0.2451172,2.25,2.78125,-0.875,94.36546,228.269,156.341,104.1194,272.4335,256.3504
801.442,-0.03222656,0.6044922,-0.1269531,-9.15625,6.03125,-1.40625,-0.3447266,-0.05664063,0.8457031,-0.125,-0.3125,0.46875,0.1992188,1.105469,-0.2451172,2.25,2.78125,-0.875,94.59821,222.6422,153.675,104.1194,272.4335,256.3504
801.4756,-0.03222656,0.6044922,-0.1269531,-9.15625,6.03125,-1.40625,-0.3447266,-0.05664063,0.8457031,-0.125,-0.3125,0.46875,0.1630859,1.182617,-0.2011719,2.96875,3.15625,1.21875,94.59821,222.6422,153.675,104.1194,272.4335,256.3504
801.5087,0.01367188,0.9082031,0.1494141,51.5625,7.6875,-8.3125,-0.3896484,-0.06542969,1.010742,1.5,5.71875,1.09375,0.1630859,1.182617,-0.2011719,2.96875,3.15625,1.21875,94.59821,222.6422,153.675,104.1194,272.4335,256.3504
801.5421,0.01367188,0.9082031,0.1494141,51.5625,7.6875,-8.3125,-0.3896484,-0.06542969,1.010742,1.5,5.71875,1.09375,0.1171875,0.9580078,-0.2119141,3.90625,-13.125,19.8125,94.5265,222.1004,153.6135,104.1194,272.4335,256.3504
801.5754,-0.08691406,0.9306641,-0.04589844,159.5938,20.4375,-31.625,-0.3896484,-0.06542969,1.010742,1.5,5.71875,1.09375,0.1171875,0.9580078,-0.2119141,3.90625,-13.125,19.8125,94.5265,222.1004,153.6135,104.1194,272.4335,256.3504
801.6089,-0.08691406,0.9306641,-0.04589844,159.5938,20.4375,-31.625,-0.4101563,-0.0078125,0.8300781,-6.4375,10.71875,0.28125,0.1171875,0.9580078,-0.2119141,3.90625,-13.125,19.8125,94.5265,222.1004,153.6135,104.1194,272.4335,256.3504
801.6424,-0.08691406,0.9306641,-0.04589844,159.5938,20.4375,-31.625,-0.4101563,-0.0078125,0.8300781,-6.4375,10.71875,0.28125,0.1171875,0.9580078,-0.2119141,3.90625,-13.125,19.8125,93.72897,218.7023,154.0748,104.1194,272.4335,256.3504
801.676,-0.08691406,0.9306641,-0.04589844,159.5938,20.4375,-31.625,-0.4101563,-0.0078125,0.8300781,-6.4375,10.71875,0.28125,0.1171875,0.9580078,-0.2119141,3.90625,-13.125,19.8125,93.72897,218.7023,154.0748,104.1194,272.4335,256.3504
801.7092,-0.08691406,0.9306641,-0.04589844,159.5938,20.4375,-31.625,-0.4423828,-0.0625,0.734375,1.21875,3.28125,-3.4375,0.1171875,0.9580078,-0.2119141,3.90625,-13.125,19.8125,93.72897,218.7023,154.0748,104.1194,272.4335,256.3504
801.7432,-0.08691406,0.9306641,-0.04589844,159.5938,20.4375,-31.625,-0.4423828,-0.0625,0.734375,1.21875,3.28125,-3.4375,0.4951172,0.8017578,-0.09472656,8.46875,-44.5625,30.125,93.72897,218.7023,154.0748,104.1194,272.4335,256.3504
801.7765,-0.2451172,1.298828,-0.6601563,164.2813,23.53125,-31.15625,-0.4423828,-0.0625,0.734375,1.21875,3.28125,-3.4375,0.4951172,0.8017578,-0.09472656,8.46875,-44.5625,30.125,93.72897,218.7023,154.0748,104.1194,272.4335,256.3504
801.8097,-0.2451172,1.298828,-0.6601563,164.2813,23.53125,-31.15625,-0.4423828,-0.0625,0.734375,1.21875,3.28125,-3.4375,0.1396484,0.9042969,-0.3369141,47.59375,8.09375,-20.53125,93.72897,218.7023,154.0748,104.1194,272.4335,256.3504
801.843,-0.4980469,0.5830078,-1.291016,87.9375,-49.9375,-28.8125,-0.4423828,-0.0625,0.734375,1.21875,3.28125,-3.4375,0.1396484,0.9042969,-0.3369141,47.59375,8.09375,-20.53125,93.72897,218.7023,154.0748,104.1194,272.4335,256.3504
801.8762,-0.4980469,0.5830078,-1.291016,87.9375,-49.9375,-28.8125,-0.4423828,-0.0625,0.734375,1.21875,3.28125,-3.4375,0.1396484,0.9042969,-0.3369141,47.59375,8.09375,-20.53125,93.72897,218.7023,154.0748,104.1194,272.4335,256.3504
801.9098,-0.4980469,0.5830078,-1.291016,87.9375,-49.9375,-28.8125,-0.4423828,-0.0625,0.734375,1.21875,3.28125,-3.4375,0.1396484,0.9042969,-0.3369141,47.59375,8.09375,-20.53125,92.55088,214.2575,154.3484,104.1194,272.4335,256.3504
801.9431,-0.4951172,1.006836,-1.260742,23.46875,21.71875,-5.09375,-0.4423828,-0.0625,0.734375,1.21875,3.28125,-3.4375,0.1396484,0.9042969,-0.3369141,47.59375,8.09375,-20.53125,92.55088,214.2575,154.3484,104.1194,272.4335,256.3504
801.9763,-0.4951172,1.006836,-1.260742,23.46875,21.71875,-5.09375,-0.1806641,0.3466797,0.8476563,78.59375,-0.5625,65.21875,0.1396484,0.9042969,-0.3369141,47.59375,8.09375,-20.53125,92.55088,214.2575,154.3484,104.1194,272.4335,256.3504
802.0101,-0.4951172,1.006836,-1.260742,23.46875,21.71875,-5.09375,-0.1806641,0.3466797,0.8476563,78.59375,-0.5625,65.21875,-0.04394531,0.9863281,-0.5117188,14.625,0,-18.4375,92.55088,214.2575,154.3484,104.1194,272.4335,256.3504
802.0434,-0.4951172,1.006836,-1.260742,23.46875,21.71875,-5.09375,-0.1806641,0.3466797,0.8476563,78.59375,-0.5625,65.21875,-0.04394531,0.9863281,-0.5117188,14.625,0,-18.4375,92.55088,214.2575,154.3484,104.1194,272.4335,256.3504
802.0768,-0.4951172,1.006836,-1.260742,23.46875,21.71875,-5.09375,-0.5009766,0.3144531,0.6962891,100.4375,-34.875,79.4375,-0.04394531,0.9863281,-0.5117188,14.625,0,-18.4375,92.55088,214.2575,154.3484,104.1194,272.4335,256.3504
802.1102,-0.4951172,1.006836,-1.260742,23.46875,21.71875,-5.09375,-0.5009766,0.3144531,0.6962891,100.4375,-34.875,79.4375,0.1259766,0.8994141,-0.4599609,1.5,-27.84375,-3.125,92.55088,214.2575,154.3484,104.1194,272.4335,256.3504
802.1437,-0.4951172,1.006836,-1.260742,23.46875,21.71875,-5.09375,-0.5009766,0.3144531,0.6962891,100.4375,-34.875,79.4375,0.1259766,0.8994141,-0.4599609,1.5,-27.84375,-3.125,92.55088,214.2575,154.3484,104.1194,272.4335,256.3504
802.1769,-0.4951172,1.006836,-1.260742,23.46875,21.71875,-5.09375,-0.5009766,0.3144531,0.6962891,100.4375,-34.875,79.4375,0.1259766,0.8994141,-0.4599609,1.5,-27.84375,-3.125,92.55088,214.2575,154.3484,104.1194,272.4335,256.3504
802.21,-0.4951172,1.006836,-1.260742,23.46875,21.71875,-5.09375,-0.5009766,0.3144531,0.6962891,100.4375,-34.875,79.4375,0.1259766,0.8994141,-0.4599609,1.5,-27.84375,-3.125,92.55088,214.2575,154.3484,104.1194,272.4335,256.3504
802.2438,-0.4951172,1.006836,-1.260742,23.46875,21.71875,-5.09375,-0.1455078,0.6152344,0.5976563,128.7813,-50.3125,43.6875,0.1259766,0.8994141,-0.4599609,1.5,-27.84375,-3.125,92.55088,214.2575,154.3484,104.1194,272.4335,256.3504
802.277,-0.4951172,1.006836,-1.260742,23.46875,21.71875,-5.09375,-0.1455078,0.6152344,0.5976563,128.7813,-50.3125,43.6875,0.1259766,0.8994141,-0.4599609,1.5,-27.84375,-3.125,92.55088,214.2575,154.3484,104.1194,272.4335,256.3504
802.3106,-0.4951172,1.006836,-1.260742,23.46875,21.71875,-5.09375,-0.1455078,0.6152344,0.5976563,128.7813,-50.3125,43.6875,0.1259766,0.8994141,-0.4599609,1.5,-27.84375,-3.125,92.55088,214.2575,154.3484,94.36396,263.4953,246.2362
802.3446,-0.4951172,1.006836,-1.260742,23.46875,21.71875,-5.09375,-0.1455078,0.6152344,0.5976563,128.7813,-50.3125,43.6875,0.1259766,0.8994141,-0.4599609,1.5,-27.84375,-3.125,92.55088,214.2575,154.3484,94.36396,263.4953,246.2362
802.3777,-0.4951172,1.006836,-1.260742,23.46875,21.71875,-5.09375,-0.1455078,0.6152344,0.5976563,128.7813,-50.3125,43.6875,0.1259766,0.8994141,-0.4599609,1.5,-27.84375,-3.125,92.55088,214.2575,154.3484,94.36396,263.4953,246.2362
802.4108,-0.2246094,0.6474609,-0.0546875,-30.03125,-8.8125,14.5,-0.1455078,0.6152344,0.5976563,128.7813,-50.3125,43.6875,0.1259766,0.8994141,-0.4599609,1.5,-27.84375,-3.125,92.55088,214.2575,154.3484,94.36396,263.4953,246.2362
802.4444,-0.2246094,0.6474609,-0.0546875,-30.03125,-8.8125,14.5,-0.1455078,0.6152344,0.5976563,128.7813,-50.3125,43.6875,0.1259766,0.8994141,-0.4599609,1.5,-27.84375,-3.125,92.55088,214.2575,154.3484,94.36396,263.4953,246.2362
802.4779,-0.2246094,0.6474609,-0.0546875,-30.03125,-8.8125,14.5,-0.1455078,0.6152344,0.5976563,128.7813,-50.3125,43.6875,0.1259766,0.8994141,-0.4599609,1.5,-27.84375,-3.125,92.55088,214.2575,154.3484,94.36396,263.4953,246.2362
802.5114,-0.2246094,0.6474609,-0.0546875,-30.03125,-8.8125,14.5,-0.1455078,0.6152344,0.5976563,128.7813,-50.3125,43.6875,0.1259766,0.8994141,-0.4599609,1.5,-27.84375,-3.125,92.55088,214.2575,154.3484,93.0029,263.0369,244.5185
802.545,-0.2246094,0.6474609,-0.0546875,-30.03125,-8.8125,14.5,-0.1455078,0.6152344,0.5976563,128.7813,-50.3125,43.6875,0.1259766,0.8994141,-0.4599609,1.5,-27.84375,-3.125,172.1899,292.8113,168.832,93.0029,263.0369,244.5185
802.578,-0.2246094,0.6474609,-0.0546875,-30.03125,-8.8125,14.5,-0.1455078,0.6152344,0.5976563,128.7813,-50.3125,43.6875,0.1259766,0.8994141,-0.4599609,1.5,-27.84375,-3.125,172.1899,292.8113,168.832,93.0029,263.0369,244.5185
802.6114,-0.1708984,0.8359375,-0.09765625,-5.5,-4.03125,-5.5,-0.1455078,0.6152344,0.5976563,128.7813,-50.3125,43.6875,0.1259766,0.8994141,-0.4599609,1.5,-27.84375,-3.125,172.1899,292.8113,168.832,133.8484,300.9125,186.1946
802.6449,-0.1708984,0.8359375,-0.09765625,-5.5,-4.03125,-5.5,-0.1455078,0.6152344,0.5976563,128.7813,-50.3125,43.6875,0.1259766,0.8994141,-0.4599609,1.5,-27.84375,-3.125,177.4726,291.8496,169.3932,133.8484,300.9125,186.1946
802.6783,-0.1708984,0.8359375,-0.09765625,-5.5,-4.03125,-5.5,-0.1455078,0.6152344,0.5976563,128.7813,-50.3125,43.6875,0.1259766,0.8994141,-0.4599609,1.5,-27.84375,-3.125,177.4726,291.8496,169.3932,133.8484,300.9125,186.1946
802.7115,-0.1708984,0.8359375,-0.09765625,-5.5,-4.03125,-5.5,0.1171875,0.9111328,0.08300781,21.03125,1.6875,8.53125,0.1259766,0.8994141,-0.4599609,1.5,-27.84375,-3.125,180.2945,290.8404,169.9668,138.1232,302.8804,182.0383
802.745,-0.1708984,0.8359375,-0.09765625,-5.5,-4.03125,-5.5,0.1171875,0.9111328,0.08300781,21.03125,1.6875,8.53125,0.1259766,0.8994141,-0.4599609,1.5,-27.84375,-3.125,180.2945,290.8404,169.9668,139.7682,305.0906,179.9199
802.7781,-0.1708984,0.8359375,-0.09765625,-5.5,-4.03125,-5.5,0.1171875,0.9111328,0.08300781,21.03125,1.6875,8.53125,0.1259766,0.8994141,-0.4599609,1.5,-27.84375,-3.125,180.2945,290.8404,169.9668,139.7682,305.0906,179.9199
802.8114,-0.1708984,0.8359375,-0.09765625,-5.5,-4.03125,-5.5,0.1171875,0.9111328,0.08300781,21.03125,1.6875,8.53125,0.1259766,0.8994141,-0.4599609,1.5,-27.84375,-3.125,180.2945,290.8404,169.9668,139.7682,305.0906,179.9199
802.8451,-0.1708984,0.8359375,-0.09765625,-5.5,-4.03125,-5.5,0.1171875,0.9111328,0.08300781,21.03125,1.6875,8.53125,0.1259766,0.8994141,-0.4599609,1.5,-27.84375,-3.125,180.2945,290.8404,169.9668,139.7682,305.0906,179.9199
802.8784,-0.1123047,1.143555,0.1455078,15.96875,11.21875,-0.375,0.1171875,0.9111328,0.08300781,21.03125,1.6875,8.53125,0.1259766,0.8994141,-0.4599609,1.5,-27.84375,-3.125,180.2945,290.8404,169.9668,139.7682,305.0906,179.9199
802.9121,-0.1123047,1.143555,0.1455078,15.96875,11.21875,-0.375,0.1171875,0.9111328,0.08300781,21.03125,1.6875,8.53125,0.1259766,0.8994141,-0.4599609,1.5,-27.84375,-3.125,180.2945,290.8404,169.9668,139.7682,305.0906,179.9199
802.9457,-0.1123047,1.143555,0.1455078,15.96875,11.21875,-0.375,0.1171875,0.9111328,0.08300781,21.03125,1.6875,8.53125,0.1259766,0.8994141,-0.4599609,1.5,-27.84375,-3.125,180.2945,290.8404,169.9668,141.2185,304.9685,179.2287
802.9786,-0.07421875,0.9443359,0.02148438,7.75,15.4375,2.84375,0.1171875,0.9111328,0.08300781,21.03125,1.6875,8.53125,0.1259766,0.8994141,-0.4599609,1.5,-27.84375,-3.125,180.2945,290.8404,169.9668,141.2185,304.9685,179.2287
803.012,-0.07421875,0.9443359,0.02148438,7.75,15.4375,2.84375,0.1171875,0.9111328,0.08300781,21.03125,1.6875,8.53125,0.1259766,0.8994141,-0.4599609,1.5,-27.84375,-3.125,184.4635,288.6667,170.7709,141.2185,304.9685,179.2287
803.0459,-0.07421875,0.9443359,0.02148438,7.75,15.4375,2.84375,0.1171875,0.9111328,0.08300781,21.03125,1.6875,8.53125,0.1259766,0.8994141,-0.4599609,1.5,-27.84375,-3.125,184.4635,288.6667,170.7709,141.2185,304.9685,179.2287
803.0787,-0.07421875,0.9443359,0.02148438,7.75,15.4375,2.84375,0.1171875,0.9111328,0.08300781,21.03125,1.6875,8.53125,0.1259766,0.8994141,-0.4599609,1.5,-27.84375,-3.125,184.4635,288.6667,170.7709,141.2185,304.9685,179.2287
803.1122,-0.07421875,0.9443359,0.02148438,7.75,15.4375,2.84375,0.1171875,0.9111328,0.08300781,21.03125,1.6875,8.53125,0.1259766,0.8994141,-0.4599609,1.5,-27.84375,-3.125,186.0188,288.739,171.6107,146.3733,309.7572,175.1931
803.1458,-0.2119141,0.9902344,0.04199219,-16.0625,5.65625,1.28125,0.1171875,0.9111328,0.08300781,21.03125,1.6875,8.53125,0.1259766,0.8994141,-0.4599609,1.5,-27.84375,-3.125,186.0188,288.739,171.6107,146.3733,309.7572,175.1931
803.1792,-0.2119141,0.9902344,0.04199219,-16.0625,5.65625,1.28125,-0.02734375,0.9042969,-0.06054688,-9.125,4.3125,-0.0625,0.1259766,0.8994141,-0.4599609,1.5,-27.84375,-3.125,186.0188,288.739,171.6107,146.3733,309.7572,175.1931
803.1811,-0.2119141,0.9902344,0.04199219,-16.0625,5.65625,1.28125,-0.02734375,0.9042969,-0.06054688,-9.125,4.3125,-0.0625,0.1259766,0.8994141,-0.4599609,1.5,-27.84375,-3.125,186.0188,288.739,171.6107,146.3733,309.7572,175.1931
803.213,-0.2119141,0.9902344,0.04199219,-16.0625,5.65625,1.28125,-0.02734375,0.9042969,-0.06054688,-9.125,4.3125,-0.0625,0.1259766,0.8994141,-0.4599609,1.5,-27.84375,-3.125,186.0188,288.739,171.6107,145.7166,309.5912,175.4212
803.2456,-0.09472656,1.049805,0.04296875,-0.0625,-0.125,1.375,-0.02734375,0.9042969,-0.06054688,-9.125,4.3125,-0.0625,0.1259766,0.8994141,-0.4599609,1.5,-27.84375,-3.125,186.0188,288.739,171.6107,145.7166,309.5912,175.4212
803.279,-0.09472656,1.049805,0.04296875,-0.0625,-0.125,1.375,0.07519531,1.003906,-0.01464844,-5.03125,3.53125,-0.6875,0.1230469,1.004883,-0.3564453,-3.0625,7,-1.90625,185.8233,289.1701,172.1355,145.7166,309.5912,175.4212
803.3132,-0.2177734,0.9882813,-0.002929688,-22.28125,0.96875,0.90625,0.07519531,1.003906,-0.01464844,-5.03125,3.53125,-0.6875,0.1230469,1.004883,-0.3564453,-3.0625,7,-1.90625,185.8233,289.1701,172.1355,145.7166,309.5912,175.4212
803.3457,-0.2177734,0.9882813,-0.002929688,-22.28125,0.96875,0.90625,0.1210938,1.027344,-0.03808594,3.21875,-5.75,1.6875,0.1230469,1.004883,-0.3564453,-3.0625,7,-1.90625,185.8233,289.1701,172.1355,145.7166,309.5912,175.4212
803.3789,-0.2177734,0.9882813,-0.002929688,-22.28125,0.96875,0.90625,0.1210938,1.027344,-0.03808594,3.21875,-5.75,1.6875,-0.0390625,0.9589844,-0.203125,-2.15625,-3,-0.1875,186.0443,288.7704,171.5295,145.7166,309.5912,175.4212
803.413,-0.06640625,0.9628906,0.1464844,-15.75,0.15625,1.5,0.1210938,1.027344,-0.03808594,3.21875,-5.75,1.6875,-0.0390625,0.9589844,-0.203125,-2.15625,-3,-0.1875,186.0443,288.7704,171.5295,145.7166,309.5912,175.4212
803.4458,-0.06640625,0.9628906,0.1464844,-15.75,0.15625,1.5,0.1210938,1.027344,-0.03808594,3.21875,-5.75,1.6875,-0.0390625,0.9589844,-0.203125,-2.15625,-3,-0.1875,186.0443,288.7704,171.5295,145.7166,309.5912,175.4212
803.4793,-0.06640625,0.9628906,0.1464844,-15.75,0.15625,1.5,0.1210938,1.027344,-0.03808594,3.21875,-5.75,1.6875,0.0546875,0.9199219,-0.2724609,-3.96875,-3.6875,-1.90625,186.7801,288.9307,171.3817,145.7166,309.5912,175.4212
803.5131,-0.06640625,0.9628906,0.1464844,-15.75,0.15625,1.5,0.1210938,1.027344,-0.03808594,3.21875,-5.75,1.6875,0.0546875,0.9199219,-0.2724609,-3.96875,-3.6875,-1.90625,186.7801,288.9307,171.3817,145.7166,309.5912,175.4212
803.5458,-0.06640625,0.9628906,0.1464844,-15.75,0.15625,1.5,0.04394531,0.9208984,0.0703125,6.15625,2.1875,4.6875,0.0546875,0.9199219,-0.2724609,-3.96875,-3.6875,-1.90625,186.7801,288.9307,171.3817,145.7166,309.5912,175.4212
803.606,-0.06640625,0.9628906,0.1464844,-15.75,0.15625,1.5,0.04394531,0.9208984,0.0703125,6.15625,2.1875,4.6875,-0.06933594,0.8945313,-0.1123047,-1.90625,-3.90625,-1.34375,187.2489,288.7335,171.1973,145.7166,309.5912,175.4212
803.64,-0.06640625,0.9628906,0.1464844,-15.75,0.15625,1.5,0.07910156,0.9804688,-0.004882813,-3.90625,-5.09375,-0.0625,-0.06933594,0.8945313,-0.1123047,-1.90625,-3.90625,-1.34375,187.2489,288.7335,171.1973,145.7166,309.5912,175.4212
803.6727,-0.01464844,0.9042969,0.05078125,2.90625,-2.9375,1.3125,0.07910156,0.9804688,-0.004882813,-3.90625,-5.09375,-0.0625,-0.06933594,0.8945313,-0.1123047,-1.90625,-3.90625,-1.34375,187.2489,288.7335,171.1973,145.7166,309.5912,175.4212
803.7062,-0.01464844,0.9042969,0.05078125,2.90625,-2.9375,1.3125,0.02539063,0.8222656,0.01171875,-2.875,1.03125,-2.875,-0.06933594,0.8945313,-0.1123047,-1.90625,-3.90625,-1.34375,187.2489,288.7335,171.1973,145.7166,309.5912,175.4212
803.7399,-0.01464844,0.9042969,0.05078125,2.90625,-2.9375,1.3125,0.02539063,0.8222656,0.01171875,-2.875,1.03125,-2.875,-0.08105469,0.9589844,-0.2441406,-0.4375,8.15625,0.28125,187.2489,288.7335,171.1973,145.7166,309.5912,175.4212
803.773,-0.01464844,0.9042969,0.05078125,2.90625,-2.9375,1.3125,0.02539063,0.8222656,0.01171875,-2.875,1.03125,-2.875,-0.08105469,0.9589844,-0.2441406,-0.4375,8.15625,0.28125,187.2489,288.7335,171.1973,145.7166,309.5912,175.4212
803.8069,-0.01464844,0.9042969,0.05078125,2.90625,-2.9375,1.3125,0.02539063,0.8222656,0.01171875,-2.875,1.03125,-2.875,-0.08105469,0.9589844,-0.2441406,-0.4375,8.15625,0.28125,187.2489,288.7335,171.1973,145.7166,309.5912,175.4212
803.8405,-0.01464844,0.9042969,0.05078125,2.90625,-2.9375,1.3125,0.02539063,0.8222656,0.01171875,-2.875,1.03125,-2.875,-0.02050781,0.9794922,-0.265625,5.21875,-1.78125,3.40625,187.2489,288.7335,171.1973,145.7166,309.5912,175.4212
803.8736,-0.01464844,0.9042969,0.05078125,2.90625,-2.9375,1.3125,0.02539063,0.8222656,0.01171875,-2.875,1.03125,-2.875,-0.02050781,0.9794922,-0.265625,5.21875,-1.78125,3.40625,187.2489,288.7335,171.1973,145.7166,309.5912,175.4212
803.9069,-0.01464844,0.9042969,0.05078125,2.90625,-2.9375,1.3125,0.1298828,1.066406,0.03417969,-0.0625,-1.78125,-2.625,-0.02050781,0.9794922,-0.265625,5.21875,-1.78125,3.40625,187.2489,288.7335,171.1973,145.7166,309.5912,175.4212
803.9406,-0.1162109,0.9384766,0.01953125,10,-3.3125,-0.875,0.1298828,1.066406,0.03417969,-0.0625,-1.78125,-2.625,-0.02050781,0.9794922,-0.265625,5.21875,-1.78125,3.40625,187.2489,288.7335,171.1973,145.7166,309.5912,175.4212
803.9736,-0.1162109,0.9384766,0.01953125,10,-3.3125,-0.875,0.03417969,0.9189453,0.09863281,2.78125,10.25,-0.4375,-0.02050781,0.9794922,-0.265625,5.21875,-1.78125,3.40625,187.2489,288.7335,171.1973,145.7166,309.5912,175.4212
804.0068,-0.1162109,0.9384766,0.01953125,10,-3.3125,-0.875,0.03417969,0.9189453,0.09863281,2.78125,10.25,-0.4375,-0.02050781,0.9794922,-0.265625,5.21875,-1.78125,3.40625,187.2489,288.7335,171.1973,145.7166,309.5912,175.4212
804.0411,-0.1162109,0.9384766,0.01953125,10,-3.3125,-0.875,0.03417969,0.9189453,0.09863281,2.78125,10.25,-0.4375,-0.02050781,0.9794922,-0.265625,5.21875,-1.78125,3.40625,187.2489,288.7335,171.1973,145.7166,309.5912,175.4212
804.0739,-0.1162109,0.9384766,0.01953125,10,-3.3125,-0.875,0.08105469,0.8554688,-0.009765625,0.46875,9.875,4.9375,-0.02050781,0.9794922,-0.265625,5.21875,-1.78125,3.40625,187.2489,288.7335,171.1973,145.7166,309.5912,175.4212
804.1076,-0.1162109,0.9384766,0.01953125,10,-3.3125,-0.875,0.08105469,0.8554688,-0.009765625,0.46875,9.875,4.9375,-0.02050781,0.9794922,-0.265625,5.21875,-1.78125,3.40625,187.1574,289.2021,170.864,145.7166,309.5912,175.4212
804.1407,-0.1162109,0.9384766,0.01953125,10,-3.3125,-0.875,0.08105469,0.8554688,-0.009765625,0.46875,9.875,4.9375,-0.02050781,0.9794922,-0.265625,5.21875,-1.78125,3.40625,187.1574,289.2021,170.864,145.7166,309.5912,175.4212
804.174,-0.1162109,0.9384766,0.01953125,10,-3.3125,-0.875,0.08105469,0.8554688,-0.009765625,0.46875,9.875,4.9375,-0.02050781,0.9794922,-0.265625,5.21875,-1.78125,3.40625,187.1574,289.2021,170.864,145.7166,309.5912,175.4212
804.2074,-0.1162109,0.9384766,0.01953125,10,-3.3125,-0.875,0.08105469,0.8554688,-0.009765625,0.46875,9.875,4.9375,-0.02050781,0.9794922,-0.265625,5.21875,-1.78125,3.40625,186.9014,289.0724,171.2239,147.0877,310.6595,175.7117
804.2411,-0.03125,0.9716797,-0.03320313,-7.46875,-1.46875,-4.21875,0.08105469,0.8554688,-0.009765625,0.46875,9.875,4.9375,-0.02050781,0.9794922,-0.265625,5.21875,-1.78125,3.40625,186.6041,287.9905,171.0011,147.0877,310.6595,175.7117
804.2741,-0.03125,0.9716797,-0.03320313,-7.46875,-1.46875,-4.21875,0.08105469,0.8554688,-0.009765625,0.46875,9.875,4.9375,-0.02050781,0.9794922,-0.265625,5.21875,-1.78125,3.40625,186.6041,287.9905,171.0011,147.0877,310.6595,175.7117
804.3079,-0.1748047,1.037109,0.07324219,4.375,6.40625,-2.15625,0.08105469,0.8554688,-0.009765625,0.46875,9.875,4.9375,-0.02050781,0.9794922,-0.265625,5.21875,-1.78125,3.40625,186.6041,287.9905,171.0011,146.905,310.8358,176.4166
804.3412,-0.1748047,1.037109,0.07324219,4.375,6.40625,-2.15625,0.08105469,0.8554688,-0.009765625,0.46875,9.875,4.9375,-0.02050781,0.9794922,-0.265625,5.21875,-1.78125,3.40625,186.3869,288.1309,169.6338,146.905,310.8358,176.4166
804.3741,-0.1748047,1.037109,0.07324219,4.375,6.40625,-2.15625,0.08105469,0.8554688,-0.009765625,0.46875,9.875,4.9375,-0.02050781,0.9794922,-0.265625,5.21875,-1.78125,3.40625,186.3869,288.1309,169.6338,146.905,310.8358,176.4166
804.4086,-0.1748047,1.037109,0.07324219,4.375,6.40625,-2.15625,0.08105469,0.8554688,-0.009765625,0.46875,9.875,4.9375,-0.02050781,0.9794922,-0.265625,5.21875,-1.78125,3.40625,186.3869,288.1309,169.6338,145.2128,310.6954,176.2378
804.4418,-0.1748047,1.037109,0.07324219,4.375,6.40625,-2.15625,0.08105469,0.8554688,-0.009765625,0.46875,9.875,4.9375,-0.02050781,0.9794922,-0.265625,5.21875,-1.78125,3.40625,186.3869,288.1309,169.6338,145.2128,310.6954,176.2378
804.475,-0.1748047,1.037109,0.07324219,4.375,6.40625,-2.15625,0.08105469,0.8554688,-0.009765625,0.46875,9.875,4.9375,-0.02050781,0.9794922,-0.265625,5.21875,-1.78125,3.40625,186.3869,288.1309,169.6338,145.2128,310.6954,176.2378
804.5085,-0.1748047,1.037109,0.07324219,4.375,6.40625,-2.15625,0.02246094,0.9394531,0.1113281,3.90625,1.375,0.53125,-0.02050781,0.9794922,-0.265625,5.21875,-1.78125,3.40625,186.2262,287.9255,169.7788,145.2128,310.6954,176.2378
804.5424,-0.1748047,1.037109,0.07324219,4.375,6.40625,-2.15625,0.02246094,0.9394531,0.1113281,3.90625,1.375,0.53125,-0.02050781,0.9794922,-0.265625,5.21875,-1.78125,3.40625,186.2262,287.9255,169.7788,144.254,310.1511,177.1982
804.5754,-0.1748047,1.037109,0.07324219,4.375,6.40625,-2.15625,0.02246094,0.9394531,0.1113281,3.90625,1.375,0.53125,-0.02050781,0.9794922,-0.265625,5.21875,-1.78125,3.40625,186.2262,287.9255,169.7788,144.254,310.1511,177.1982
804.6088,-0.1748047,1.037109,0.07324219,4.375,6.40625,-2.15625,0.02246094,0.9394531,0.1113281,3.90625,1.375,0.53125,-0.02050781,0.9794922,-0.265625,5.21875,-1.78125,3.40625,186.2262,287.9255,169.7788,144.254,310.1511,177.1982
804.6423,-0.1748047,1.037109,0.07324219,4.375,6.40625,-2.15625,0.02246094,0.9394531,0.1113281,3.90625,1.375,0.53125,-0.02050781,0.9794922,-0.265625,5.21875,-1.78125,3.40625,186.2262,287.9255,169.7788,144.254,310.1511,177.1982
804.676,0.01074219,0.9296875,0.1513672,5.84375,4.5625,3.59375,0.02246094,0.9394531,0.1113281,3.90625,1.375,0.53125,-0.02050781,0.9794922,-0.265625,5.21875,-1.78125,3.40625,186.2262,287.9255,169.7788,144.254,310.1511,177.1982
804.6782,0.01074219,0.9296875,0.1513672,5.84375,4.5625,3.59375,0.02246094,0.9394531,0.1113281,3.90625,1.375,0.53125,-0.02050781,0.9794922,-0.265625,5.21875,-1.78125,3.40625,186.2262,287.9255,169.7788,144.254,310.1511,177.1982
804.7092,0.01074219,0.9296875,0.1513672,5.84375,4.5625,3.59375,0.03710938,1.011719,0.002929688,4.3125,1.09375,-0.25,-0.02050781,0.9794922,-0.265625,5.21875,-1.78125,3.40625,186.2151,287.6263,169.9075,144.254,310.1511,177.1982
804.7424,0.01074219,0.9296875,0.1513672,5.84375,4.5625,3.59375,0.03710938,1.011719,0.002929688,4.3125,1.09375,-0.25,0.01367188,1.033203,-0.3476563,1.5,-0.3125,-1.40625,186.2151,287.6263,169.9075,144.254,310.1511,177.1982
804.7756,-0.03613281,0.9570313,0.07714844,-6.3125,3.40625,11.8125,0.03710938,1.011719,0.002929688,4.3125,1.09375,-0.25,0.01367188,1.033203,-0.3476563,1.5,-0.3125,-1.40625,186.2151,287.6263,169.9075,144.2935,310.3935,177.3674
804.8097,-0.03613281,0.9570313,0.07714844,-6.3125,3.40625,11.8125,0.1103516,0.9365234,0.02539063,3.28125,6.09375,0.65625,0.01367188,1.033203,-0.3476563,1.5,-0.3125,-1.40625,186.2151,287.6263,169.9075,144.2935,310.3935,177.3674
804.8424,-0.03613281,0.9570313,0.07714844,-6.3125,3.40625,11.8125,0.1103516,0.9365234,0.02539063,3.28125,6.09375,0.65625,-0.03710938,0.9814453,-0.1835938,2.59375,0.65625,-2.40625,186.2151,287.6263,169.9075,144.2935,310.3935,177.3674
804.8758,-0.03613281,0.9570313,0.07714844,-6.3125,3.40625,11.8125,0.1103516,0.9365234,0.02539063,3.28125,6.09375,0.65625,-0.03710938,0.9814453,-0.1835938,2.59375,0.65625,-2.40625,186.2151,287.6263,169.9075,144.2935,310.3935,177.3674
804.91,-0.03613281,0.9570313,0.07714844,-6.3125,3.40625,11.8125,0.1103516,0.9365234,0.02539063,3.28125,6.09375,0.65625,-0.03710938,0.9814453,-0.1835938,2.59375,0.65625,-2.40625,186.2151,287.6263,169.9075,144.2935,310.3935,177.3674
804.9431,0.004882813,0.9238281,-0.1162109,-9.90625,2.0625,10.125,0.1103516,0.9365234,0.02539063,3.28125,6.09375,0.65625,-0.03710938,0.9814453,-0.1835938,2.59375,0.65625,-2.40625,186.2151,287.6263,169.9075,144.2935,310.3935,177.3674
804.9766,0.004882813,0.9238281,-0.1162109,-9.90625,2.0625,10.125,-0.004882813,0.9814453,0.006835938,1.875,-2.28125,-0.4375,-0.03710938,0.9814453,-0.1835938,2.59375,0.65625,-2.40625,186.2151,287.6263,169.9075,144.2935,310.3935,177.3674
805.0099,0.004882813,0.9238281,-0.1162109,-9.90625,2.0625,10.125,-0.004882813,0.9814453,0.006835938,1.875,-2.28125,-0.4375,0.05371094,0.8496094,-0.2626953,0.65625,-2.9375,0.34375,186.2151,287.6263,169.9075,144.2935,310.3935,177.3674
805.0431,0.004882813,0.9238281,-0.1162109,-9.90625,2.0625,10.125,-0.004882813,0.9814453,0.006835938,1.875,-2.28125,-0.4375,0.05371094,0.8496094,-0.2626953,0.65625,-2.9375,0.34375,186.2151,287.6263,169.9075,144.2935,310.3935,177.3674
805.0766,0.004882813,0.9238281,-0.1162109,-9.90625,2.0625,10.125,-0.004882813,0.9814453,0.006835938,1.875,-2.28125,-0.4375,0.05371094,0.8496094,-0.2626953,0.65625,-2.9375,0.34375,186.2151,287.6263,169.9075,144.2935,310.3935,177.3674
805.1103,0.004882813,0.9238281,-0.1162109,-9.90625,2.0625,10.125,-0.004882813,0.9814453,0.006835938,1.875,-2.28125,-0.4375,-0.015625,0.9003906,-0.3046875,1.625,-1.59375,-0.6875,186.2151,287.6263,169.9075,144.2935,310.3935,177.3674
805.1433,0.004882813,0.9238281,-0.1162109,-9.90625,2.0625,10.125,-0.004882813,0.9814453,0.006835938,1.875,-2.28125,-0.4375,-0.015625,0.9003906,-0.3046875,1.625,-1.59375,-0.6875,186.2151,287.6263,169.9075,144.2935,310.3935,177.3674
805.1771,0.004882813,0.9238281,-0.1162109,-9.90625,2.0625,10.125,-0.004882813,0.9814453,0.006835938,1.875,-2.28125,-0.4375,-0.01074219,0.9267578,-0.3027344,2.59375,0.28125,-0.1875,186.2151,287.6263,169.9075,144.2935,310.3935,177.3674
805.2112,0.004882813,0.9238281,-0.1162109,-9.90625,2.0625,10.125,-0.004882813,0.9814453,0.006835938,1.875,-2.28125,-0.4375,-0.01074219,0.9267578,-0.3027344,2.59375,0.28125,-0.1875,186.2151,287.6263,169.9075,144.2935,310.3935,177.3674
805.2442,0.004882813,0.9238281,-0.1162109,-9.90625,2.0625,10.125,-0.004882813,0.9814453,0.006835938,1.875,-2.28125,-0.4375,-0.01074219,0.9267578,-0.3027344,2.59375,0.28125,-0.1875,186.2151,287.6263,169.9075,144.2935,310.3935,177.3674
805.2779,0.004882813,0.9238281,-0.1162109,-9.90625,2.0625,10.125,-0.004882813,0.9814453,0.006835938,1.875,-2.28125,-0.4375,-0.01074219,0.9267578,-0.3027344,2.59375,0.28125,-0.1875,186.2151,287.6263,169.9075,144.2004,312.6626,176.162
805.3115,0.01269531,1.014648,0.07226563,-0.375,3.59375,-2.59375,-0.004882813,0.9814453,0.006835938,1.875,-2.28125,-0.4375,-0.01074219,0.9267578,-0.3027344,2.59375,0.28125,-0.1875,186.2151,287.6263,169.9075,144.2004,312.6626,176.162
805.3447,0.01269531,1.014648,0.07226563,-0.375,3.59375,-2.59375,0.09472656,0.9248047,-0.06542969,-1,-0.875,-1.125,-0.01074219,0.9267578,-0.3027344,2.59375,0.28125,-0.1875,186.2151,287.6263,169.9075,144.2004,312.6626,176.162
805.3781,0.01269531,1.014648,0.07226563,-0.375,3.59375,-2.59375,0.09472656,0.9248047,-0.06542969,-1,-0.875,-1.125,-0.01074219,0.9267578,-0.3027344,2.59375,0.28125,-0.1875,186.2151,287.6263,169.9075,145.0435,313.2589,176.019
805.4116,0.01269531,1.014648,0.07226563,-0.375,3.59375,-2.59375,0.09472656,0.9248047,-0.06542969,-1,-0.875,-1.125,-0.01074219,0.9267578,-0.3027344,2.59375,0.28125,-0.1875,186.2151,287.6263,169.9075,145.0435,313.2589,176.019
805.4446,0.01269531,1.014648,0.07226563,-0.375,3.59375,-2.59375,0.09472656,0.9248047,-0.06542969,-1,-0.875,-1.125,-0.01074219,0.9267578,-0.3027344,2.59375,0.28125,-0.1875,186.2151,287.6263,169.9075,145.34,312.976,176.0023
805.4784,0.004882813,1.015625,0.05859375,-0.4375,-3.96875,-1.53125,0.09472656,0.9248047,-0.06542969,-1,-0.875,-1.125,-0.01074219,0.9267578,-0.3027344,2.59375,0.28125,-0.1875,186.2151,287.6263,169.9075,145.34,312.976,176.0023
805.5115,0.004882813,1.015625,0.05859375,-0.4375,-3.96875,-1.53125,0.09472656,0.9248047,-0.06542969,-1,-0.875,-1.125,-0.01074219,0.9267578,-0.3027344,2.59375,0.28125,-0.1875,186.9352,290.6034,170.0789,145.34,312.976,176.0023
805.5449,0.004882813,1.015625,0.05859375,-0.4375,-3.96875,-1.53125,0.09472656,0.9248047,-0.06542969,-1,-0.875,-1.125,-0.01074219,0.9267578,-0.3027344,2.59375,0.28125,-0.1875,186.9352,290.6034,170.0789,145.34,312.976,176.0023
805.5782,-0.09667969,0.9853516,0.125,18.90625,-2.53125,-0.25,0.09472656,0.9248047,-0.06542969,-1,-0.875,-1.125,-0.01074219,0.9267578,-0.3027344,2.59375,0.28125,-0.1875,186.9352,290.6034,170.0789,145.34,312.976,176.0023
805.6118,-0.09667969,0.9853516,0.125,18.90625,-2.53125,-0.25,0.1269531,0.9648438,-0.05566406,0.78125,-2.6875,0.28125,-0.01074219,0.9267578,-0.3027344,2.59375,0.28125,-0.1875,186.9352,290.6034,170.0789,145.34,312.976,176.0023
805.6455,-0.09667969,0.9853516,0.125,18.90625,-2.53125,-0.25,0.1269531,0.9648438,-0.05566406,0.78125,-2.6875,0.28125,-0.01074219,0.9267578,-0.3027344,2.59375,0.28125,-0.1875,186.9352,290.6034,170.0789,145.4289,309.5586,174.0841
805.6794,-0.0390625,1.009766,0.06054688,4.5625,-3.0625,-2.15625,0.06542969,0.8164063,0.01367188,0.59375,-1.34375,-0.1875,-0.01074219,0.9267578,-0.3027344,2.59375,0.28125,-0.1875,187.3736,290.3448,170.8238,145.4289,309.5586,174.0841
805.7125,-0.0390625,1.009766,0.06054688,4.5625,-3.0625,-2.15625,0.06542969,0.8164063,0.01367188,0.59375,-1.34375,-0.1875,-0.01074219,0.9267578,-0.3027344,2.59375,0.28125,-0.1875,187.3736,290.3448,170.8238,146.1676,310.0004,174.282
805.7455,-0.0703125,0.9794922,0.05859375,-12.03125,1.5625,-0.75,0.06542969,0.8164063,0.01367188,0.59375,-1.34375,-0.1875,-0.01074219,0.9267578,-0.3027344,2.59375,0.28125,-0.1875,187.3736,290.3448,170.8238,146.1676,310.0004,174.282
805.7793,-0.0703125,0.9794922,0.05859375,-12.03125,1.5625,-0.75,0.09277344,0.8652344,0.02734375,-0.125,3.46875,-0.875,-0.01074219,0.9267578,-0.3027344,2.59375,0.28125,-0.1875,187.4966,290.6278,170.8458,146.1676,310.0004,174.282
805.8125,-0.0703125,0.9794922,0.05859375,-12.03125,1.5625,-0.75,0.09277344,0.8652344,0.02734375,-0.125,3.46875,-0.875,-0.01074219,0.9267578,-0.3027344,2.59375,0.28125,-0.1875,187.4966,290.6278,170.8458,146.4771,309.9031,174.2742
805.8456,-0.05566406,1.067383,0.1171875,-10.5,-0.625,0.59375,0.09277344,0.8652344,0.02734375,-0.125,3.46875,-0.875,-0.01074219,0.9267578,-0.3027344,2.59375,0.28125,-0.1875,187.4966,290.6278,170.8458,146.4771,309.9031,174.2742
805.8793,-0.05566406,1.067383,0.1171875,-10.5,-0.625,0.59375,0.09277344,0.8652344,0.02734375,-0.125,3.46875,-0.875,-0.01074219,0.9267578,-0.3027344,2.59375,0.28125,-0.1875,187.4966,290.6278,170.8458,146.4771,309.9031,174.2742
805.9127,-0.05566406,1.067383,0.1171875,-10.5,-0.625,0.59375,0.09277344,0.8652344,0.02734375,-0.125,3.46875,-0.875,-0.07226563,0.8740234,-0.2636719,-0.3125,-1.71875,-1.34375,187.4966,290.6278,170.8458,146.4771,309.9031,174.2742
805.9457,0.05859375,1.077148,0.08886719,-2.75,-0.375,-2.09375,0.09277344,0.8652344,0.02734375,-0.125,3.46875,-0.875,-0.07226563,0.8740234,-0.2636719,-0.3125,-1.71875,-1.34375,187.4966,290.6278,170.8458,146.4771,309.9031,174.2742
805.9791,0.05859375,1.077148,0.08886719,-2.75,-0.375,-2.09375,0.01367188,0.9140625,-0.1083984,-0.1875,1.3125,0,-0.1328125,0.9238281,-0.2871094,-1.0625,-2.03125,-1.46875,187.1991,290.5551,170.8458,146.4771,309.9031,174.2742
806.0125,0.05859375,1.077148,0.08886719,-2.75,-0.375,-2.09375,0.01367188,0.9140625,-0.1083984,-0.1875,1.3125,0,-0.1328125,0.9238281,-0.2871094,-1.0625,-2.03125,-1.46875,187.1991,290.5551,170.8458,146.4771,309.9031,174.2742
806.0457,0.05859375,1.077148,0.08886719,-2.75,-0.375,-2.09375,0.01367188,0.9140625,-0.1083984,-0.1875,1.3125,0,-0.1328125,0.9238281,-0.2871094,-1.0625,-2.03125,-1.46875,187.5116,290.4732,171.2659,146.4771,309.9031,174.2742
806.0793,0.05859375,1.077148,0.08886719,-2.75,-0.375,-2.09375,0.01367188,0.9140625,-0.1083984,-0.1875,1.3125,0,-0.1328125,0.9238281,-0.2871094,-1.0625,-2.03125,-1.46875,187.5116,290.4732,171.2659,146.4771,309.9031,174.2742
806.1127,0.05859375,1.077148,0.08886719,-2.75,-0.375,-2.09375,0.01367188,0.9140625,-0.1083984,-0.1875,1.3125,0,-0.1328125,0.9238281,-0.2871094,-1.0625,-2.03125,-1.46875,187.5116,290.4732,171.2659,146.4771,309.9031,174.2742
806.1458,0.05859375,1.077148,0.08886719,-2.75,-0.375,-2.09375,0.1123047,0.8818359,-0.02539063,1.375,-3.375,0.84375,-0.1328125,0.9238281,-0.2871094,-1.0625,-2.03125,-1.46875,187.5116,290.4732,171.2659,146.4771,309.9031,174.2742
806.1794,0.05859375,1.077148,0.08886719,-2.75,-0.375,-2.09375,0.1123047,0.8818359,-0.02539063,1.375,-3.375,0.84375,-0.03808594,0.9082031,-0.3662109,1.21875,-1.46875,-1.0625,187.5116,290.4732,171.2659,146.4771,309.9031,174.2742
806.2125,0.05859375,1.077148,0.08886719,-2.75,-0.375,-2.09375,0.1123047,0.8818359,-0.02539063,1.375,-3.375,0.84375,-0.03808594,0.9082031,-0.3662109,1.21875,-1.46875,-1.0625,187.5116,290.4732,171.2659,146.4771,309.9031,174.2742
806.2678,-0.0546875,0.9628906,0.1210938,-6.84375,1.09375,-1,0.1123047,0.8818359,-0.02539063,1.375,-3.375,0.84375,-0.03808594,0.9082031,-0.3662109,1.21875,-1.46875,-1.0625,187.5116,290.4732,171.2659,146.4771,309.9031,174.2742
806.3015,-0.0546875,0.9628906,0.1210938,-6.84375,1.09375,-1,0.08398438,0.8466797,0.04394531,0.46875,1.8125,-0.875,0.01171875,0.9257813,-0.3417969,0.15625,0.53125,-2.28125,187.6728,290.9871,170.9478,146.4771,309.9031,174.2742
806.3349,-0.0546875,0.9628906,0.1210938,-6.84375,1.09375,-1,0.08398438,0.8466797,0.04394531,0.46875,1.8125,-0.875,0.01171875,0.9257813,-0.3417969,0.15625,0.53125,-2.28125,187.6728,290.9871,170.9478,146.4771,309.9031,174.2742
806.3682,-0.0546875,0.9628906,0.1210938,-6.84375,1.09375,-1,0.08398438,0.8466797,0.04394531,0.46875,1.8125,-0.875,0.01171875,0.9257813,-0.3417969,0.15625,0.53125,-2.28125,187.6728,290.9871,170.9478,146.4771,309.9031,174.2742
806.4017,-0.0546875,0.9628906,0.1210938,-6.84375,1.09375,-1,0.08398438,0.8466797,0.04394531,0.46875,1.8125,-0.875,0.08496094,0.9521484,-0.3710938,-1.65625,3.40625,0,187.6728,290.9871,170.9478,146.4771,309.9031,174.2742
806.4352,-0.0546875,0.9628906,0.1210938,-6.84375,1.09375,-1,0.1914063,0.9492188,-0.09277344,2.5625,7.125,0.84375,0.08496094,0.9521484,-0.3710938,-1.65625,3.40625,0,187.6728,290.9871,170.9478,146.4771,309.9031,174.2742
806.468,-0.0546875,0.9628906,0.1210938,-6.84375,1.09375,-1,0.1914063,0.9492188,-0.09277344,2.5625,7.125,0.84375,0.08496094,0.9521484,-0.3710938,-1.65625,3.40625,0,187.6728,290.9871,170.9478,146.4771,309.9031,174.2742
806.5016,-0.0546875,0.9628906,0.1210938,-6.84375,1.09375,-1,0.1914063,0.9492188,-0.09277344,2.5625,7.125,0.84375,0.08496094,0.9521484,-0.3710938,-1.65625,3.40625,0,187.6728,290.9871,170.9478,146.4771,309.9031,174.2742
806.5351,-0.0546875,0.9628906,0.1210938,-6.84375,1.09375,-1,0.1914063,0.9492188,-0.09277344,2.5625,7.125,0.84375,0.08496094,0.9521484,-0.3710938,-1.65625,3.40625,0,187.6728,290.9871,170.9478,146.4771,309.9031,174.2742
806.5679,-0.0546875,0.9628906,0.1210938,-6.84375,1.09375,-1,0.1914063,0.9492188,-0.09277344,2.5625,7.125,0.84375,0.1259766,1.037109,-0.3251953,-0.0625,-2.8125,1.28125,187.6728,290.9871,170.9478,146.4771,309.9031,174.2742
806.6023,-0.0546875,0.9628906,0.1210938,-6.84375,1.09375,-1,0.1914063,0.9492188,-0.09277344,2.5625,7.125,0.84375,0.1259766,1.037109,-0.3251953,-0.0625,-2.8125,1.28125,187.6728,290.9871,170.9478,146.4771,309.9031,174.2742
806.6355,-0.0546875,0.9628906,0.1210938,-6.84375,1.09375,-1,0.06445313,1.003906,0.02734375,1.4375,1.09375,0.65625,0.1259766,1.037109,-0.3251953,-0.0625,-2.8125,1.28125,187.6728,290.9871,170.9478,146.4771,309.9031,174.2742
806.6685,-0.0546875,0.9628906,0.1210938,-6.84375,1.09375,-1,0.06445313,1.003906,0.02734375,1.4375,1.09375,0.65625,0.1269531,0.9121094,-0.1611328,-0.0625,-2.03125,0.84375,187.6728,290.9871,170.9478,146.4771,309.9031,174.2742
806.7348,-0.0546875,0.9628906,0.1210938,-6.84375,1.09375,-1,0.1181641,0.9648438,-0.0703125,-2.40625,-1.59375,-1.0625,-0.04785156,0.9121094,-0.3261719,-1.0625,-0.6875,0.09375,187.6728,290.9871,170.9478,146.4771,309.9031,174.2742
806.7683,-0.0546875,0.9628906,0.1210938,-6.84375,1.09375,-1,0.1181641,0.9648438,-0.0703125,-2.40625,-1.59375,-1.0625,-0.04785156,0.9121094,-0.3261719,-1.0625,-0.6875,0.09375,187.6728,290.9871,170.9478,146.4771,309.9031,174.2742
806.8016,-0.0546875,0.9628906,0.1210938,-6.84375,1.09375,-1,0.1083984,0.8828125,-0.01757813,-1.65625,2.4375,1.09375,-0.04785156,0.9121094,-0.3261719,-1.0625,-0.6875,0.09375,187.6728,290.9871,170.9478,146.4771,309.9031,174.2742
806.8348,-0.0546875,0.9628906,0.1210938,-6.84375,1.09375,-1,0.1083984,0.8828125,-0.01757813,-1.65625,2.4375,1.09375,-0.04785156,0.9121094,-0.3261719,-1.0625,-0.6875,0.09375,187.6728,290.9871,170.9478,146.4771,309.9031,174.2742
806.8683,-0.0546875,0.9628906,0.1210938,-6.84375,1.09375,-1,0.1083984,0.8828125,-0.01757813,-1.65625,2.4375,1.09375,-0.04785156,0.9121094,-0.3261719,-1.0625,-0.6875,0.09375,187.6728,290.9871,170.9478,146.4771,309.9031,174.2742
806.9017,-0.0546875,0.9628906,0.1210938,-6.84375,1.09375,-1,0.1083984,0.8828125,-0.01757813,-1.65625,2.4375,1.09375,-0.04785156,0.9121094,-0.3261719,-1.0625,-0.6875,0.09375,187.6728,290.9871,170.9478,146.4771,309.9031,174.2742
806.935,-0.0546875,0.9628906,0.1210938,-6.84375,1.09375,-1,0.1083984,0.8828125,-0.01757813,-1.65625,2.4375,1.09375,0.03027344,0.9384766,-0.1796875,-1.71875,-0.5,0.96875,187.6728,290.9871,170.9478,146.4771,309.9031,174.2742
806.9684,-0.0546875,0.9628906,0.1210938,-6.84375,1.09375,-1,0.1083984,0.8828125,-0.01757813,-1.65625,2.4375,1.09375,0.03027344,0.9384766,-0.1796875,-1.71875,-0.5,0.96875,187.6728,290.9871,170.9478,146.4771,309.9031,174.2742
807.0015,-0.0546875,0.9628906,0.1210938,-6.84375,1.09375,-1,0.1083984,0.8828125,-0.01757813,-1.65625,2.4375,1.09375,-0.05957031,1.046875,-0.3964844,-0.375,0.15625,0.21875,187.6728,290.9871,170.9478,146.4771,309.9031,174.2742
807.0349,-0.0546875,0.9628906,0.1210938,-6.84375,1.09375,-1,0.1083984,0.8828125,-0.01757813,-1.65625,2.4375,1.09375,-0.05957031,1.046875,-0.3964844,-0.375,0.15625,0.21875,187.6728,290.9871,170.9478,146.4771,309.9031,174.2742
807.0684,-0.0546875,0.9628906,0.1210938,-6.84375,1.09375,-1,-0.015625,1.026367,0.02636719,-1.1875,3.34375,-0.375,-0.05957031,1.046875,-0.3964844,-0.375,0.15625,0.21875,187.6728,290.9871,170.9478,146.4771,309.9031,174.2742
807.1022,-0.0546875,0.9628906,0.1210938,-6.84375,1.09375,-1,-0.015625,1.026367,0.02636719,-1.1875,3.34375,-0.375,0.002929688,0.9755859,-0.2041016,0.40625,0.15625,-0.5,187.6728,290.9871,170.9478,146.4771,309.9031,174.2742
807.1351,-0.0546875,0.9628906,0.1210938,-6.84375,1.09375,-1,-0.015625,1.026367,0.02636719,-1.1875,3.34375,-0.375,0.002929688,0.9755859,-0.2041016,0.40625,0.15625,-0.5,187.6728,290.9871,170.9478,147.8095,312.1585,174.4698
807.1685,-0.0546875,0.9628906,0.1210938,-6.84375,1.09375,-1,-0.015625,1.026367,0.02636719,-1.1875,3.34375,-0.375,0.002929688,0.9755859,-0.2041016,0.40625,0.15625,-0.5,187.6728,290.9871,170.9478,147.8095,312.1585,174.4698
807.2019,-0.0546875,0.9628906,0.1210938,-6.84375,1.09375,-1,-0.015625,1.026367,0.02636719,-1.1875,3.34375,-0.375,0.002929688,0.9755859,-0.2041016,0.40625,0.15625,-0.5,187.6728,290.9871,170.9478,147.8095,312.1585,174.4698
807.2354,-0.08203125,1.045898,0.1884766,1.5625,-4.09375,1.6875,-0.015625,1.026367,0.02636719,-1.1875,3.34375,-0.375,0.002929688,0.9755859,-0.2041016,0.40625,0.15625,-0.5,187.6728,290.9871,170.9478,148.0639,311.6238,174.6907
807.2686,-0.08203125,1.045898,0.1884766,1.5625,-4.09375,1.6875,-0.015625,1.026367,0.02636719,-1.1875,3.34375,-0.375,0.002929688,0.9755859,-0.2041016,0.40625,0.15625,-0.5,187.6728,290.9871,170.9478,148.0639,311.6238,174.6907
807.3022,-0.1337891,1.041992,-0.002929688,-10.28125,-5.03125,2.5,-0.015625,1.026367,0.02636719,-1.1875,3.34375,-0.375,0.002929688,0.9755859,-0.2041016,0.40625,0.15625,-0.5,187.6728,290.9871,170.9478,148.0639,311.6238,174.6907
807.304,-0.1337891,1.041992,-0.002929688,-10.28125,-5.03125,2.5,-0.015625,1.026367,0.02636719,-1.1875,3.34375,-0.375,0.002929688,0.9755859,-0.2041016,0.40625,0.15625,-0.5,187.6728,290.9871,170.9478,148.0639,311.6238,174.6907
807.3358,-0.1337891,1.041992,-0.002929688,-10.28125,-5.03125,2.5,-0.015625,1.026367,0.02636719,-1.1875,3.34375,-0.375,0.002929688,0.9755859,-0.2041016,0.40625,0.15625,-0.5,187.6728,290.9871,170.9478,148.0639,311.6238,174.6907
807.3693,-0.1337891,1.041992,-0.002929688,-10.28125,-5.03125,2.5,-0.015625,1.026367,0.02636719,-1.1875,3.34375,-0.375,0.002929688,0.9755859,-0.2041016,0.40625,0.15625,-0.5,186.8052,292.1082,170.4087,148.0639,311.6238,174.6907
807.4023,-0.1337891,1.041992,-0.002929688,-10.28125,-5.03125,2.5,-0.015625,1.026367,0.02636719,-1.1875,3.34375,-0.375,0.002929688,0.9755859,-0.2041016,0.40625,0.15625,-0.5,186.8052,292.1082,170.4087,145.9321,310.0453,174.0189
807.4359,-0.1337891,1.041992,-0.002929688,-10.28125,-5.03125,2.5,-0.015625,1.026367,0.02636719,-1.1875,3.34375,-0.375,0.002929688,0.9755859,-0.2041016,0.40625,0.15625,-0.5,186.8052,292.1082,170.4087,145.9321,310.0453,174.0189
807.4693,-0.1337891,1.041992,-0.002929688,-10.28125,-5.03125,2.5,-0.015625,1.026367,0.02636719,-1.1875,3.34375,-0.375,0.002929688,0.9755859,-0.2041016,0.40625,0.15625,-0.5,186.8052,292.1082,170.4087,145.9321,310.0453,174.0189
807.5028,0.001953125,0.984375,0.05175781,-6.4375,-4.28125,4.25,-0.015625,1.026367,0.02636719,-1.1875,3.34375,-0.375,0.002929688,0.9755859,-0.2041016,0.40625,0.15625,-0.5,186.8052,292.1082,170.4087,145.9321,310.0453,174.0189
807.536,0.001953125,0.984375,0.05175781,-6.4375,-4.28125,4.25,-0.015625,1.026367,0.02636719,-1.1875,3.34375,-0.375,0.002929688,0.9755859,-0.2041016,0.40625,0.15625,-0.5,186.8052,292.1082,170.4087,145.9321,310.0453,174.0189
807.5696,-0.06933594,1.089844,0.1962891,-2.6875,-4.46875,2.375,-0.015625,1.026367,0.02636719,-1.1875,3.34375,-0.375,0.002929688,0.9755859,-0.2041016,0.40625,0.15625,-0.5,186.8052,292.1082,170.4087,145.9321,310.0453,174.0189
807.6035,-0.06933594,1.089844,0.1962891,-2.6875,-4.46875,2.375,-0.015625,1.026367,0.02636719,-1.1875,3.34375,-0.375,0.002929688,0.9755859,-0.2041016,0.40625,0.15625,-0.5,186.8052,292.1082,170.4087,146.0516,310.1792,173.6968
807.6364,-0.06933594,1.089844,0.1962891,-2.6875,-4.46875,2.375,-0.015625,1.026367,0.02636719,-1.1875,3.34375,-0.375,0.002929688,0.9755859,-0.2041016,0.40625,0.15625,-0.5,186.8052,292.1082,170.4087,146.0516,310.1792,173.6968
807.6697,-0.01757813,1.022461,0.1972656,2.78125,-0.5,-0.6875,-0.015625,1.026367,0.02636719,-1.1875,3.34375,-0.375,0.002929688,0.9755859,-0.2041016,0.40625,0.15625,-0.5,186.8052,292.1082,170.4087,146.3358,310.2961,173.6823
807.7031,-0.01757813,1.022461,0.1972656,2.78125,-0.5,-0.6875,-0.015625,1.026367,0.02636719,-1.1875,3.34375,-0.375,0.002929688,0.9755859,-0.2041016,0.40625,0.15625,-0.5,186.8052,292.1082,170.4087,146.3358,310.2961,173.6823
807.7366,-0.01757813,1.022461,0.1972656,2.78125,-0.5,-0.6875,-0.015625,1.026367,0.02636719,-1.1875,3.34375,-0.375,-0.1035156,0.9443359,-0.3496094,0.90625,2,-1.3125,186.8052,292.1082,170.4087,146.3358,310.2961,173.6823
807.7697,-0.1259766,1.022461,0.06347656,1.09375,0.46875,-0.3125,-0.015625,1.026367,0.02636719,-1.1875,3.34375,-0.375,-0.1035156,0.9443359,-0.3496094,0.90625,2,-1.3125,186.8052,292.1082,170.4087,146.5147,310.3511,173.9345
807.803,-0.1259766,1.022461,0.06347656,1.09375,0.46875,-0.3125,0.04296875,0.8857422,-0.02246094,0.59375,-5.21875,-0.375,-0.1035156,0.9443359,-0.3496094,0.90625,2,-1.3125,186.8052,292.1082,170.4087,146.5147,310.3511,173.9345
807.8366,-0.1259766,1.022461,0.06347656,1.09375,0.46875,-0.3125,0.04296875,0.8857422,-0.02246094,0.59375,-5.21875,-0.375,-0.04296875,0.9404297,-0.1572266,-1.1875,-0.0625,0.03125,186.1636,292.3487,170.4508,146.5147,310.3511,173.9345
807.87,-0.1259766,1.022461,0.06347656,1.09375,0.46875,-0.3125,0.1318359,0.9912109,0.01171875,1.3125,0.71875,-0.6875,-0.04296875,0.9404297,-0.1572266,-1.1875,-0.0625,0.03125,186.1636,292.3487,170.4508,145.8776,309.6732,174.576
807.9033,-0.1259766,1.022461,0.06347656,1.09375,0.46875,-0.3125,0.1318359,0.9912109,0.01171875,1.3125,0.71875,-0.6875,0.03808594,0.9375,-0.2402344,-1.0625,-1.1875,0.53125,186.4497,292.631,170.5301,145.8776,309.6732,174.576
807.9367,-0.1259766,1.022461,0.06347656,1.09375,0.46875,-0.3125,0.1318359,0.9912109,0.01171875,1.3125,0.71875,-0.6875,0.03808594,0.9375,-0.2402344,-1.0625,-1.1875,0.53125,186.4497,292.631,170.5301,145.8776,309.6732,174.576
807.9702,-0.1259766,1.022461,0.06347656,1.09375,0.46875,-0.3125,0.1347656,0.8574219,0.0009765625,2,0.78125,0.90625,0.03808594,0.9375,-0.2402344,-1.0625,-1.1875,0.53125,186.4497,292.631,170.5301,145.8776,309.6732,174.576
808.0035,-0.1259766,1.022461,0.06347656,1.09375,0.46875,-0.3125,0.1347656,0.8574219,0.0009765625,2,0.78125,0.90625,0.03808594,0.9375,-0.2402344,-1.0625,-1.1875,0.53125,186.8652,290.86,170.7378,145.8776,309.6732,174.576
808.0368,-0.1259766,1.022461,0.06347656,1.09375,0.46875,-0.3125,0.1347656,0.8574219,0.0009765625,2,0.78125,0.90625,0.03808594,0.9375,-0.2402344,-1.0625,-1.1875,0.53125,186.8652,290.86,170.7378,145.8776,309.6732,174.576
808.0702,-0.1259766,1.022461,0.06347656,1.09375,0.46875,-0.3125,0.1435547,0.9716797,-0.0859375,1.625,-2.46875,-0.0625,0.03808594,0.9375,-0.2402344,-1.0625,-1.1875,0.53125,186.8652,290.86,170.7378,145.8776,309.6732,174.576
808.1037,-0.1259766,1.022461,0.06347656,1.09375,0.46875,-0.3125,0.1435547,0.9716797,-0.0859375,1.625,-2.46875,-0.0625,0.1035156,0.9140625,-0.3554688,-1.53125,-0.5,-0.1875,186.8652,290.86,170.7378,145.8776,309.6732,174.576
808.138,-0.1259766,1.022461,0.06347656,1.09375,0.46875,-0.3125,0.1435547,0.9716797,-0.0859375,1.625,-2.46875,-0.0625,0.1035156,0.9140625,-0.3554688,-1.53125,-0.5,-0.1875,186.8652,290.86,170.7378,145.8776,309.6732,174.576
808.1708,-0.1259766,1.022461,0.06347656,1.09375,0.46875,-0.3125,0.0546875,1.00293,0.06445313,1.15625,-1.96875,-0.1875,-0.09472656,1.013672,-0.3154297,-0.25,-2.875,0.78125,187.2021,290.7551,170.7958,145.8776,309.6732,174.576
808.2042,-0.1259766,1.022461,0.06347656,1.09375,0.46875,-0.3125,0.0546875,1.00293,0.06445313,1.15625,-1.96875,-0.1875,-0.09472656,1.013672,-0.3154297,-0.25,-2.875,0.78125,187.2021,290.7551,170.7958,145.8776,309.6732,174.576
808.238,-0.1259766,1.022461,0.06347656,1.09375,0.46875,-0.3125,0.07617188,0.9355469,-0.02050781,-0.4375,1.75,-0.125,-0.09472656,1.013672,-0.3154297,-0.25,-2.875,0.78125,187.2021,290.7551,170.7958,145.8776,309.6732,174.576
808.2711,-0.1259766,1.022461,0.06347656,1.09375,0.46875,-0.3125,0.07617188,0.9355469,-0.02050781,-0.4375,1.75,-0.125,0.04589844,0.8017578,-0.1484375,-0.3125,0.34375,-0.4375,187.2021,290.7551,170.7958,145.8776,309.6732,174.576
808.3047,-0.1259766,1.022461,0.06347656,1.09375,0.46875,-0.3125,0.07617188,0.9355469,-0.02050781,-0.4375,1.75,-0.125,0.04589844,0.8017578,-0.1484375,-0.3125,0.34375,-0.4375,187.2021,290.7551,170.7958,145.8776,309.6732,174.576
808.3384,-0.1259766,1.022461,0.06347656,1.09375,0.46875,-0.3125,0.02636719,0.9501953,-0.02246094,1.15625,-3.4375,0,0.04589844,0.8017578,-0.1484375,-0.3125,0.34375,-0.4375,187.2021,290.7551,170.7958,145.8776,309.6732,174.576
808.3715,-0.1259766,1.022461,0.06347656,1.09375,0.46875,-0.3125,0.02636719,0.9501953,-0.02246094,1.15625,-3.4375,0,0.04589844,0.8017578,-0.1484375,-0.3125,0.34375,-0.4375,187.2021,290.7551,170.7958,145.8776,309.6732,174.576
808.4047,-0.1259766,1.022461,0.06347656,1.09375,0.46875,-0.3125,0.02636719,0.9501953,-0.02246094,1.15625,-3.4375,0,0.04589844,0.8017578,-0.1484375,-0.3125,0.34375,-0.4375,187.2021,290.7551,170.7958,147.1774,310.299,174.5414
808.4384,-0.1259766,1.022461,0.06347656,1.09375,0.46875,-0.3125,0.02636719,0.9501953,-0.02246094,1.15625,-3.4375,0,0.04589844,0.8017578,-0.1484375,-0.3125,0.34375,-0.4375,187.2021,290.7551,170.7958,147.1774,310.299,174.5414
808.4713,-0.1259766,1.022461,0.06347656,1.09375,0.46875,-0.3125,0.02636719,0.9501953,-0.02246094,1.15625,-3.4375,0,0.04589844,0.8017578,-0.1484375,-0.3125,0.34375,-0.4375,187.2021,290.7551,170.7958,147.1774,310.299,174.5414
808.5048,-0.1259766,1.022461,0.06347656,1.09375,0.46875,-0.3125,0.02636719,0.9501953,-0.02246094,1.15625,-3.4375,0,0.04589844,0.8017578,-0.1484375,-0.3125,0.34375,-0.4375,187.2021,290.7551,170.7958,147.1774,310.299,174.5414
808.5383,-0.1259766,1.022461,0.06347656,1.09375,0.46875,-0.3125,0.02636719,0.9501953,-0.02246094,1.15625,-3.4375,0,0.04589844,0.8017578,-0.1484375,-0.3125,0.34375,-0.4375,187.2021,290.7551,170.7958,147.1774,310.299,174.5414
808.5717,-0.1259766,1.022461,0.06347656,1.09375,0.46875,-0.3125,0.02636719,0.9501953,-0.02246094,1.15625,-3.4375,0,0.04589844,0.8017578,-0.1484375,-0.3125,0.34375,-0.4375,187.2021,290.7551,170.7958,147.1774,310.299,174.5414
808.6052,-0.1259766,1.022461,0.06347656,1.09375,0.46875,-0.3125,0.02636719,0.9501953,-0.02246094,1.15625,-3.4375,0,0.04589844,0.8017578,-0.1484375,-0.3125,0.34375,-0.4375,187.2021,290.7551,170.7958,147.1774,310.299,174.5414
808.6385,-0.1259766,1.022461,0.06347656,1.09375,0.46875,-0.3125,0.02636719,0.9501953,-0.02246094,1.15625,-3.4375,0,0.04492188,0.8603516,-0.3632813,-4.46875,4.0625,-2.9375,187.7347,291.1071,170.7381,147.1774,310.299,174.5414
808.6716,-0.1259766,1.022461,0.06347656,1.09375,0.46875,-0.3125,0.02636719,0.9501953,-0.02246094,1.15625,-3.4375,0,0.04492188,0.8603516,-0.3632813,-4.46875,4.0625,-2.9375,187.7347,291.1071,170.7381,147.8851,309.843,173.1747
808.7053,-0.1259766,1.022461,0.06347656,1.09375,0.46875,-0.3125,0.02636719,0.9501953,-0.02246094,1.15625,-3.4375,0,0.04492188,0.8603516,-0.3632813,-4.46875,4.0625,-2.9375,187.7347,291.1071,170.7381,147.8851,309.843,173.1747
808.7388,0.1806641,0.9335938,-0.03125,-8.375,4.6875,3.84375,0.02636719,0.9501953,-0.02246094,1.15625,-3.4375,0,0.04492188,0.8603516,-0.3632813,-4.46875,4.0625,-2.9375,187.6448,291.979,170.6722,147.8851,309.843,173.1747
808.772,0.1806641,0.9335938,-0.03125,-8.375,4.6875,3.84375,0.02636719,0.9501953,-0.02246094,1.15625,-3.4375,0,0.04492188,0.8603516,-0.3632813,-4.46875,4.0625,-2.9375,187.6448,291.979,170.6722,148.4646,310.2485,172.8696
808.8053,0.1806641,0.9335938,-0.03125,-8.375,4.6875,3.84375,0.02636719,0.9501953,-0.02246094,1.15625,-3.4375,0,0.04492188,0.8603516,-0.3632813,-4.46875,4.0625,-2.9375,187.6448,291.979,170.6722,148.4646,310.2485,172.8696
808.839,0.1806641,0.9335938,-0.03125,-8.375,4.6875,3.84375,0.02636719,0.9501953,-0.02246094,1.15625,-3.4375,0,0.04492188,0.8603516,-0.3632813,-4.46875,4.0625,-2.9375,187.6448,291.979,170.6722,149.1463,311.0701,172.0457
808.8983,0.1806641,0.9335938,-0.03125,-8.375,4.6875,3.84375,0.02636719,0.9501953,-0.02246094,1.15625,-3.4375,0,0.04492188,0.8603516,-0.3632813,-4.46875,4.0625,-2.9375,187.6448,291.979,170.6722,149.1463,311.0701,172.0457
808.9001,0.1806641,0.9335938,-0.03125,-8.375,4.6875,3.84375,0.02636719,0.9501953,-0.02246094,1.15625,-3.4375,0,0.04492188,0.8603516,-0.3632813,-4.46875,4.0625,-2.9375,187.6448,291.979,170.6722,149.1463,311.0701,172.0457
808.9324,0.1806641,0.9335938,-0.03125,-8.375,4.6875,3.84375,0.02636719,0.9501953,-0.02246094,1.15625,-3.4375,0,0.04492188,0.8603516,-0.3632813,-4.46875,4.0625,-2.9375,187.6448,291.979,170.6722,146.846,314.7428,169.8651
808.9653,0.1806641,0.9335938,-0.03125,-8.375,4.6875,3.84375,0.02636719,0.9501953,-0.02246094,1.15625,-3.4375,0,0.04492188,0.8603516,-0.3632813,-4.46875,4.0625,-2.9375,187.6448,291.979,170.6722,146.846,314.7428,169.8651
808.9989,0.1806641,0.9335938,-0.03125,-8.375,4.6875,3.84375,0.02636719,0.9501953,-0.02246094,1.15625,-3.4375,0,0.04492188,0.8603516,-0.3632813,-4.46875,4.0625,-2.9375,182.7483,291.1007,171.3664,146.846,314.7428,169.8651
809.0327,-0.1162109,0.9169922,0.05566406,-51.09375,-15.28125,7.0625,0.02636719,0.9501953,-0.02246094,1.15625,-3.4375,0,0.04492188,0.8603516,-0.3632813,-4.46875,4.0625,-2.9375,182.7483,291.1007,171.3664,146.846,314.7428,169.8651
809.0654,-0.1162109,0.9169922,0.05566406,-51.09375,-15.28125,7.0625,0.02636719,0.9501953,-0.02246094,1.15625,-3.4375,0,0.04492188,0.8603516,-0.3632813,-4.46875,4.0625,-2.9375,182.7483,291.1007,171.3664,146.846,314.7428,169.8651
809.0988,-0.203125,0.9238281,0.1083984,-16.1875,-33.40625,-5.5,0.02636719,0.9501953,-0.02246094,1.15625,-3.4375,0,0.04492188,0.8603516,-0.3632813,-4.46875,4.0625,-2.9375,169.6012,294.1153,173.3437,146.846,314.7428,169.8651
809.1322,-0.203125,0.9238281,0.1083984,-16.1875,-33.40625,-5.5,-0.2998047,1.125,0.1533203,-114.8125,-1.25,-65.9375,0.04492188,0.8603516,-0.3632813,-4.46875,4.0625,-2.9375,169.6012,294.1153,173.3437,135.8399,305.276,185.5116
809.1658,-0.203125,0.9238281,0.1083984,-16.1875,-33.40625,-5.5,-0.2998047,1.125,0.1533203,-114.8125,-1.25,-65.9375,0.04492188,0.8603516,-0.3632813,-4.46875,4.0625,-2.9375,169.6012,294.1153,173.3437,135.8399,305.276,185.5116
809.1992,-0.2382813,1.085938,0.09082031,23.125,-48.84375,-15.6875,-0.2998047,1.125,0.1533203,-114.8125,-1.25,-65.9375,0.04492188,0.8603516,-0.3632813,-4.46875,4.0625,-2.9375,169.6012,294.1153,173.3437,133.6872,303.2873,186.563
809.2332,-0.2382813,1.085938,0.09082031,23.125,-48.84375,-15.6875,-0.1923828,0.07910156,0.2871094,16.40625,16.71875,15.65625,0.04492188,0.8603516,-0.3632813,-4.46875,4.0625,-2.9375,169.6012,294.1153,173.3437,133.6872,303.2873,186.563
809.2658,-0.2382813,1.085938,0.09082031,23.125,-48.84375,-15.6875,-0.1923828,0.07910156,0.2871094,16.40625,16.71875,15.65625,0.1435547,0.640625,-0.6064453,44.71875,49.65625,13.03125,169.6012,294.1153,173.3437,133.6872,303.2873,186.563
809.2999,-0.07128906,0.9345703,0.08984375,19.15625,-39.25,-14.84375,-0.1923828,0.07910156,0.2871094,16.40625,16.71875,15.65625,0.1435547,0.640625,-0.6064453,44.71875,49.65625,13.03125,169.6012,294.1153,173.3437,125.8974,299.9804,186.0596
809.3332,-0.07128906,0.9345703,0.08984375,19.15625,-39.25,-14.84375,-0.1923828,0.07910156,0.2871094,16.40625,16.71875,15.65625,0.1435547,0.640625,-0.6064453,44.71875,49.65625,13.03125,169.6012,294.1153,173.3437,125.8974,299.9804,186.0596
809.3663,-0.07128906,0.9345703,0.08984375,19.15625,-39.25,-14.84375,-0.1923828,0.07910156,0.2871094,16.40625,16.71875,15.65625,-0.03027344,-0.1142578,-0.3876953,20.96875,3.65625,4.0625,134.4153,291.3455,168.8387,125.8974,299.9804,186.0596
809.3997,-0.07128906,0.9345703,0.08984375,19.15625,-39.25,-14.84375,-0.03613281,0.6992188,0.3320313,80.0625,29.90625,56.75,-0.03027344,-0.1142578,-0.3876953,20.96875,3.65625,4.0625,134.4153,291.3455,168.8387,125.8974,299.9804,186.0596
809.4336,-0.07128906,0.9345703,0.08984375,19.15625,-39.25,-14.84375,-0.03613281,0.6992188,0.3320313,80.0625,29.90625,56.75,-0.01953125,0.7001953,-0.8691406,-47.375,-4.46875,-38.21875,134.4153,291.3455,168.8387,125.8974,299.9804,186.0596
809.4662,-0.07128906,0.9345703,0.08984375,19.15625,-39.25,-14.84375,-0.03613281,0.6992188,0.3320313,80.0625,29.90625,56.75,-0.01953125,0.7001953,-0.8691406,-47.375,-4.46875,-38.21875,134.4153,291.3455,168.8387,125.8974,299.9804,186.0596
809.4998,-0.07128906,0.9345703,0.08984375,19.15625,-39.25,-14.84375,-0.3886719,0.8613281,0.3291016,105.2188,-10.5625,74.4375,-0.01953125,0.7001953,-0.8691406,-47.375,-4.46875,-38.21875,134.4153,291.3455,168.8387,125.8974,299.9804,186.0596
809.5336,-0.07128906,0.9345703,0.08984375,19.15625,-39.25,-14.84375,-0.3886719,0.8613281,0.3291016,105.2188,-10.5625,74.4375,-0.0390625,1.000977,-0.5712891,-49.09375,39.59375,-35.84375,134.4153,291.3455,168.8387,125.8974,299.9804,186.0596
809.5665,-0.07128906,0.9345703,0.08984375,19.15625,-39.25,-14.84375,-0.3886719,0.8613281,0.3291016,105.2188,-10.5625,74.4375,-0.0390625,1.000977,-0.5712891,-49.09375,39.59375,-35.84375,134.4153,291.3455,168.8387,125.8974,299.9804,186.0596
809.5999,-0.07128906,0.9345703,0.08984375,19.15625,-39.25,-14.84375,-0.3886719,0.8613281,0.3291016,105.2188,-10.5625,74.4375,-0.0390625,1.000977,-0.5712891,-49.09375,39.59375,-35.84375,134.4153,291.3455,168.8387,125.8974,299.9804,186.0596
809.634,-0.07128906,0.9345703,0.08984375,19.15625,-39.25,-14.84375,-0.3886719,0.8613281,0.3291016,105.2188,-10.5625,74.4375,-0.09179688,1.999023,-0.3583984,-26.875,12.875,-25.21875,134.4153,291.3455,168.8387,125.8974,299.9804,186.0596
809.6672,-0.07128906,0.9345703,0.08984375,19.15625,-39.25,-14.84375,-0.3886719,0.8613281,0.3291016,105.2188,-10.5625,74.4375,-0.09179688,1.999023,-0.3583984,-26.875,12.875,-25.21875,134.4153,291.3455,168.8387,125.8974,299.9804,186.0596
809.7,-0.07128906,0.9345703,0.08984375,19.15625,-39.25,-14.84375,0.05078125,1.199219,0.3251953,138.9063,-7.15625,65.90625,-0.09179688,1.999023,-0.3583984,-26.875,12.875,-25.21875,134.4153,291.3455,168.8387,125.8974,299.9804,186.0596
809.7338,-0.07128906,0.9345703,0.08984375,19.15625,-39.25,-14.84375,0.05078125,1.199219,0.3251953,138.9063,-7.15625,65.90625,-0.09179688,1.999023,-0.3583984,-26.875,12.875,-25.21875,134.4153,291.3455,168.8387,121.5544,270.3361,212.4972
809.7667,-0.07128906,0.9345703,0.08984375,19.15625,-39.25,-14.84375,0.05078125,1.199219,0.3251953,138.9063,-7.15625,65.90625,-0.09179688,1.999023,-0.3583984,-26.875,12.875,-25.21875,134.4153,291.3455,168.8387,121.5544,270.3361,212.4972
809.8001,-0.07128906,0.9345703,0.08984375,19.15625,-39.25,-14.84375,0.05078125,1.199219,0.3251953,138.9063,-7.15625,65.90625,-0.09179688,1.999023,-0.3583984,-26.875,12.875,-25.21875,182.9104,290.3297,175.8267,121.5544,270.3361,212.4972
809.8342,-0.07128906,0.9345703,0.08984375,19.15625,-39.25,-14.84375,0.05078125,1.199219,0.3251953,138.9063,-7.15625,65.90625,-0.09179688,1.999023,-0.3583984,-26.875,12.875,-25.21875,182.9104,290.3297,175.8267,153.0618,304.562,175.5069
809.8671,-0.07128906,0.9345703,0.08984375,19.15625,-39.25,-14.84375,0.05078125,1.199219,0.3251953,138.9063,-7.15625,65.90625,-0.09179688,1.999023,-0.3583984,-26.875,12.875,-25.21875,182.9104,290.3297,175.8267,153.0618,304.562,175.5069
809.9003,-0.07128906,0.9345703,0.08984375,19.15625,-39.25,-14.84375,0.05078125,1.199219,0.3251953,138.9063,-7.15625,65.90625,-0.09179688,1.999023,-0.3583984,-26.875,12.875,-25.21875,182.9104,290.3297,175.8267,153.0618,304.562,175.5069
809.9344,-0.08203125,0.8613281,-0.03808594,15.96875,-1.53125,0,0.05078125,1.199219,0.3251953,138.9063,-7.15625,65.90625,-0.09179688,1.999023,-0.3583984,-26.875,12.875,-25.21875,182.9104,290.3297,175.8267,156.5671,310.4058,179.966
809.9672,-0.08203125,0.8613281,-0.03808594,15.96875,-1.53125,0,0.05078125,1.199219,0.3251953,138.9063,-7.15625,65.90625,-0.09179688,1.999023,-0.3583984,-26.875,12.875,-25.21875,182.9104,290.3297,175.8267,156.5671,310.4058,179.966
810.0006,-0.08203125,0.8613281,-0.03808594,15.96875,-1.53125,0,0.05078125,1.199219,0.3251953,138.9063,-7.15625,65.90625,-0.09179688,1.999023,-0.3583984,-26.875,12.875,-25.21875,185.885,293.9175,172.7724,155.4931,307.1786,175.8556
810.0347,-0.08203125,0.8613281,-0.03808594,15.96875,-1.53125,0,0.05078125,1.199219,0.3251953,138.9063,-7.15625,65.90625,-0.09179688,1.999023,-0.3583984,-26.875,12.875,-25.21875,185.885,293.9175,172.7724,155.4931,307.1786,175.8556
810.0676,-0.08203125,0.8613281,-0.03808594,15.96875,-1.53125,0,0.2021484,0.9267578,-0.06347656,-11.71875,-12.53125,-3.0625,-0.09179688,1.999023,-0.3583984,-26.875,12.875,-25.21875,185.885,293.9175,172.7724,155.4931,307.1786,175.8556
810.1008,-0.08203125,0.8613281,-0.03808594,15.96875,-1.53125,0,0.2021484,0.9267578,-0.06347656,-11.71875,-12.53125,-3.0625,-0.09179688,1.999023,-0.3583984,-26.875,12.875,-25.21875,185.885,293.9175,172.7724,155.4931,307.1786,175.8556
810.1347,-0.08203125,0.8613281,-0.03808594,15.96875,-1.53125,0,0.2021484,0.9267578,-0.06347656,-11.71875,-12.53125,-3.0625,-0.09179688,1.999023,-0.3583984,-26.875,12.875,-25.21875,185.885,293.9175,172.7724,155.5364,307.8461,176.9342
810.1677,-0.08203125,0.8613281,-0.03808594,15.96875,-1.53125,0,0.2021484,0.9267578,-0.06347656,-11.71875,-12.53125,-3.0625,-0.09179688,1.999023,-0.3583984,-26.875,12.875,-25.21875,185.885,293.9175,172.7724,155.5364,307.8461,176.9342
810.2009,-0.08203125,0.8613281,-0.03808594,15.96875,-1.53125,0,0.2021484,0.9267578,-0.06347656,-11.71875,-12.53125,-3.0625,-0.09179688,1.999023,-0.3583984,-26.875,12.875,-25.21875,185.3823,294.8817,171.1606,155.5364,307.8461,176.9342
810.2343,-0.0546875,1,0.0009765625,16.28125,5.78125,1.15625,0.2021484,0.9267578,-0.06347656,-11.71875,-12.53125,-3.0625,-0.09179688,1.999023,-0.3583984,-26.875,12.875,-25.21875,185.3823,294.8817,171.1606,153.3726,305.6991,177.277
810.2675,-0.0546875,1,0.0009765625,16.28125,5.78125,1.15625,0.09863281,0.8779297,0.02148438,1.28125,9.5,2.25,-0.09179688,1.999023,-0.3583984,-26.875,12.875,-25.21875,185.3823,294.8817,171.1606,153.3726,305.6991,177.277
810.3008,-0.1201172,1.035156,0.08007813,12.5,3.53125,-0.875,0.09863281,0.8779297,0.02148438,1.28125,9.5,2.25,-0.09179688,1.999023,-0.3583984,-26.875,12.875,-25.21875,185.7776,293.8418,170.6717,153.3726,305.6991,177.277
810.3345,-0.1201172,1.035156,0.08007813,12.5,3.53125,-0.875,0.09863281,0.8779297,0.02148438,1.28125,9.5,2.25,-0.09179688,1.999023,-0.3583984,-26.875,12.875,-25.21875,185.7776,293.8418,170.6717,153.3726,305.6991,177.277
