611.6343,0.1259766,0.90625,0.4794922,-2.75,0.09375,-1.0625,-0.02929688,0.02929688,0.9335938,1.9375,0.09375,0.84375,0,0,0,0,0,0,180,78.26022,162.082,180,0,180
611.6787,0.1210938,0.9404297,0.5068359,-2.625,0.59375,-0.4375,-0.02929688,0.02929688,0.9335938,1.9375,0.09375,0.84375,0,0,0,0,0,0,180,78.26022,162.082,180,0,180
611.6799,0.1210938,0.9404297,0.5068359,-2.625,0.59375,-0.4375,-0.02929688,0.02929688,0.9335938,1.9375,0.09375,0.84375,0,0,0,0,0,0,180,78.26022,162.082,180,0,180
611.6818,0.1210938,0.9404297,0.5068359,-2.625,0.59375,-0.4375,-0.02929688,0.02929688,0.9335938,1.9375,0.09375,0.84375,0,0,0,0,0,0,180,78.26022,162.082,180,0,180
611.7124,0.1210938,0.9404297,0.5068359,-2.625,0.59375,-0.4375,-0.02929688,0.02929688,0.9335938,1.9375,0.09375,0.84375,0,0,0,0,0,0,180,78.26022,162.082,180,0,180
611.7449,0.07714844,0.9384766,0.4902344,0.78125,-0.25,0.15625,-0.02929688,0.02929688,0.9335938,1.9375,0.09375,0.84375,0,0,0,0,0,0,180,78.26022,162.082,180,0,180
611.7787,0.07714844,0.9384766,0.4902344,0.78125,-0.25,0.15625,-0.02929688,0.02929688,0.9335938,1.9375,0.09375,0.84375,0,0,0,0,0,0,180,78.26022,162.082,180,0,180
611.8121,0.07714844,0.9384766,0.4902344,0.78125,-0.25,0.15625,-0.1855469,0.04882813,1,-0.5,-1.40625,-1.0625,0,0,0,0,0,0,180,78.05965,164.3989,180,0,180
611.8452,0.08300781,0.9257813,0.5488281,-1.78125,0.46875,1.3125,-0.1855469,0.04882813,1,-0.5,-1.40625,-1.0625,0,0,0,0,0,0,180,78.05965,164.3989,180,0,180
611.879,0.08300781,0.9257813,0.5488281,-1.78125,0.46875,1.3125,-0.1855469,0.04882813,1,-0.5,-1.40625,-1.0625,0,0,0,0,0,0,180,78.05965,164.3989,180,0,180
611.9124,0.08300781,0.9257813,0.5488281,-1.78125,0.46875,1.3125,-0.1855469,0.04882813,1,-0.5,-1.40625,-1.0625,0,0,0,0,0,0,180,78.05965,164.3989,180,0,180
611.9454,0.1328125,1.09375,0.5224609,-1.59375,0.09375,0.40625,-0.1855469,0.04882813,1,-0.5,-1.40625,-1.0625,0,0,0,0,0,0,180,78.05965,164.3989,180,0,180
611.9794,0.1328125,1.09375,0.5224609,-1.59375,0.09375,0.40625,-0.1855469,0.04882813,1,-0.5,-1.40625,-1.0625,0,0,0,0,0,0,180,78.05965,164.3989,180,0,180
612.0129,0.1328125,1.09375,0.5224609,-1.59375,0.09375,0.40625,-0.1855469,0.04882813,1,-0.5,-1.40625,-1.0625,0,0,0,0,0,0,180,78.05965,164.3989,180,0,180
612.0457,0.07910156,0.9042969,0.5419922,-1.40625,-0.4375,-0.0625,-0.1855469,0.04882813,1,-0.5,-1.40625,-1.0625,0,0,0,0,0,0,180,78.05965,164.3989,180,0,180
612.0795,0.07910156,0.9042969,0.5419922,-1.40625,-0.4375,-0.0625,-0.1855469,0.04882813,1,-0.5,-1.40625,-1.0625,0,0,0,0,0,0,180,78.05965,164.3989,180,0,180
612.1129,0.07910156,0.9042969,0.5419922,-1.40625,-0.4375,-0.0625,-0.1855469,0.04882813,1,-0.5,-1.40625,-1.0625,0,0,0,0,0,0,180,78.05965,164.3989,180,0,180
612.1458,0.07910156,0.9042969,0.5419922,-1.40625,-0.4375,-0.0625,-0.1855469,0.04882813,1,-0.5,-1.40625,-1.0625,0,0,0,0,0,0,180,78.05965,164.3989,180,0,180
612.1794,0.1220703,0.9267578,0.5058594,-3.8125,-0.25,0.09375,-0.1855469,0.04882813,1,-0.5,-1.40625,-1.0625,0,0,0,0,0,0,180,78.05965,164.3989,180,0,180
612.2128,0.1220703,0.9267578,0.5058594,-3.8125,-0.25,0.09375,-0.1855469,0.04882813,1,-0.5,-1.40625,-1.0625,0,0,0,0,0,0,180,78.05965,164.3989,180,0,180
612.246,0.09375,0.8300781,0.5947266,-0.4375,-0.75,-0.6875,-0.1855469,0.04882813,1,-0.5,-1.40625,-1.0625,0,0,0,0,0,0,180,78.05965,164.3989,180,0,180
612.2912,0.09375,0.8300781,0.5947266,-0.4375,-0.75,-0.6875,-0.1855469,0.04882813,1,-0.5,-1.40625,-1.0625,0,0,0,0,0,0,180,78.05965,164.3989,180,0,180
612.3279,0.09375,0.8300781,0.5947266,-0.4375,-0.75,-0.6875,-0.1855469,0.04882813,1,-0.5,-1.40625,-1.0625,0,0,0,0,0,0,180,78.05965,164.3989,180,0,180
612.3464,0.08105469,1.003906,0.5400391,-1.53125,0.53125,-0.8125,-0.1855469,0.04882813,1,-0.5,-1.40625,-1.0625,0,0,0,0,0,0,180,78.05965,164.3989,180,0,180
612.3801,0.08105469,1.003906,0.5400391,-1.53125,0.53125,-0.8125,-0.1855469,0.04882813,1,-0.5,-1.40625,-1.0625,0,0,0,0,0,0,180,78.05965,164.3989,180,0,180
612.4139,0.08105469,1.003906,0.5400391,-1.53125,0.53125,-0.8125,-0.1855469,0.04882813,1,-0.5,-1.40625,-1.0625,0,0,0,0,0,0,180,78.05965,164.3989,180,0,180
612.4464,0.07421875,0.9316406,0.4775391,0.40625,2.5,-2.09375,-0.1855469,0.04882813,1,-0.5,-1.40625,-1.0625,0,0,0,0,0,0,180,78.05965,164.3989,180,0,180
612.4804,0.07421875,0.9316406,0.4775391,0.40625,2.5,-2.09375,-0.1855469,0.04882813,1,-0.5,-1.40625,-1.0625,0,0,0,0,0,0,180,78.05965,164.3989,180,0,180
612.514,0.07421875,0.9316406,0.4775391,0.40625,2.5,-2.09375,-0.3095703,0.1201172,1.012695,-0.4375,-0.5,-0.625,0,0,0,0,0,0,180,77.36296,164.5959,180,0,180
612.5467,0.03613281,1.026367,0.5195313,2,-1.84375,-1.78125,-0.3095703,0.1201172,1.012695,-0.4375,-0.5,-0.625,0,0,0,0,0,0,180,77.36296,164.5959,180,0,180
612.5809,0.03613281,1.026367,0.5195313,2,-1.84375,-1.78125,-0.3095703,0.1201172,1.012695,-0.4375,-0.5,-0.625,0,0,0,0,0,0,180,77.36296,164.5959,180,0,180
612.6141,0.03613281,1.026367,0.5195313,2,-1.84375,-1.78125,-0.3095703,0.1201172,1.012695,-0.4375,-0.5,-0.625,0,0,0,0,0,0,180,77.36296,164.5959,180,0,180
612.6471,0.05175781,0.9150391,0.4814453,2.71875,-8.25,-8.3125,-0.3095703,0.1201172,1.012695,-0.4375,-0.5,-0.625,0,0,0,0,0,0,180,77.36296,164.5959,180,0,180
612.6807,0.05175781,0.9150391,0.4814453,2.71875,-8.25,-8.3125,-0.3095703,0.1201172,1.012695,-0.4375,-0.5,-0.625,0,0,0,0,0,0,180,77.36296,164.5959,180,0,180
612.7151,0.05175781,0.9150391,0.4814453,2.71875,-8.25,-8.3125,-0.3095703,0.1201172,1.012695,-0.4375,-0.5,-0.625,0,0,0,0,0,0,180,77.36296,164.5959,180,0,180
612.7474,0.07128906,0.9248047,0.5380859,12.3125,-6.0625,-5.6875,-0.3095703,0.1201172,1.012695,-0.4375,-0.5,-0.625,0,0,0,0,0,0,180,77.36296,164.5959,180,0,180
612.7816,0.07128906,0.9248047,0.5380859,12.3125,-6.0625,-5.6875,-0.1152344,0.1591797,0.8876953,0.28125,-0.125,0.59375,0,0,0,0,0,0,180,77.36296,164.5959,180,0,180
612.815,0.07128906,0.9248047,0.5380859,12.3125,-6.0625,-5.6875,-0.1152344,0.1591797,0.8876953,0.28125,-0.125,0.59375,0,0,0,0,0,0,180,77.36296,164.5959,180,0,180
612.848,0.08203125,0.9541016,0.5273438,8.71875,0.96875,-6.0625,-0.1152344,0.1591797,0.8876953,0.28125,-0.125,0.59375,0,0,0,0,0,0,180,77.36296,164.5959,180,0,180
612.8815,0.08203125,0.9541016,0.5273438,8.71875,0.96875,-6.0625,-0.1152344,0.1591797,0.8876953,0.28125,-0.125,0.59375,0,0,0,0,0,0,180,77.36296,164.5959,180,0,180
612.9151,0.08203125,0.9541016,0.5273438,8.71875,0.96875,-6.0625,-0.1152344,0.1591797,0.8876953,0.28125,-0.125,0.59375,0,0,0,0,0,0,180,77.36296,164.5959,180,0,180
612.9481,0.02636719,0.9677734,0.4833984,-8.375,1.15625,6.40625,-0.1152344,0.1591797,0.8876953,0.28125,-0.125,0.59375,0,0,0,0,0,0,180,77.36296,164.5959,180,0,180
612.9817,0.02636719,0.9677734,0.4833984,-8.375,1.15625,6.40625,-0.1152344,0.1591797,0.8876953,0.28125,-0.125,0.59375,0,0,0,0,0,0,180,77.36296,164.5959,180,0,180
613.0157,0.02636719,0.9677734,0.4833984,-8.375,1.15625,6.40625,-0.1152344,0.1591797,0.8876953,0.28125,-0.125,0.59375,0,0,0,0,0,0,180,77.36296,164.5959,180,0,180
613.0485,0.09375,1.056641,0.5185547,-18.75,11.34375,15.375,-0.1152344,0.1591797,0.8876953,0.28125,-0.125,0.59375,0,0,0,0,0,0,180,77.36296,164.5959,180,0,180
613.0828,0.09375,1.056641,0.5185547,-18.75,11.34375,15.375,-0.1152344,0.1591797,0.8876953,0.28125,-0.125,0.59375,0,0,0,0,0,0,180,77.36296,164.5959,180,0,180
613.1166,0.09375,1.056641,0.5185547,-18.75,11.34375,15.375,-0.1152344,0.1591797,0.8876953,0.28125,-0.125,0.59375,0,0,0,0,0,0,180,77.36296,164.5959,180,0,180
613.1487,0.01464844,0.8769531,0.4365234,-6.3125,5.34375,-2.53125,-0.1152344,0.1591797,0.8876953,0.28125,-0.125,0.59375,0,0,0,0,0,0,180,77.36296,164.5959,180,0,180
613.1827,0.01464844,0.8769531,0.4365234,-6.3125,5.34375,-2.53125,-0.1152344,0.1591797,0.8876953,0.28125,-0.125,0.59375,0,0,0,0,0,0,180,77.36296,164.5959,180,0,180
613.2166,0.01464844,0.8769531,0.4365234,-6.3125,5.34375,-2.53125,-0.1152344,0.1591797,0.8876953,0.28125,-0.125,0.59375,0,0,0,0,0,0,180,77.36296,164.5959,180,0,180
613.2495,0.01464844,0.8769531,0.4365234,-6.3125,5.34375,-2.53125,-0.1152344,0.1591797,0.8876953,0.28125,-0.125,0.59375,0,0,0,0,0,0,180,77.36296,164.5959,180,0,180
613.2845,0.07519531,0.9541016,0.5302734,10.1875,2.84375,-4.84375,-0.1152344,0.1591797,0.8876953,0.28125,-0.125,0.59375,0,0,0,0,0,0,180,77.36296,164.5959,180,0,180
613.3179,0.07519531,0.9541016,0.5302734,10.1875,2.84375,-4.84375,-0.1152344,0.1591797,0.8876953,0.28125,-0.125,0.59375,0,0,0,0,0,0,180,78.69289,165.8455,180,0,180
613.3498,0.02734375,1.009766,0.6611328,5.125,0.96875,-4.59375,-0.1152344,0.1591797,0.8876953,0.28125,-0.125,0.59375,0,0,0,0,0,0,180,78.69289,165.8455,180,0,180
613.3841,0.02734375,1.009766,0.6611328,5.125,0.96875,-4.59375,-0.1152344,0.1591797,0.8876953,0.28125,-0.125,0.59375,0,0,0,0,0,0,180,82.55163,159.0928,180,0,180
613.4177,0.02734375,1.009766,0.6611328,5.125,0.96875,-4.59375,-0.1152344,0.1591797,0.8876953,0.28125,-0.125,0.59375,0,0,0,0,0,0,180,82.55163,159.0928,180,0,180
613.4503,0.02734375,1.009766,0.6611328,5.125,0.96875,-4.59375,-0.2099609,-0.1220703,0.8837891,-70.21875,22.125,-0.4375,0,0,0,0,0,0,180,82.55163,159.0928,180,0,180
613.4844,0.06933594,0.9189453,0.453125,1.375,-2.75,-0.375,-0.2099609,-0.1220703,0.8837891,-70.21875,22.125,-0.4375,0,0,0,0,0,0,180,82.55163,159.0928,180,0,180
613.5183,0.06933594,0.9189453,0.453125,1.375,-2.75,-0.375,-0.2099609,-0.1220703,0.8837891,-70.21875,22.125,-0.4375,0,0,0,0,0,0,180,82.55163,159.0928,180,0,180
613.5515,0.06933594,0.9189453,0.453125,1.375,-2.75,-0.375,-0.2099609,-0.1220703,0.8837891,-70.21875,22.125,-0.4375,0,0,0,0,0,0,180,82.55163,159.0928,180,0,180
613.5852,0.1191406,0.9003906,0.4414063,0.59375,-0.25,-0.1875,-0.2099609,-0.1220703,0.8837891,-70.21875,22.125,-0.4375,0,0,0,0,0,0,180,82.55163,159.0928,180,0,180
613.6186,0.1191406,0.9003906,0.4414063,0.59375,-0.25,-0.1875,-0.2099609,-0.1220703,0.8837891,-70.21875,22.125,-0.4375,0,0,0,0,0,0,180,89.54774,159.9652,180,0,180
613.6512,0.1191406,0.9003906,0.4414063,0.59375,-0.25,-0.1875,-0.2099609,-0.1220703,0.8837891,-70.21875,22.125,-0.4375,0,0,0,0,0,0,180,89.54774,159.9652,180,0,180
613.6851,0.1572266,0.9970703,0.5712891,-1.84375,0.03125,0.84375,-0.2099609,-0.1220703,0.8837891,-70.21875,22.125,-0.4375,0,0,0,0,0,0,180,89.54774,159.9652,180,0,180
613.7183,0.1572266,0.9970703,0.5712891,-1.84375,0.03125,0.84375,-0.2099609,-0.1220703,0.8837891,-70.21875,22.125,-0.4375,0,0,0,0,0,0,180,89.54774,159.9652,180,0,180
613.7512,0.1572266,0.9970703,0.5712891,-1.84375,0.03125,0.84375,-0.2099609,-0.1220703,0.8837891,-70.21875,22.125,-0.4375,0,0,0,0,0,0,180,89.54774,159.9652,180,0,180
613.785,0.1572266,0.9970703,0.5712891,-1.84375,0.03125,0.84375,-0.2099609,-0.1220703,0.8837891,-70.21875,22.125,-0.4375,0,0,0,0,0,0,180,89.54774,159.9652,180,0,180
613.8187,0.1572266,0.9970703,0.5712891,-1.84375,0.03125,0.84375,-0.2099609,-0.1220703,0.8837891,-70.21875,22.125,-0.4375,0,0,0,0,0,0,180,78.38839,165.1266,180,0,180
613.8519,0.05273438,0.9648438,0.5087891,-2.6875,0.90625,-1.90625,-0.2099609,-0.1220703,0.8837891,-70.21875,22.125,-0.4375,0,0,0,0,0,0,180,78.38839,165.1266,180,0,180
613.8848,0.1123047,1.043945,0.5380859,-1.78125,-0.25,-1.40625,-0.2099609,-0.1220703,0.8837891,-70.21875,22.125,-0.4375,0,0,0,0,0,0,180,78.38839,165.1266,180,0,180
613.9188,0.1123047,1.043945,0.5380859,-1.78125,-0.25,-1.40625,-0.2099609,-0.1220703,0.8837891,-70.21875,22.125,-0.4375,0,0,0,0,0,0,180,78.38839,165.1266,180,0,180
613.9516,0.02246094,0.9248047,0.5791016,1.28125,0.65625,-0.8125,-0.2099609,-0.1220703,0.8837891,-70.21875,22.125,-0.4375,0,0,0,0,0,0,180,78.38839,165.1266,180,0,180
613.9851,0.02246094,0.9248047,0.5791016,1.28125,0.65625,-0.8125,-0.2099609,-0.1220703,0.8837891,-70.21875,22.125,-0.4375,0,0,0,0,0,0,180,78.38839,165.1266,180,0,180
614.0184,0.02246094,0.9248047,0.5791016,1.28125,0.65625,-0.8125,-0.2099609,-0.1220703,0.8837891,-70.21875,22.125,-0.4375,0,0,0,0,0,0,180,78.38839,165.1266,180,0,180
614.0518,0.02246094,0.9248047,0.5791016,1.28125,0.65625,-0.8125,-0.2099609,-0.1220703,0.8837891,-70.21875,22.125,-0.4375,0,0,0,0,0,0,180,78.38839,165.1266,180,0,180
614.0854,0.1552734,1.069336,0.6005859,-1.71875,0.90625,-0.5,-0.2099609,-0.1220703,0.8837891,-70.21875,22.125,-0.4375,0,0,0,0,0,0,180,78.38839,165.1266,180,0,180
614.1195,0.1552734,1.069336,0.6005859,-1.71875,0.90625,-0.5,-0.2099609,-0.1220703,0.8837891,-70.21875,22.125,-0.4375,0,0,0,0,0,0,180,78.38839,165.1266,180,0,180
614.1526,0.1552734,1.069336,0.6005859,-1.71875,0.90625,-0.5,-0.2099609,-0.1220703,0.8837891,-70.21875,22.125,-0.4375,0,0,0,0,0,0,180,78.38839,165.1266,180,0,180
614.1862,0.04492188,0.9462891,0.5537109,-2.21875,1.6875,-0.75,-0.2099609,-0.1220703,0.8837891,-70.21875,22.125,-0.4375,0,0,0,0,0,0,180,78.38839,165.1266,180,0,180
614.2196,0.04492188,0.9462891,0.5537109,-2.21875,1.6875,-0.75,-0.2470703,0.09472656,0.8017578,-2.875,-7.15625,-1.46875,0,0,0,0,0,0,180,77.96632,163.7437,180,0,180
614.2526,-0.01171875,0.8925781,0.5546875,-2.28125,0.96875,0.53125,-0.2470703,0.09472656,0.8017578,-2.875,-7.15625,-1.46875,0,0,0,0,0,0,180,77.96632,163.7437,180,0,180
614.2863,-0.01171875,0.8925781,0.5546875,-2.28125,0.96875,0.53125,-0.2470703,0.09472656,0.8017578,-2.875,-7.15625,-1.46875,0,0,0,0,0,0,180,77.96632,163.7437,180,0,180
614.3193,-0.01171875,0.8925781,0.5546875,-2.28125,0.96875,0.53125,-0.2470703,0.09472656,0.8017578,-2.875,-7.15625,-1.46875,0,0,0,0,0,0,180,77.96632,163.7437,180,0,180
614.353,-0.01171875,0.8925781,0.5546875,-2.28125,0.96875,0.53125,-0.2470703,0.09472656,0.8017578,-2.875,-7.15625,-1.46875,0,0,0,0,0,0,180,77.96632,163.7437,180,0,180
614.3866,0.07324219,0.9492188,0.5234375,0.21875,0.09375,-0.5,-0.2470703,0.09472656,0.8017578,-2.875,-7.15625,-1.46875,0,0,0,0,0,0,180,77.96632,163.7437,180,0,180
614.4201,0.07324219,0.9492188,0.5234375,0.21875,0.09375,-0.5,-0.2470703,0.09472656,0.8017578,-2.875,-7.15625,-1.46875,0,0,0,0,0,0,180,77.96632,163.7437,180,0,180
614.4536,0.07324219,0.9492188,0.5234375,0.21875,0.09375,-0.5,-0.2695313,0.1923828,1.041016,0.09375,-1.78125,1.5625,0,0,0,0,0,0,180,77.96632,163.7437,180,0,180
614.4868,0.08691406,0.9501953,0.5185547,-0.125,-0.3125,0.03125,-0.2695313,0.1923828,1.041016,0.09375,-1.78125,1.5625,0,0,0,0,0,0,180,77.96632,163.7437,180,0,180
614.5201,0.08691406,0.9501953,0.5185547,-0.125,-0.3125,0.03125,-0.2695313,0.1923828,1.041016,0.09375,-1.78125,1.5625,0,0,0,0,0,0,180,77.96632,163.7437,180,0,180
614.5535,0.1210938,1.015625,0.5332031,0.34375,1.21875,-0.6875,-0.2695313,0.1923828,1.041016,0.09375,-1.78125,1.5625,0,0,0,0,0,0,180,77.96632,163.7437,180,0,180
614.5875,0.1210938,1.015625,0.5332031,0.34375,1.21875,-0.6875,-0.2695313,0.1923828,1.041016,0.09375,-1.78125,1.5625,0,0,0,0,0,0,180,77.96632,163.7437,180,0,180
614.6204,0.1210938,1.015625,0.5332031,0.34375,1.21875,-0.6875,-0.2695313,0.1923828,1.041016,0.09375,-1.78125,1.5625,0,0,0,0,0,0,180,77.96632,163.7437,180,0,180
614.6695,0.1210938,1.015625,0.5332031,0.34375,1.21875,-0.6875,-0.2695313,0.1923828,1.041016,0.09375,-1.78125,1.5625,0,0,0,0,0,0,180,77.96632,163.7437,180,0,180
614.6716,0.1210938,1.015625,0.5332031,0.34375,1.21875,-0.6875,-0.2695313,0.1923828,1.041016,0.09375,-1.78125,1.5625,0,0,0,0,0,0,180,77.96632,163.7437,180,0,180
614.7034,0.08398438,0.9599609,0.4726563,1.9375,0.40625,-0.1875,-0.2695313,0.1923828,1.041016,0.09375,-1.78125,1.5625,0,0,0,0,0,0,180,77.96632,163.7437,180,0,180
614.7372,0.08398438,0.9599609,0.4726563,1.9375,0.40625,-0.1875,-0.2695313,0.1923828,1.041016,0.09375,-1.78125,1.5625,0,0,0,0,0,0,180,77.96632,163.7437,180,0,180
614.7708,0.02441406,0.9199219,0.6503906,1.9375,1.4375,-3.5,-0.2695313,0.1923828,1.041016,0.09375,-1.78125,1.5625,0,0,0,0,0,0,180,77.96632,163.7437,180,0,180
614.8042,0.02441406,0.9199219,0.6503906,1.9375,1.4375,-3.5,-0.2695313,0.1923828,1.041016,0.09375,-1.78125,1.5625,0,0,0,0,0,0,180,77.96632,163.7437,180,0,180
614.8375,0.02441406,0.9199219,0.6503906,1.9375,1.4375,-3.5,-0.2695313,0.1923828,1.041016,0.09375,-1.78125,1.5625,0,0,0,0,0,0,180,77.23501,165.1198,180,0,180
614.871,0.1044922,0.8759766,0.4394531,17.6875,-1.65625,-3.75,-0.2695313,0.1923828,1.041016,0.09375,-1.78125,1.5625,0,0,0,0,0,0,180,77.23501,165.1198,180,0,180
614.9044,0.1044922,0.8759766,0.4394531,17.6875,-1.65625,-3.75,-0.2695313,0.1923828,1.041016,0.09375,-1.78125,1.5625,0,0,0,0,0,0,180,77.23501,165.1198,180,0,180
614.9703,0.1132813,1.019531,0.3701172,31.46875,0.09375,-3.375,-0.2695313,0.1923828,1.041016,0.09375,-1.78125,1.5625,0,0,0,0,0,0,180,77.23501,165.1198,180,0,180
615.0037,0.1132813,1.019531,0.3701172,31.46875,0.09375,-3.375,-0.2695313,0.1923828,1.041016,0.09375,-1.78125,1.5625,0,0,0,0,0,0,180,77.23501,165.1198,180,0,180
615.0369,0.1132813,1.019531,0.3701172,31.46875,0.09375,-3.375,-0.2695313,0.1923828,1.041016,0.09375,-1.78125,1.5625,0,0,0,0,0,0,180,77.23501,165.1198,180,0,180
615.0704,0.1171875,0.9619141,0.4775391,33,13.03125,3.09375,-0.2695313,0.1923828,1.041016,0.09375,-1.78125,1.5625,0,0,0,0,0,0,180,77.23501,165.1198,180,0,180
615.1038,0.1171875,0.9619141,0.4775391,33,13.03125,3.09375,-0.2695313,0.1923828,1.041016,0.09375,-1.78125,1.5625,0,0,0,0,0,0,180,77.23501,165.1198,180,0,180
615.1374,0.1171875,0.9619141,0.4775391,33,13.03125,3.09375,-0.2695313,0.1923828,1.041016,0.09375,-1.78125,1.5625,0,0,0,0,0,0,180,77.23501,165.1198,180,0,180
615.1707,0.08691406,1.044922,0.5429688,41.84375,16.84375,16.15625,-0.2695313,0.1923828,1.041016,0.09375,-1.78125,1.5625,0,0,0,0,0,0,180,77.23501,165.1198,180,0,180
615.2043,0.08691406,1.044922,0.5429688,41.84375,16.84375,16.15625,-0.2695313,0.1923828,1.041016,0.09375,-1.78125,1.5625,0,0,0,0,0,0,180,77.23501,165.1198,180,0,180
615.2376,0.08691406,1.044922,0.5429688,41.84375,16.84375,16.15625,-0.2695313,0.1923828,1.041016,0.09375,-1.78125,1.5625,0,0,0,0,0,0,180,77.23501,165.1198,180,0,180
615.2709,0.09472656,1.053711,0.4160156,46.6875,-0.1875,16.90625,-0.2695313,0.1923828,1.041016,0.09375,-1.78125,1.5625,0,0,0,0,0,0,180,86.0658,168.2851,180,0,180
615.3043,0.09472656,1.053711,0.4160156,46.6875,-0.1875,16.90625,-0.2695313,0.1923828,1.041016,0.09375,-1.78125,1.5625,0,0,0,0,0,0,180,86.0658,168.2851,180,0,180
615.3375,0.09472656,1.053711,0.4160156,46.6875,-0.1875,16.90625,-0.2695313,0.1923828,1.041016,0.09375,-1.78125,1.5625,0,0,0,0,0,0,180,86.0658,168.2851,180,0,180
615.3715,0.06445313,1.033203,0.2460938,52.21875,10.78125,9.375,-0.2695313,0.1923828,1.041016,0.09375,-1.78125,1.5625,0,0,0,0,0,0,180,86.0658,168.2851,180,0,180
615.4048,0.06445313,1.033203,0.2460938,52.21875,10.78125,9.375,-0.2695313,0.1923828,1.041016,0.09375,-1.78125,1.5625,0,0,0,0,0,0,180,86.0658,168.2851,180,0,180
615.4379,0.06445313,1.033203,0.2460938,52.21875,10.78125,9.375,-0.2695313,0.1923828,1.041016,0.09375,-1.78125,1.5625,0,0,0,0,0,0,180,86.0658,168.2851,180,0,180
615.4713,0.08789063,0.9355469,0.01953125,92.03125,-16.75,7.375,-0.2695313,0.1923828,1.041016,0.09375,-1.78125,1.5625,0,0,0,0,0,0,180,86.0658,168.2851,180,0,180
615.5048,0.08789063,0.9355469,0.01953125,92.03125,-16.75,7.375,-0.2695313,0.1923828,1.041016,0.09375,-1.78125,1.5625,0,0,0,0,0,0,180,86.0658,168.2851,180,0,180
615.5386,0.08789063,0.9355469,0.01953125,92.03125,-16.75,7.375,-0.2695313,0.1923828,1.041016,0.09375,-1.78125,1.5625,0,0,0,0,0,0,180,86.0658,168.2851,180,0,180
615.5717,0.1142578,0.9755859,-0.109375,116.4375,-16.25,6.28125,-0.2695313,0.1923828,1.041016,0.09375,-1.78125,1.5625,0,0,0,0,0,0,180,86.0658,168.2851,180,0,180
615.6051,0.1142578,0.9755859,-0.109375,116.4375,-16.25,6.28125,-0.2695313,0.1923828,1.041016,0.09375,-1.78125,1.5625,0,0,0,0,0,0,180,86.0658,168.2851,180,0,180
615.6387,0.1142578,0.9755859,-0.109375,116.4375,-16.25,6.28125,-0.2695313,0.1923828,1.041016,0.09375,-1.78125,1.5625,0,0,0,0,0,0,180,86.0658,168.2851,180,0,180
615.6725,0.3046875,1.367188,-0.2851563,113.6875,-14.25,10.1875,-0.2695313,0.1923828,1.041016,0.09375,-1.78125,1.5625,0,0,0,0,0,0,180,86.0658,168.2851,180,0,180
615.7056,0.3046875,1.367188,-0.2851563,113.6875,-14.25,10.1875,-0.2695313,0.1923828,1.041016,0.09375,-1.78125,1.5625,0,0,0,0,0,0,180,86.0658,168.2851,180,0,180
615.7394,0.3046875,1.367188,-0.2851563,113.6875,-14.25,10.1875,-0.2695313,0.1923828,1.041016,0.09375,-1.78125,1.5625,0,0,0,0,0,0,180,86.0658,168.2851,180,0,180
615.7729,0.3037109,1.333008,-0.8652344,124.875,-20.46875,9.3125,-0.2695313,0.1923828,1.041016,0.09375,-1.78125,1.5625,0,0,0,0,0,0,180,86.0658,168.2851,180,0,180
615.8062,0.3037109,1.333008,-0.8652344,124.875,-20.46875,9.3125,-0.2695313,0.1923828,1.041016,0.09375,-1.78125,1.5625,0,0,0,0,0,0,180,86.0658,168.2851,180,0,180
615.8399,0.3037109,1.333008,-0.8652344,124.875,-20.46875,9.3125,-0.2695313,0.1923828,1.041016,0.09375,-1.78125,1.5625,0,0,0,0,0,0,180,86.0658,168.2851,180,0,180
615.873,0.2197266,1.12207,-0.6875,42.46875,-5.15625,-0.75,-0.2695313,0.1923828,1.041016,0.09375,-1.78125,1.5625,0,0,0,0,0,0,180,142.2038,169.4525,180,0,180
615.9069,0.2197266,1.12207,-0.6875,42.46875,-5.15625,-0.75,-0.2695313,0.1923828,1.041016,0.09375,-1.78125,1.5625,0,0,0,0,0,0,180,142.2038,169.4525,180,0,180
615.9401,0.2197266,1.12207,-0.6875,42.46875,-5.15625,-0.75,-0.2695313,0.1923828,1.041016,0.09375,-1.78125,1.5625,0,0,0,0,0,0,180,142.2038,169.4525,180,0,180
615.9735,0.2558594,0.9746094,-0.6328125,-1.25,-1.59375,0,-0.2695313,0.1923828,1.041016,0.09375,-1.78125,1.5625,0,0,0,0,0,0,180,142.2038,169.4525,180,0,180
616.0071,0.2558594,0.9746094,-0.6328125,-1.25,-1.59375,0,-0.2695313,0.1923828,1.041016,0.09375,-1.78125,1.5625,0,0,0,0,0,0,180,142.2038,169.4525,180,0,180
616.0403,0.2558594,0.9746094,-0.6328125,-1.25,-1.59375,0,-0.2695313,0.1923828,1.041016,0.09375,-1.78125,1.5625,0,0,0,0,0,0,180,142.2038,169.4525,180,0,180
616.0737,0.2558594,0.9746094,-0.6328125,-1.25,-1.59375,0,-0.2695313,0.1923828,1.041016,0.09375,-1.78125,1.5625,0,0,0,0,0,0,180,142.2038,169.4525,180,0,180
616.1073,0.1425781,1.022461,-0.3632813,-28.40625,7.25,-17.40625,-0.2695313,0.1923828,1.041016,0.09375,-1.78125,1.5625,0,0,0,0,0,0,180,142.2038,169.4525,180,0,180
616.1407,0.1425781,1.022461,-0.3632813,-28.40625,7.25,-17.40625,-0.2695313,0.1923828,1.041016,0.09375,-1.78125,1.5625,0,0,0,0,0,0,180,142.2038,169.4525,180,0,180
616.1741,0.0859375,1.043945,-0.5,-76.5625,-10.40625,-14.84375,-0.2695313,0.1923828,1.041016,0.09375,-1.78125,1.5625,0,0,0,0,0,0,180,142.2038,169.4525,180,0,180
616.2073,0.0859375,1.043945,-0.5,-76.5625,-10.40625,-14.84375,-0.2695313,0.1923828,1.041016,0.09375,-1.78125,1.5625,0,0,0,0,0,0,180,142.2038,169.4525,180,0,180
616.2406,0.0859375,1.043945,-0.5,-76.5625,-10.40625,-14.84375,-0.2695313,0.1923828,1.041016,0.09375,-1.78125,1.5625,0,0,0,0,0,0,180,142.2038,169.4525,180,0,180
616.274,-0.125,0.65625,-0.4980469,-58.4375,28.5,9.5625,-0.2695313,0.1923828,1.041016,0.09375,-1.78125,1.5625,0,0,0,0,0,0,180,142.2038,169.4525,180,0,180
616.3076,-0.125,0.65625,-0.4980469,-58.4375,28.5,9.5625,-0.2695313,0.1923828,1.041016,0.09375,-1.78125,1.5625,0,0,0,0,0,0,180,142.2038,169.4525,180,0,180
616.3414,-0.125,0.65625,-0.4980469,-58.4375,28.5,9.5625,-0.1943359,0.07226563,0.8964844,-0.3125,-0.875,0,0,0,0,0,0,0,180,142.2038,169.4525,180,0,180
616.3746,-0.06347656,1.430664,-0.2480469,-44.625,-21.375,8.46875,-0.1943359,0.07226563,0.8964844,-0.3125,-0.875,0,0,0,0,0,0,0,180,130.5444,173.8427,180,0,180
616.4081,-0.06347656,1.430664,-0.2480469,-44.625,-21.375,8.46875,-0.1943359,0.07226563,0.8964844,-0.3125,-0.875,0,0,0,0,0,0,0,180,130.5444,173.8427,180,0,180
616.4415,-0.06347656,1.430664,-0.2480469,-44.625,-21.375,8.46875,-0.1943359,0.07226563,0.8964844,-0.3125,-0.875,0,0,0,0,0,0,0,180,130.5444,173.8427,180,0,180
616.4748,0.005859375,1.429688,0.1044922,-104.5625,-28.8125,-6.5,-0.1943359,0.07226563,0.8964844,-0.3125,-0.875,0,0,0,0,0,0,0,180,130.5444,173.8427,180,0,180
616.5085,0.005859375,1.429688,0.1044922,-104.5625,-28.8125,-6.5,-0.1943359,0.07226563,0.8964844,-0.3125,-0.875,0,0,0,0,0,0,0,180,130.5444,173.8427,180,0,180
616.5424,0.005859375,1.429688,0.1044922,-104.5625,-28.8125,-6.5,-0.1943359,0.07226563,0.8964844,-0.3125,-0.875,0,0,0,0,0,0,0,180,130.5444,173.8427,180,0,180
616.5764,0.21875,0.3779297,-0.3808594,-37.90625,-47.1875,3.03125,-0.1943359,0.07226563,0.8964844,-0.3125,-0.875,0,0,0,0,0,0,0,180,130.5444,173.8427,180,0,180
616.6094,0.21875,0.3779297,-0.3808594,-37.90625,-47.1875,3.03125,-0.1943359,0.07226563,0.8964844,-0.3125,-0.875,0,0,0,0,0,0,0,180,130.5444,173.8427,180,0,180
616.6431,0.21875,0.3779297,-0.3808594,-37.90625,-47.1875,3.03125,-0.1181641,0.1777344,0.9169922,-1.96875,-0.4375,1.5,0,0,0,0,0,0,180,130.5444,173.8427,180,0,180
616.6763,0.5244141,1.254883,-0.1591797,-2.6875,33.1875,-20.53125,-0.1181641,0.1777344,0.9169922,-1.96875,-0.4375,1.5,0,0,0,0,0,0,180,130.5444,173.8427,180,0,180
616.7096,0.5244141,1.254883,-0.1591797,-2.6875,33.1875,-20.53125,-0.1181641,0.1777344,0.9169922,-1.96875,-0.4375,1.5,0,0,0,0,0,0,180,130.5444,173.8427,180,0,180
616.7432,0.5244141,1.254883,-0.1591797,-2.6875,33.1875,-20.53125,-0.1181641,0.1777344,0.9169922,-1.96875,-0.4375,1.5,0,0,0,0,0,0,180,130.5444,173.8427,180,0,180
616.7769,-0.09082031,1.229492,-0.001953125,-42.6875,19.34375,9.625,-0.1181641,0.1777344,0.9169922,-1.96875,-0.4375,1.5,0,0,0,0,0,0,180,130.5444,173.8427,180,0,180
616.8101,-0.09082031,1.229492,-0.001953125,-42.6875,19.34375,9.625,-0.1181641,0.1777344,0.9169922,-1.96875,-0.4375,1.5,0,0,0,0,0,0,180,130.5444,173.8427,180,0,180
616.8439,-0.09082031,1.229492,-0.001953125,-42.6875,19.34375,9.625,-0.1181641,0.1777344,0.9169922,-1.96875,-0.4375,1.5,0,0,0,0,0,0,180,130.5444,173.8427,180,0,180
616.8768,0.1894531,0.6611328,-0.04101563,-91.375,-39.5625,-23.6875,-0.1181641,0.1777344,0.9169922,-1.96875,-0.4375,1.5,0,0,0,0,0,0,180,130.5444,173.8427,180,0,180
616.9102,0.1894531,0.6611328,-0.04101563,-91.375,-39.5625,-23.6875,-0.1181641,0.1777344,0.9169922,-1.96875,-0.4375,1.5,0,0,0,0,0,0,180,130.5444,173.8427,180,0,180
616.9443,0.1894531,0.6611328,-0.04101563,-91.375,-39.5625,-23.6875,-0.1181641,0.1777344,0.9169922,-1.96875,-0.4375,1.5,0,0,0,0,0,0,180,130.5444,173.8427,180,0,180
616.9771,0.1445313,1.009766,-0.1640625,92.875,-4.09375,59.4375,-0.1181641,0.1777344,0.9169922,-1.96875,-0.4375,1.5,0,0,0,0,0,0,180,130.5444,173.8427,180,0,180
617.0106,0.1445313,1.009766,-0.1640625,92.875,-4.09375,59.4375,-0.1181641,0.1777344,0.9169922,-1.96875,-0.4375,1.5,0,0,0,0,0,0,180,130.5444,173.8427,180,0,180
617.0441,0.1445313,1.009766,-0.1640625,92.875,-4.09375,59.4375,-0.09960938,0.1445313,1.029297,-3.96875,4.5625,-2.59375,0,0,0,0,0,0,180,130.5444,173.8427,180,0,180
617.0772,0.1582031,1.34082,0.1513672,-12.15625,-19.3125,-19.25,-0.09960938,0.1445313,1.029297,-3.96875,4.5625,-2.59375,0,0,0,0,0,0,180,97.3488,156.5849,180,0,180
617.1115,0.1582031,1.34082,0.1513672,-12.15625,-19.3125,-19.25,-0.09960938,0.1445313,1.029297,-3.96875,4.5625,-2.59375,0,0,0,0,0,0,180,97.3488,156.5849,180,0,180
617.1445,0.1582031,1.34082,0.1513672,-12.15625,-19.3125,-19.25,-0.09960938,0.1445313,1.029297,-3.96875,4.5625,-2.59375,0,0,0,0,0,0,180,97.3488,156.5849,180,0,180
617.1775,0.4990234,0.8623047,0.1494141,11.46875,10.65625,-15.09375,-0.09960938,0.1445313,1.029297,-3.96875,4.5625,-2.59375,0,0,0,0,0,0,180,97.3488,156.5849,180,0,180
617.2116,0.4990234,0.8623047,0.1494141,11.46875,10.65625,-15.09375,-0.09960938,0.1445313,1.029297,-3.96875,4.5625,-2.59375,0,0,0,0,0,0,180,97.3488,156.5849,180,0,180
617.245,0.03613281,0.8662109,-0.3535156,-65.125,71.8125,-1.0625,-0.09960938,0.1445313,1.029297,-3.96875,4.5625,-2.59375,0,0,0,0,0,0,180,97.3488,156.5849,180,0,180
617.2784,0.03613281,0.8662109,-0.3535156,-65.125,71.8125,-1.0625,-0.09960938,0.1445313,1.029297,-3.96875,4.5625,-2.59375,0,0,0,0,0,0,180,97.3488,156.5849,180,0,180
617.312,0.03613281,0.8662109,-0.3535156,-65.125,71.8125,-1.0625,-0.3046875,0.006835938,0.8896484,127.9688,-34.1875,45.09375,0,0,0,0,0,0,180,97.3488,156.5849,180,0,180
617.3457,0.03613281,0.8662109,-0.3535156,-65.125,71.8125,-1.0625,-0.3046875,0.006835938,0.8896484,127.9688,-34.1875,45.09375,0,0,0,0,0,0,180,96.02303,147.9987,180,0,180
617.3793,0.03613281,0.8662109,-0.3535156,-65.125,71.8125,-1.0625,-0.3046875,0.006835938,0.8896484,127.9688,-34.1875,45.09375,0,0,0,0,0,0,180,96.02303,147.9987,180,0,180
617.4125,0.3935547,1.999023,0.3603516,53.34375,-9.28125,-63.1875,-0.3046875,0.006835938,0.8896484,127.9688,-34.1875,45.09375,0,0,0,0,0,0,180,96.02303,147.9987,180,0,180
617.4463,0.3935547,1.999023,0.3603516,53.34375,-9.28125,-63.1875,-0.3046875,0.006835938,0.8896484,127.9688,-34.1875,45.09375,0,0,0,0,0,0,180,96.02303,147.9987,180,0,180
617.4794,0.3935547,1.999023,0.3603516,53.34375,-9.28125,-63.1875,-0.3046875,0.006835938,0.8896484,127.9688,-34.1875,45.09375,0,0,0,0,0,0,180,96.02303,147.9987,180,0,180
617.5128,0.02832031,1.231445,0.1191406,-63.90625,-6.375,-21.75,-0.3046875,0.006835938,0.8896484,127.9688,-34.1875,45.09375,0,0,0,0,0,0,180,96.02303,147.9987,180,0,180
617.5464,0.02832031,1.231445,0.1191406,-63.90625,-6.375,-21.75,-0.3046875,0.006835938,0.8896484,127.9688,-34.1875,45.09375,0,0,0,0,0,0,180,96.02303,147.9987,180,0,180
617.5797,0.1660156,1.169922,0.3476563,23.25,-34.5625,-12.59375,-0.3046875,0.006835938,0.8896484,127.9688,-34.1875,45.09375,0,0,0,0,0,0,180,96.02303,147.9987,180,0,180
617.613,0.1660156,1.169922,0.3476563,23.25,-34.5625,-12.59375,-0.3046875,0.006835938,0.8896484,127.9688,-34.1875,45.09375,0,0,0,0,0,0,180,96.02303,147.9987,180,0,180
617.6466,0.5146484,0.4091797,-0.9140625,-30.59375,-27,-10.21875,-0.3046875,0.006835938,0.8896484,127.9688,-34.1875,45.09375,0,0,0,0,0,0,180,96.02303,147.9987,180,0,180
617.6796,0.5146484,0.4091797,-0.9140625,-30.59375,-27,-10.21875,-0.3046875,0.006835938,0.8896484,127.9688,-34.1875,45.09375,0,0,0,0,0,0,180,96.02303,147.9987,180,0,180
617.7131,0.5146484,0.4091797,-0.9140625,-30.59375,-27,-10.21875,-0.3046875,0.006835938,0.8896484,127.9688,-34.1875,45.09375,0,0,0,0,0,0,180,96.02303,147.9987,180,0,180
617.7466,0.34375,0.9853516,0.2539063,136.9375,48.6875,3.53125,-0.3046875,0.006835938,0.8896484,127.9688,-34.1875,45.09375,0,0,0,0,0,0,180,96.02303,147.9987,180,0,180
617.78,0.34375,0.9853516,0.2539063,136.9375,48.6875,3.53125,-0.3046875,0.006835938,0.8896484,127.9688,-34.1875,45.09375,0,0,0,0,0,0,180,96.02303,147.9987,180,0,180
617.8135,0.34375,0.9853516,0.2539063,136.9375,48.6875,3.53125,-0.3046875,0.006835938,0.8896484,127.9688,-34.1875,45.09375,0,0,0,0,0,0,180,96.02303,147.9987,180,0,180
617.847,0.2265625,0.7792969,0.01757813,1.3125,63.8125,5.71875,-0.3046875,0.006835938,0.8896484,127.9688,-34.1875,45.09375,0,0,0,0,0,0,180,96.02303,147.9987,180,0,180
617.8803,0.2265625,0.7792969,0.01757813,1.3125,63.8125,5.71875,-0.3046875,0.006835938,0.8896484,127.9688,-34.1875,45.09375,0,0,0,0,0,0,180,96.02303,147.9987,180,0,180
617.9135,0.2148438,1.063477,-0.05078125,-35.53125,88.5,-20.71875,-0.3046875,0.006835938,0.8896484,127.9688,-34.1875,45.09375,0,0,0,0,0,0,180,96.02303,147.9987,180,0,180
617.9474,0.2148438,1.063477,-0.05078125,-35.53125,88.5,-20.71875,-0.3046875,0.006835938,0.8896484,127.9688,-34.1875,45.09375,0,0,0,0,0,0,180,96.02303,147.9987,180,0,180
617.9807,0.2148438,1.063477,-0.05078125,-35.53125,88.5,-20.71875,-0.3046875,0.006835938,0.8896484,127.9688,-34.1875,45.09375,0,0,0,0,0,0,180,96.02303,147.9987,180,0,180
618.0139,0.2148438,1.063477,-0.05078125,-35.53125,88.5,-20.71875,-0.3046875,0.006835938,0.8896484,127.9688,-34.1875,45.09375,0,0,0,0,0,0,180,96.02303,147.9987,180,0,180
618.0475,0.1972656,0.3164063,-0.6826172,43.4375,93.375,-21.3125,-0.3046875,0.006835938,0.8896484,127.9688,-34.1875,45.09375,0,0,0,0,0,0,180,96.02303,147.9987,180,0,180
618.0808,0.1972656,0.3164063,-0.6826172,43.4375,93.375,-21.3125,-0.3046875,0.006835938,0.8896484,127.9688,-34.1875,45.09375,0,0,0,0,0,0,180,96.02303,147.9987,180,0,180
618.1142,0.1972656,0.3164063,-0.6826172,43.4375,93.375,-21.3125,-0.3046875,0.006835938,0.8896484,127.9688,-34.1875,45.09375,0,0,0,0,0,0,180,96.02303,147.9987,180,0,180
618.1477,0.3974609,1.944336,0.1210938,107.0938,52.71875,-14.34375,-0.08496094,0.3857422,0.4541016,128.9063,-48.40625,18.125,0,0,0,0,0,0,180,96.02303,147.9987,180,0,180
618.181,0.3974609,1.944336,0.1210938,107.0938,52.71875,-14.34375,-0.08496094,0.3857422,0.4541016,128.9063,-48.40625,18.125,0,0,0,0,0,0,180,96.02303,147.9987,180,0,180
618.2144,0.3974609,1.944336,0.1210938,107.0938,52.71875,-14.34375,-0.08496094,0.3857422,0.4541016,128.9063,-48.40625,18.125,0,0,0,0,0,0,180,96.02303,147.9987,180,0,180
618.2477,0.3974609,1.944336,0.1210938,107.0938,52.71875,-14.34375,-0.08496094,0.3857422,0.4541016,128.9063,-48.40625,18.125,0,0,0,0,0,0,180,96.02303,147.9987,180,0,180
618.2813,0.1123047,1.048828,0.109375,-3.0625,0.40625,-3.25,-0.08496094,0.3857422,0.4541016,128.9063,-48.40625,18.125,0,0,0,0,0,0,180,96.02303,147.9987,180,0,180
618.3156,0.1123047,1.048828,0.109375,-3.0625,0.40625,-3.25,-0.08496094,0.3857422,0.4541016,128.9063,-48.40625,18.125,0,0,0,0,0,0,180,96.02303,147.9987,180,0,180
618.3491,0.1123047,1.048828,0.109375,-3.0625,0.40625,-3.25,-0.08496094,0.3857422,0.4541016,128.9063,-48.40625,18.125,0,0,0,0,0,0,180,96.02303,147.9987,180,0,180
618.3827,0.1123047,1.048828,0.109375,-3.0625,0.40625,-3.25,-0.08496094,0.3857422,0.4541016,128.9063,-48.40625,18.125,0,0,0,0,0,0,180,96.02303,147.9987,180,0,180
618.416,0.3310547,0.7890625,-0.002929688,-31.875,7.4375,-16.96875,-0.08496094,0.3857422,0.4541016,128.9063,-48.40625,18.125,0,0,0,0,0,0,180,96.02303,147.9987,180,0,180
618.4503,0.5361328,0.4570313,-1.636719,69.75,90.9375,63.15625,-0.08496094,0.3857422,0.4541016,128.9063,-48.40625,18.125,0,0,0,0,0,0,180,96.02303,147.9987,180,0,180
618.4834,0.5361328,0.4570313,-1.636719,69.75,90.9375,63.15625,-0.08496094,0.3857422,0.4541016,128.9063,-48.40625,18.125,0,0,0,0,0,0,180,96.02303,147.9987,180,0,180
618.5166,0.5361328,0.4570313,-1.636719,69.75,90.9375,63.15625,-0.08496094,0.3857422,0.4541016,128.9063,-48.40625,18.125,0,0,0,0,0,0,180,96.02303,147.9987,180,0,180
618.5505,0.5361328,0.4570313,-1.636719,69.75,90.9375,63.15625,-0.08496094,0.3857422,0.4541016,128.9063,-48.40625,18.125,0,0,0,0,0,0,180,96.02303,147.9987,180,0,180
618.5835,0.71875,1.779297,-0.2607422,-6.84375,141.0313,2.5,-0.08496094,0.3857422,0.4541016,128.9063,-48.40625,18.125,0,0,0,0,0,0,180,96.02303,147.9987,180,0,180
618.617,0.71875,1.779297,-0.2607422,-6.84375,141.0313,2.5,-0.08496094,0.3857422,0.4541016,128.9063,-48.40625,18.125,0,0,0,0,0,0,180,96.02303,147.9987,180,0,180
618.6505,-0.04199219,0.7646484,-0.05273438,42.40625,202.625,-7.65625,-0.08496094,0.3857422,0.4541016,128.9063,-48.40625,18.125,0,0,0,0,0,0,180,96.02303,147.9987,180,0,180
618.6838,-0.04199219,0.7646484,-0.05273438,42.40625,202.625,-7.65625,-0.08496094,0.3857422,0.4541016,128.9063,-48.40625,18.125,0,0,0,0,0,0,180,96.02303,147.9987,180,0,180
618.7169,-0.2617188,0.5078125,-0.2880859,-11.5625,188.2813,-5.625,-0.08496094,0.3857422,0.4541016,128.9063,-48.40625,18.125,0,0,0,0,0,0,180,96.02303,147.9987,180,0,180
618.7508,-0.2617188,0.5078125,-0.2880859,-11.5625,188.2813,-5.625,-0.08496094,0.3857422,0.4541016,128.9063,-48.40625,18.125,0,0,0,0,0,0,180,96.02303,147.9987,180,0,180
618.7835,-0.2617188,0.5078125,-0.2880859,-11.5625,188.2813,-5.625,-0.08496094,0.3857422,0.4541016,128.9063,-48.40625,18.125,0,0,0,0,0,0,180,96.02303,147.9987,180,0,180
618.8169,0.7958984,1.21582,-0.2109375,122.0625,149.2813,-19.53125,-0.08496094,0.3857422,0.4541016,128.9063,-48.40625,18.125,0,0,0,0,0,0,180,96.02303,147.9987,180,0,180
618.8504,0.7958984,1.21582,-0.2109375,122.0625,149.2813,-19.53125,-0.08496094,0.3857422,0.4541016,128.9063,-48.40625,18.125,0,0,0,0,0,0,180,96.02303,147.9987,180,0,180
618.8836,0.7958984,1.21582,-0.2109375,122.0625,149.2813,-19.53125,-0.08496094,0.3857422,0.4541016,128.9063,-48.40625,18.125,0,0,0,0,0,0,180,96.02303,147.9987,180,0,180
618.9171,0.015625,1.432617,-0.2470703,-7.78125,115.7813,-35.34375,-0.08496094,0.3857422,0.4541016,128.9063,-48.40625,18.125,0,0,0,0,0,0,180,96.02303,147.9987,180,0,180
618.9507,0.015625,1.432617,-0.2470703,-7.78125,115.7813,-35.34375,-0.08496094,0.3857422,0.4541016,128.9063,-48.40625,18.125,0,0,0,0,0,0,180,96.02303,147.9987,180,0,180
619.0053,0.015625,1.432617,-0.2470703,-7.78125,115.7813,-35.34375,-0.08496094,0.3857422,0.4541016,128.9063,-48.40625,18.125,0,0,0,0,0,0,180,96.02303,147.9987,180,0,180
619.0072,0.015625,1.432617,-0.2470703,-7.78125,115.7813,-35.34375,-0.08496094,0.3857422,0.4541016,128.9063,-48.40625,18.125,0,0,0,0,0,0,180,96.02303,147.9987,180,0,180
619.0387,0.07910156,1.199219,0.15625,5.59375,15.4375,-3.1875,-0.08496094,0.3857422,0.4541016,128.9063,-48.40625,18.125,0,0,0,0,0,0,180,96.02303,147.9987,180,0,180
619.0721,0.07910156,1.199219,0.15625,5.59375,15.4375,-3.1875,-0.08496094,0.3857422,0.4541016,128.9063,-48.40625,18.125,0,0,0,0,0,0,180,96.02303,147.9987,180,0,180
619.1053,0.07910156,1.199219,0.15625,5.59375,15.4375,-3.1875,-0.08496094,0.3857422,0.4541016,128.9063,-48.40625,18.125,0,0,0,0,0,0,180,96.02303,147.9987,180,0,180
619.1392,0.1738281,1.05957,0.1347656,-43.59375,3.53125,-12.46875,-0.08496094,0.3857422,0.4541016,128.9063,-48.40625,18.125,0,0,0,0,0,0,180,96.02303,147.9987,180,0,180
619.1721,0.1738281,1.05957,0.1347656,-43.59375,3.53125,-12.46875,-0.08496094,0.3857422,0.4541016,128.9063,-48.40625,18.125,0,0,0,0,0,0,180,96.02303,147.9987,180,0,180
619.2062,0.5380859,0.5361328,-0.5947266,-42.0625,-21.1875,-2.15625,-0.08496094,0.3857422,0.4541016,128.9063,-48.40625,18.125,0,0,0,0,0,0,180,96.02303,147.9987,180,0,180
619.2395,0.5380859,0.5361328,-0.5947266,-42.0625,-21.1875,-2.15625,-0.08496094,0.3857422,0.4541016,128.9063,-48.40625,18.125,0,0,0,0,0,0,180,96.02303,147.9987,180,0,180
619.2726,0.5380859,0.5361328,-0.5947266,-42.0625,-21.1875,-2.15625,-0.08496094,0.3857422,0.4541016,128.9063,-48.40625,18.125,0,0,0,0,0,0,180,96.02303,147.9987,180,0,180
619.3063,0.7128906,1.999023,0.05859375,-183.7813,135.7813,66.09375,-0.08496094,0.3857422,0.4541016,128.9063,-48.40625,18.125,0,0,0,0,0,0,180,96.02303,147.9987,180,0,180
619.3394,0.7128906,1.999023,0.05859375,-183.7813,135.7813,66.09375,-0.08496094,0.3857422,0.4541016,128.9063,-48.40625,18.125,0,0,0,0,0,0,180,96.02303,147.9987,180,0,180
619.3729,0.7128906,1.999023,0.05859375,-183.7813,135.7813,66.09375,-0.08496094,0.3857422,0.4541016,128.9063,-48.40625,18.125,0,0,0,0,0,0,180,96.02303,147.9987,180,0,180
619.4065,0.3574219,0.9335938,-0.1074219,21.71875,181.9375,-20.78125,-0.08496094,0.3857422,0.4541016,128.9063,-48.40625,18.125,0,0,0,0,0,0,180,96.02303,147.9987,180,0,180
619.4396,0.3574219,0.9335938,-0.1074219,21.71875,181.9375,-20.78125,-0.08496094,0.3857422,0.4541016,128.9063,-48.40625,18.125,0,0,0,0,0,0,180,96.02303,147.9987,180,0,180
619.473,-0.2128906,0.8466797,0.04980469,-10.34375,174.7188,-60.375,-0.08496094,0.3857422,0.4541016,128.9063,-48.40625,18.125,0,0,0,0,0,0,180,96.02303,147.9987,180,0,180
619.5064,-0.2128906,0.8466797,0.04980469,-10.34375,174.7188,-60.375,-0.08496094,0.3857422,0.4541016,128.9063,-48.40625,18.125,0,0,0,0,0,0,180,96.02303,147.9987,180,0,180
619.5398,-0.2128906,0.8466797,0.04980469,-10.34375,174.7188,-60.375,-0.08496094,0.3857422,0.4541016,128.9063,-48.40625,18.125,0,0,0,0,0,0,180,96.02303,147.9987,180,0,180
619.5729,-0.2128906,0.8466797,0.04980469,-10.34375,174.7188,-60.375,-0.08496094,0.3857422,0.4541016,128.9063,-48.40625,18.125,0,0,0,0,0,0,180,189.655,180,180,0,180
619.6064,-0.05859375,1.443359,0.3642578,-27.46875,77.75,-42.125,-0.08496094,0.3857422,0.4541016,128.9063,-48.40625,18.125,0,0,0,0,0,0,180,189.655,180,180,0,180
619.64,-0.05859375,1.443359,0.3642578,-27.46875,77.75,-42.125,-0.08496094,0.3857422,0.4541016,128.9063,-48.40625,18.125,0,0,0,0,0,0,180,189.655,180,180,0,180
619.6732,-0.05859375,1.443359,0.3642578,-27.46875,77.75,-42.125,-0.08496094,0.3857422,0.4541016,128.9063,-48.40625,18.125,0,0,0,0,0,0,180,189.655,180,180,0,180
619.7067,0.4140625,1.174805,-0.4794922,200.125,82.75,-15.875,-0.08496094,0.3857422,0.4541016,128.9063,-48.40625,18.125,0,0,0,0,0,0,180,189.655,180,180,0,180
619.7399,0.4140625,1.174805,-0.4794922,200.125,82.75,-15.875,-0.08496094,0.3857422,0.4541016,128.9063,-48.40625,18.125,0,0,0,0,0,0,180,189.655,180,180,0,180
619.773,-0.3212891,1.888672,0.01171875,149.3438,78.65625,-15.28125,-0.08496094,0.3857422,0.4541016,128.9063,-48.40625,18.125,0,0,0,0,0,0,180,189.655,180,180,0,180
619.8065,-0.3212891,1.888672,0.01171875,149.3438,78.65625,-15.28125,-0.08496094,0.3857422,0.4541016,128.9063,-48.40625,18.125,0,0,0,0,0,0,180,189.655,180,180,0,180
619.8404,-0.3212891,1.888672,0.01171875,149.3438,78.65625,-15.28125,-0.08496094,0.3857422,0.4541016,128.9063,-48.40625,18.125,0,0,0,0,0,0,180,189.655,180,180,0,180
619.8733,-0.08691406,0.4824219,-0.1552734,-57.875,-44.5,42.84375,-0.08496094,0.3857422,0.4541016,128.9063,-48.40625,18.125,0,0,0,0,0,0,180,189.655,180,180,0,180
619.907,-0.08691406,0.4824219,-0.1552734,-57.875,-44.5,42.84375,-0.08496094,0.3857422,0.4541016,128.9063,-48.40625,18.125,0,0,0,0,0,0,180,189.655,180,180,0,180
619.9405,-0.08691406,0.4824219,-0.1552734,-57.875,-44.5,42.84375,-0.08496094,0.3857422,0.4541016,128.9063,-48.40625,18.125,0,0,0,0,0,0,180,189.655,180,180,0,180
619.9734,0.05664063,0.8837891,0.002929688,-60.0625,-81.9375,27.625,-0.08496094,0.3857422,0.4541016,128.9063,-48.40625,18.125,0,0,0,0,0,0,180,189.655,180,180,0,180
620.0069,0.05664063,0.8837891,0.002929688,-60.0625,-81.9375,27.625,-0.08496094,0.3857422,0.4541016,128.9063,-48.40625,18.125,0,0,0,0,0,0,180,189.655,180,180,0,180
620.0404,0.05664063,0.8837891,0.002929688,-60.0625,-81.9375,27.625,-0.08496094,0.3857422,0.4541016,128.9063,-48.40625,18.125,0,0,0,0,0,0,180,189.655,180,180,0,180
620.0734,0.3154297,0.7578125,-0.5966797,-38.09375,-23.28125,74.375,-0.08496094,0.3857422,0.4541016,128.9063,-48.40625,18.125,0,0,0,0,0,0,180,189.655,180,180,0,180
620.1072,0.3154297,0.7578125,-0.5966797,-38.09375,-23.28125,74.375,-0.08496094,0.3857422,0.4541016,128.9063,-48.40625,18.125,0,0,0,0,0,0,180,189.655,180,180,0,180
620.1404,0.3154297,0.7578125,-0.5966797,-38.09375,-23.28125,74.375,-0.08496094,0.3857422,0.4541016,128.9063,-48.40625,18.125,0,0,0,0,0,0,180,189.655,180,180,0,180
620.1736,0.4130859,1.123047,0.009765625,99.90625,-2.6875,-19.375,-0.08496094,0.3857422,0.4541016,128.9063,-48.40625,18.125,0,0,0,0,0,0,180,189.655,180,180,0,180
620.2071,0.4130859,1.123047,0.009765625,99.90625,-2.6875,-19.375,-0.08496094,0.3857422,0.4541016,128.9063,-48.40625,18.125,0,0,0,0,0,0,180,189.655,180,180,0,180
620.2405,0.4130859,1.123047,0.009765625,99.90625,-2.6875,-19.375,-0.08496094,0.3857422,0.4541016,128.9063,-48.40625,18.125,0,0,0,0,0,0,180,189.655,180,180,0,180
620.2738,0.3056641,0.7119141,0.03613281,-1.53125,85.0625,-32.4375,-0.08496094,0.3857422,0.4541016,128.9063,-48.40625,18.125,0,0,0,0,0,0,180,189.655,180,180,0,180
620.3071,0.3056641,0.7119141,0.03613281,-1.53125,85.0625,-32.4375,-0.08496094,0.3857422,0.4541016,128.9063,-48.40625,18.125,0,0,0,0,0,0,180,189.655,180,180,0,180
620.3406,0.01269531,1.380859,0.3095703,-25.90625,75.375,-30.28125,-0.08496094,0.3857422,0.4541016,128.9063,-48.40625,18.125,0,0,0,0,0,0,180,189.655,180,180,0,180
620.3735,0.01269531,1.380859,0.3095703,-25.90625,75.375,-30.28125,-0.08496094,0.3857422,0.4541016,128.9063,-48.40625,18.125,0,0,0,0,0,0,180,189.655,180,180,0,180
620.4073,0.01269531,1.380859,0.3095703,-25.90625,75.375,-30.28125,-0.08496094,0.3857422,0.4541016,128.9063,-48.40625,18.125,0,0,0,0,0,0,180,189.655,180,180,0,180
620.441,0.07714844,0.6533203,-0.6513672,-64.96875,41.71875,-19.4375,-0.08496094,0.3857422,0.4541016,128.9063,-48.40625,18.125,0,0,0,0,0,0,180,189.655,180,180,0,180
620.4739,0.07714844,0.6533203,-0.6513672,-64.96875,41.71875,-19.4375,-0.08496094,0.3857422,0.4541016,128.9063,-48.40625,18.125,0,0,0,0,0,0,180,189.655,180,180,0,180
620.5079,0.07714844,0.6533203,-0.6513672,-64.96875,41.71875,-19.4375,-0.08496094,0.3857422,0.4541016,128.9063,-48.40625,18.125,0,0,0,0,0,0,180,189.655,180,180,0,180
620.5408,0.07714844,0.6533203,-0.6513672,-64.96875,41.71875,-19.4375,-0.08496094,0.3857422,0.4541016,128.9063,-48.40625,18.125,0,0,0,0,0,0,180,189.655,180,180,0,180
620.5739,-0.1191406,1.057617,0.1445313,-99.9375,9.8125,-11.4375,-0.08496094,0.3857422,0.4541016,128.9063,-48.40625,18.125,0,0,0,0,0,0,180,189.655,180,180,0,180
620.6076,-0.1191406,1.057617,0.1445313,-99.9375,9.8125,-11.4375,-0.08496094,0.3857422,0.4541016,128.9063,-48.40625,18.125,0,0,0,0,0,0,180,189.655,180,180,0,180
620.6411,0.0078125,0.7548828,0.08007813,-42.0625,-35,4.375,-0.08496094,0.3857422,0.4541016,128.9063,-48.40625,18.125,0,0,0,0,0,0,180,189.655,180,180,0,180
620.6741,0.0078125,0.7548828,0.08007813,-42.0625,-35,4.375,-0.2822266,0.1582031,-1.025391,-148.4375,46.6875,-21.375,0,0,0,0,0,0,180,189.655,180,180,0,180
620.7077,0.0078125,0.7548828,0.08007813,-42.0625,-35,4.375,-0.2822266,0.1582031,-1.025391,-148.4375,46.6875,-21.375,0,0,0,0,0,0,180,189.655,180,180,0,180
620.7411,0.2587891,1.360352,0.08496094,-31.4375,-30.78125,1.09375,-0.2822266,0.1582031,-1.025391,-148.4375,46.6875,-21.375,0,0,0,0,0,0,180,189.655,180,180,0,180
620.7749,0.2587891,1.360352,0.08496094,-31.4375,-30.78125,1.09375,-0.2822266,0.1582031,-1.025391,-148.4375,46.6875,-21.375,0,0,0,0,0,0,180,189.655,180,180,0,180
620.8086,0.2587891,1.360352,0.08496094,-31.4375,-30.78125,1.09375,-0.2822266,0.1582031,-1.025391,-148.4375,46.6875,-21.375,0,0,0,0,0,0,180,189.655,180,180,0,180
620.8424,0.1582031,0.8994141,-0.05664063,1.03125,-0.8125,8.96875,-0.2822266,0.1582031,-1.025391,-148.4375,46.6875,-21.375,0,0,0,0,0,0,180,189.655,180,180,0,180
620.8759,0.1582031,0.8994141,-0.05664063,1.03125,-0.8125,8.96875,-0.2822266,0.1582031,-1.025391,-148.4375,46.6875,-21.375,0,0,0,0,0,0,180,189.655,180,180,0,180
620.9093,0.4521484,1.551758,0.09179688,-202.2813,33.0625,24.09375,-0.2822266,0.1582031,-1.025391,-148.4375,46.6875,-21.375,0,0,0,0,0,0,180,189.655,180,180,0,180
620.9427,0.4521484,1.551758,0.09179688,-202.2813,33.0625,24.09375,-0.2822266,0.1582031,-1.025391,-148.4375,46.6875,-21.375,0,0,0,0,0,0,180,189.655,180,180,0,180
620.9764,0.4521484,1.551758,0.09179688,-202.2813,33.0625,24.09375,-0.2822266,0.1582031,-1.025391,-148.4375,46.6875,-21.375,0,0,0,0,0,0,180,189.655,180,180,0,180
621.0096,0.4521484,1.551758,0.09179688,-202.2813,33.0625,24.09375,-0.2822266,0.1582031,-1.025391,-148.4375,46.6875,-21.375,0,0,0,0,0,0,180,189.655,180,180,0,180
621.0427,0.2099609,0.9638672,0.1630859,-11.96875,-2.75,8.53125,-0.2822266,0.1582031,-1.025391,-148.4375,46.6875,-21.375,0,0,0,0,0,0,180,189.655,180,180,0,180
621.076,0.2099609,0.9638672,0.1630859,-11.96875,-2.75,8.53125,-0.2822266,0.1582031,-1.025391,-148.4375,46.6875,-21.375,0,0,0,0,0,0,180,189.655,180,180,0,180
621.1094,0.2099609,0.9638672,0.1630859,-11.96875,-2.75,8.53125,-0.2822266,0.1582031,-1.025391,-148.4375,46.6875,-21.375,0,0,0,0,0,0,180,189.655,180,180,0,180
621.1428,0.2099609,0.9638672,0.1630859,-11.96875,-2.75,8.53125,-0.2822266,0.1582031,-1.025391,-148.4375,46.6875,-21.375,0,0,0,0,0,0,180,189.655,180,180,0,180
621.1758,0.1142578,0.8095703,-0.06835938,-13.875,66.28125,13.96875,-0.2822266,0.1582031,-1.025391,-148.4375,46.6875,-21.375,0,0,0,0,0,0,180,189.655,180,180,0,180
621.2096,0.6796875,1.999023,0.3623047,164.0625,30.0625,-36.46875,-0.2822266,0.1582031,-1.025391,-148.4375,46.6875,-21.375,0,0,0,0,0,0,180,189.655,180,180,0,180
621.243,0.6796875,1.999023,0.3623047,164.0625,30.0625,-36.46875,-0.2822266,0.1582031,-1.025391,-148.4375,46.6875,-21.375,0,0,0,0,0,0,180,189.655,180,180,0,180
621.2761,0.6796875,1.999023,0.3623047,164.0625,30.0625,-36.46875,-0.2822266,0.1582031,-1.025391,-148.4375,46.6875,-21.375,0,0,0,0,0,0,180,189.655,180,180,0,180
621.3095,0.1425781,1.126953,0.3798828,-40.53125,46.4375,10.78125,-0.2822266,0.1582031,-1.025391,-148.4375,46.6875,-21.375,0,0,0,0,0,0,180,189.655,180,180,0,180
621.3427,0.1425781,1.126953,0.3798828,-40.53125,46.4375,10.78125,-0.2822266,0.1582031,-1.025391,-148.4375,46.6875,-21.375,0,0,0,0,0,0,180,189.655,180,180,0,180
621.3759,0.1425781,1.126953,0.3798828,-40.53125,46.4375,10.78125,-0.2822266,0.1582031,-1.025391,-148.4375,46.6875,-21.375,0,0,0,0,0,0,180,189.655,180,180,0,180
621.4097,-0.05664063,0.6259766,0.01367188,10,10.1875,11.71875,-0.2822266,0.1582031,-1.025391,-148.4375,46.6875,-21.375,0,0,0,0,0,0,145.8135,242.4024,173.3784,180,0,180
621.4438,-0.05664063,0.6259766,0.01367188,10,10.1875,11.71875,-0.2822266,0.1582031,-1.025391,-148.4375,46.6875,-21.375,0,0,0,0,0,0,145.8135,242.4024,173.3784,180,0,180
621.4763,-0.05664063,0.6259766,0.01367188,10,10.1875,11.71875,-0.2822266,0.1582031,-1.025391,-148.4375,46.6875,-21.375,0,0,0,0,0,0,145.8135,242.4024,173.3784,180,0,180
621.51,0.6201172,1.203125,0.08789063,-12.96875,6.5,-6.1875,-0.2822266,0.1582031,-1.025391,-148.4375,46.6875,-21.375,0,0,0,0,0,0,145.8135,242.4024,173.3784,180,0,180
621.5433,0.6201172,1.203125,0.08789063,-12.96875,6.5,-6.1875,-0.2822266,0.1582031,-1.025391,-148.4375,46.6875,-21.375,0,0,0,0,0,0,145.8135,242.4024,173.3784,180,0,180
621.5765,0.6201172,1.203125,0.08789063,-12.96875,6.5,-6.1875,-0.2822266,0.1582031,-1.025391,-148.4375,46.6875,-21.375,0,0,0,0,0,0,136.6333,229.8659,143.0299,180,0,180
621.6101,0.6201172,1.203125,0.08789063,-12.96875,6.5,-6.1875,-0.2822266,0.1582031,-1.025391,-148.4375,46.6875,-21.375,0,0,0,0,0,0,136.6333,229.8659,143.0299,180,0,180
621.6436,0.1679688,1.370117,0.1875,-10.5625,29.84375,22.1875,-0.2822266,0.1582031,-1.025391,-148.4375,46.6875,-21.375,0,0,0,0,0,0,136.6333,229.8659,143.0299,180,0,180
621.6765,0.1679688,1.370117,0.1875,-10.5625,29.84375,22.1875,-0.2822266,0.1582031,-1.025391,-148.4375,46.6875,-21.375,0,0,0,0,0,0,136.6333,229.8659,143.0299,180,0,180
621.71,0.1679688,1.370117,0.1875,-10.5625,29.84375,22.1875,-0.2822266,0.1582031,-1.025391,-148.4375,46.6875,-21.375,0,0,0,0,0,0,136.6333,229.8659,143.0299,180,0,180
621.7435,0.1611328,0.8935547,0.1816406,-11.125,3.78125,-4.09375,-0.2822266,0.1582031,-1.025391,-148.4375,46.6875,-21.375,0,0,0,0,0,0,136.6333,229.8659,143.0299,180,0,180
621.7768,0.4257813,1.077148,0.1474609,33.3125,47.96875,-1.65625,-0.2822266,0.1582031,-1.025391,-148.4375,46.6875,-21.375,0,0,0,0,0,0,136.6333,229.8659,143.0299,180,0,180
621.8105,0.4257813,1.077148,0.1474609,33.3125,47.96875,-1.65625,-0.2822266,0.1582031,-1.025391,-148.4375,46.6875,-21.375,0,0,0,0,0,0,136.6333,229.8659,143.0299,180,0,180
621.8439,0.4257813,1.077148,0.1474609,33.3125,47.96875,-1.65625,-0.2822266,0.1582031,-1.025391,-148.4375,46.6875,-21.375,0,0,0,0,0,0,136.6333,229.8659,143.0299,180,0,180
621.8768,-0.08105469,0.6728516,-0.3935547,1.03125,98.8125,-3.25,-0.2822266,0.1582031,-1.025391,-148.4375,46.6875,-21.375,0,0,0,0,0,0,136.6333,229.8659,143.0299,180,0,180
621.9105,-0.08105469,0.6728516,-0.3935547,1.03125,98.8125,-3.25,-0.2822266,0.1582031,-1.025391,-148.4375,46.6875,-21.375,0,0,0,0,0,0,136.6333,229.8659,143.0299,180,0,180
621.9445,-0.08105469,0.6728516,-0.3935547,1.03125,98.8125,-3.25,-0.2822266,0.1582031,-1.025391,-148.4375,46.6875,-21.375,0,0,0,0,0,0,136.6333,229.8659,143.0299,180,0,180
621.9772,-0.08105469,0.6728516,-0.3935547,1.03125,98.8125,-3.25,-0.2822266,0.1582031,-1.025391,-148.4375,46.6875,-21.375,0,0,0,0,0,0,136.6333,229.8659,143.0299,180,0,180
622.0106,0.4707031,1.197266,-0.05371094,-99.1875,85.75,-50.0625,-0.2822266,0.1582031,-1.025391,-148.4375,46.6875,-21.375,0,0,0,0,0,0,136.6333,229.8659,143.0299,180,0,180
622.0444,0.4707031,1.197266,-0.05371094,-99.1875,85.75,-50.0625,-0.2822266,0.1582031,-1.025391,-148.4375,46.6875,-21.375,0,0,0,0,0,0,136.6333,229.8659,143.0299,180,0,180
622.0775,-0.2421875,1.253906,0.08398438,-13.125,102.6563,-26.5,-0.2822266,0.1582031,-1.025391,-148.4375,46.6875,-21.375,0,0,0,0,0,0,136.6333,229.8659,143.0299,180,0,180
622.1107,-0.2421875,1.253906,0.08398438,-13.125,102.6563,-26.5,-0.2822266,0.1582031,-1.025391,-148.4375,46.6875,-21.375,0,0,0,0,0,0,136.6333,229.8659,143.0299,180,0,180
622.1445,-0.2421875,1.253906,0.08398438,-13.125,102.6563,-26.5,0.4189453,1.017578,-0.046875,99.90625,33.375,68.84375,0,0,0,0,0,0,147.0715,183.7328,145.6157,180,0,180
622.1777,-0.2421875,1.253906,0.08398438,-13.125,102.6563,-26.5,0.4189453,1.017578,-0.046875,99.90625,33.375,68.84375,0,0,0,0,0,0,147.0715,183.7328,145.6157,180,0,180
622.2111,0.1601563,0.3818359,-0.2226563,17.1875,65.34375,17.3125,0.4189453,1.017578,-0.046875,99.90625,33.375,68.84375,0,0,0,0,0,0,147.0715,183.7328,145.6157,180,0,180
622.2451,0.1601563,0.3818359,-0.2226563,17.1875,65.34375,17.3125,0.4189453,1.017578,-0.046875,99.90625,33.375,68.84375,0,0,0,0,0,0,147.0715,183.7328,145.6157,180,0,180
622.2783,0.1601563,0.3818359,-0.2226563,17.1875,65.34375,17.3125,-0.1289063,1.289063,0.4814453,126.375,-170.0625,48.75,0,0,0,0,0,0,147.0715,183.7328,145.6157,180,0,180
622.3116,0.1699219,1.083984,-0.1738281,49.78125,126.375,0.34375,-0.1289063,1.289063,0.4814453,126.375,-170.0625,48.75,0,0,0,0,0,0,171.7086,120.9695,160.7744,180,0,180
622.3452,0.1699219,1.083984,-0.1738281,49.78125,126.375,0.34375,-0.1289063,1.289063,0.4814453,126.375,-170.0625,48.75,0,0,0,0,0,0,171.7086,120.9695,160.7744,180,0,180
622.3783,0.2363281,0.8681641,-0.2509766,83.78125,181.625,9.3125,-0.1289063,1.289063,0.4814453,126.375,-170.0625,48.75,0,0,0,0,0,0,171.7086,120.9695,160.7744,180,0,180
622.4114,0.2363281,0.8681641,-0.2509766,83.78125,181.625,9.3125,-0.1289063,1.289063,0.4814453,126.375,-170.0625,48.75,0,0,0,0,0,0,171.7086,120.9695,160.7744,180,0,180
622.4458,0.2363281,0.8681641,-0.2509766,83.78125,181.625,9.3125,-0.1289063,1.289063,0.4814453,126.375,-170.0625,48.75,0,0,0,0,0,0,171.7086,120.9695,160.7744,180,0,180
622.4781,-0.1357422,1.929688,-0.4160156,93.375,159.9688,-24.5625,-0.1289063,1.289063,0.4814453,126.375,-170.0625,48.75,0,0,0,0,0,0,171.7086,120.9695,160.7744,180,0,180
622.5117,-0.1357422,1.929688,-0.4160156,93.375,159.9688,-24.5625,-0.1289063,1.289063,0.4814453,126.375,-170.0625,48.75,0,0,0,0,0,0,171.7086,120.9695,160.7744,180,0,180
622.5454,-0.1357422,1.929688,-0.4160156,93.375,159.9688,-24.5625,-0.1289063,1.289063,0.4814453,126.375,-170.0625,48.75,0,0,0,0,0,0,171.7086,120.9695,160.7744,180,0,180
622.5783,-0.1357422,1.929688,-0.4160156,93.375,159.9688,-24.5625,-0.1289063,1.289063,0.4814453,126.375,-170.0625,48.75,0,0,0,0,0,0,171.7086,120.9695,160.7744,180,0,180
622.6115,-0.1357422,1.929688,-0.4160156,93.375,159.9688,-24.5625,-0.1289063,1.289063,0.4814453,126.375,-170.0625,48.75,0,0,0,0,0,0,171.7086,120.9695,160.7744,180,0,180
622.6459,0.3896484,1.144531,-0.5087891,82.03125,93.125,-34.4375,-0.1289063,1.289063,0.4814453,126.375,-170.0625,48.75,0,0,0,0,0,0,171.7086,120.9695,160.7744,180,0,180
622.6785,0.3896484,1.144531,-0.5087891,82.03125,93.125,-34.4375,-0.1289063,1.289063,0.4814453,126.375,-170.0625,48.75,0,0,0,0,0,0,171.7086,120.9695,160.7744,180,0,180
622.7115,0.008789063,0.9951172,-0.5400391,39.84375,119,-30.15625,-0.1289063,1.289063,0.4814453,126.375,-170.0625,48.75,0,0,0,0,0,0,171.7086,120.9695,160.7744,180,0,180
622.7455,0.008789063,0.9951172,-0.5400391,39.84375,119,-30.15625,-0.1289063,1.289063,0.4814453,126.375,-170.0625,48.75,0,0,0,0,0,0,171.7086,120.9695,160.7744,180,0,180
622.7783,0.008789063,0.9951172,-0.5400391,39.84375,119,-30.15625,-0.1289063,1.289063,0.4814453,126.375,-170.0625,48.75,0,0,0,0,0,0,171.7086,120.9695,160.7744,180,0,180
622.8123,0.1035156,1.103516,-0.5341797,23.96875,75.5,-54.6875,-0.1289063,1.289063,0.4814453,126.375,-170.0625,48.75,0,0,0,0,0,0,171.7086,120.9695,160.7744,180,0,180
622.8453,0.1035156,1.103516,-0.5341797,23.96875,75.5,-54.6875,-0.1289063,1.289063,0.4814453,126.375,-170.0625,48.75,0,0,0,0,0,0,171.7086,120.9695,160.7744,180,0,180
622.8784,0.05273438,1.132813,-0.6533203,18.125,64.5,-41.53125,-0.1289063,1.289063,0.4814453,126.375,-170.0625,48.75,0,0,0,0,0,0,171.7086,120.9695,160.7744,180,0,180
622.9115,0.05273438,1.132813,-0.6533203,18.125,64.5,-41.53125,-0.1289063,1.289063,0.4814453,126.375,-170.0625,48.75,0,0,0,0,0,0,171.7086,120.9695,160.7744,180,0,180
622.9454,-0.02636719,1.006836,-0.4326172,4.4375,64.5,-35.28125,-0.1289063,1.289063,0.4814453,126.375,-170.0625,48.75,0,0,0,0,0,0,171.7086,120.9695,160.7744,180,0,180
622.9786,-0.02636719,1.006836,-0.4326172,4.4375,64.5,-35.28125,-0.1289063,1.289063,0.4814453,126.375,-170.0625,48.75,0,0,0,0,0,0,171.7086,120.9695,160.7744,180,0,180
622.9808,-0.02636719,1.006836,-0.4326172,4.4375,64.5,-35.28125,-0.1289063,1.289063,0.4814453,126.375,-170.0625,48.75,0,0,0,0,0,0,171.7086,120.9695,160.7744,180,0,180
623.0129,-0.02636719,1.006836,-0.4326172,4.4375,64.5,-35.28125,-0.1289063,1.289063,0.4814453,126.375,-170.0625,48.75,0,0,0,0,0,0,171.7086,120.9695,160.7744,180,0,180
623.0455,-0.02636719,1.006836,-0.4326172,4.4375,64.5,-35.28125,-0.1289063,1.289063,0.4814453,126.375,-170.0625,48.75,0,0,0,0,0,0,171.7086,120.9695,160.7744,180,0,180
623.0789,0.03125,0.8642578,-0.3486328,-31.4375,55.71875,-26.875,-0.1289063,1.289063,0.4814453,126.375,-170.0625,48.75,0,0,0,0,0,0,171.7086,120.9695,160.7744,180,0,180
623.1127,0.03125,0.8642578,-0.3486328,-31.4375,55.71875,-26.875,-0.1289063,1.289063,0.4814453,126.375,-170.0625,48.75,0,0,0,0,0,0,171.7086,120.9695,160.7744,180,0,180
623.1451,0.03125,0.8642578,-0.3486328,-31.4375,55.71875,-26.875,0.8613281,1.999023,-0.1923828,-308.6563,-69,-164.375,0,0,0,0,0,0,171.7086,120.9695,160.7744,180,0,180
623.1789,0.03125,0.8642578,-0.3486328,-31.4375,55.71875,-26.875,0.8613281,1.999023,-0.1923828,-308.6563,-69,-164.375,0,0,0,0,0,0,146.32,209.1438,105.576,180,0,180
623.213,0.1923828,0.9902344,-0.4169922,-79.1875,39.09375,-22.40625,0.8613281,1.999023,-0.1923828,-308.6563,-69,-164.375,0,0,0,0,0,0,146.32,209.1438,105.576,180,0,180
623.2455,0.1923828,0.9902344,-0.4169922,-79.1875,39.09375,-22.40625,0.8613281,1.999023,-0.1923828,-308.6563,-69,-164.375,0,0,0,0,0,0,146.32,209.1438,105.576,180,0,180
623.279,0.3730469,1.661133,-0.2949219,-74.28125,18.46875,-14.96875,0.8613281,1.999023,-0.1923828,-308.6563,-69,-164.375,0,0,0,0,0,0,146.32,209.1438,105.576,180,0,180
623.3132,0.3730469,1.661133,-0.2949219,-74.28125,18.46875,-14.96875,0.8613281,1.999023,-0.1923828,-308.6563,-69,-164.375,0,0,0,0,0,0,146.32,209.1438,105.576,180,0,180
623.3604,0.3730469,1.661133,-0.2949219,-74.28125,18.46875,-14.96875,0.8613281,1.999023,-0.1923828,-308.6563,-69,-164.375,0,0,0,0,0,0,146.32,209.1438,105.576,180,0,180
623.394,0.1533203,0.8476563,0.01855469,-90.40625,2.5,-10.625,0.8613281,1.999023,-0.1923828,-308.6563,-69,-164.375,0,0,0,0,0,0,146.32,209.1438,105.576,180,0,180
623.4277,0.1533203,0.8476563,0.01855469,-90.40625,2.5,-10.625,0.8613281,1.999023,-0.1923828,-308.6563,-69,-164.375,0,0,0,0,0,0,146.32,209.1438,105.576,180,0,180
623.4607,0.09667969,0.9453125,0.1210938,-117.9375,23.3125,-18.3125,0.8613281,1.999023,-0.1923828,-308.6563,-69,-164.375,0,0,0,0,0,0,146.32,209.1438,105.576,180,0,180
623.494,0.09667969,0.9453125,0.1210938,-117.9375,23.3125,-18.3125,0.8613281,1.999023,-0.1923828,-308.6563,-69,-164.375,0,0,0,0,0,0,146.32,209.1438,105.576,180,0,180
623.5278,0.09667969,0.9453125,0.1210938,-117.9375,23.3125,-18.3125,0.8613281,1.999023,-0.1923828,-308.6563,-69,-164.375,0,0,0,0,0,0,146.32,209.1438,105.576,180,0,180
623.5607,0.09667969,0.9453125,0.1210938,-117.9375,23.3125,-18.3125,-1.319336,1.459961,0.5566406,-139.7188,206.4063,-61,0,0,0,0,0,0,146.32,209.1438,105.576,180,0,180
623.594,0.02636719,1.064453,0.1767578,-67.09375,12.0625,-23.5,-1.319336,1.459961,0.5566406,-139.7188,206.4063,-61,0,0,0,0,0,0,146.32,209.1438,105.576,180,0,180
623.6274,0.02636719,1.064453,0.1767578,-67.09375,12.0625,-23.5,-1.319336,1.459961,0.5566406,-139.7188,206.4063,-61,0,0,0,0,0,0,146.32,209.1438,105.576,180,0,180
623.6603,0.02636719,1.064453,0.1767578,-67.09375,12.0625,-23.5,-1.319336,1.459961,0.5566406,-139.7188,206.4063,-61,0,0,0,0,0,0,146.32,209.1438,105.576,180,0,180
623.6937,0.03515625,0.8789063,0.4248047,-44.28125,6.34375,-7.78125,-1.319336,1.459961,0.5566406,-139.7188,206.4063,-61,0,0,0,0,0,0,146.32,209.1438,105.576,180,0,180
623.7278,-0.07324219,1.036133,0.4707031,-18.09375,4.375,-2.21875,-1.319336,1.459961,0.5566406,-139.7188,206.4063,-61,0,0,0,0,0,0,146.32,209.1438,105.576,180,0,180
623.7607,-0.07324219,1.036133,0.4707031,-18.09375,4.375,-2.21875,-1.319336,1.459961,0.5566406,-139.7188,206.4063,-61,0,0,0,0,0,0,146.32,209.1438,105.576,180,0,180
623.794,-0.07324219,1.036133,0.4707031,-18.09375,4.375,-2.21875,-1.319336,1.459961,0.5566406,-139.7188,206.4063,-61,0,0,0,0,0,0,146.32,209.1438,105.576,180,0,180
